#lavastorm, id: 202, zoneidnumber: 27
#legacylavastorm, id: 500, zoneidnumber: 500

INSERT INTO `zone` (`short_name`, `id`, `file_name`, `long_name`, `map_file_name`, `safe_x`, `safe_y`, `safe_z`, `graveyard_id`, `min_level`, `min_status`, `zoneidnumber`, `version`, `timezone`, `maxclients`, `ruleset`, `note`, `underworld`, `minclip`, `maxclip`, `fog_minclip`, `fog_maxclip`, `fog_blue`, `fog_red`, `fog_green`, `sky`, `ztype`, `zone_exp_multiplier`, `walkspeed`, `time_type`, `fog_red1`, `fog_green1`, `fog_blue1`, `fog_minclip1`, `fog_maxclip1`, `fog_red2`, `fog_green2`, `fog_blue2`, `fog_minclip2`, `fog_maxclip2`, `fog_red3`, `fog_green3`, `fog_blue3`, `fog_minclip3`, `fog_maxclip3`, `fog_red4`, `fog_green4`, `fog_blue4`, `fog_minclip4`, `fog_maxclip4`, `fog_density`, `flag_needed`, `canbind`, `cancombat`, `canlevitate`, `castoutdoor`, `hotzone`, `insttype`, `shutdowndelay`, `peqzone`, `expansion`, `suspendbuffs`, `rain_chance1`, `rain_chance2`, `rain_chance3`, `rain_chance4`, `rain_duration1`, `rain_duration2`, `rain_duration3`, `rain_duration4`, `snow_chance1`, `snow_chance2`, `snow_chance3`, `snow_chance4`, `snow_duration1`, `snow_duration2`, `snow_duration3`, `snow_duration4`, `gravity`, `type`, `skylock`)
VALUES
	('legacylavastorm', 500, '', 'The Lavastorm Mountains', NULL, 154, -1833, -15, 0, 0, 0, 27, 0, 0, 0, 0, '', -368, 600, 1400, 10, 800, 10, 255, 50, 1, 255, 0.75, 0.4, 1, 255, 50, 10, 10, 800, 255, 10, 10, 10, 800, 255, 10, 10, 10, 800, 255, 10, 10, 10, 800, 0.33, '', 1, 1, 1, 1, 0, 0, 518400000, 1, 1, 0, 5, 5, 0, 0, 0, 0, 0, 0, 0, 0, 0, 0, 0, 0, 0, 0, 0.4, 0, 0);


#id is just auto increment
INSERT INTO `zone_points` (`id`, `zone`, `version`, `number`, `y`, `x`, `z`, `heading`, `target_y`, `target_x`, `target_z`, `target_heading`, `zoneinst`, `target_zone_id`, `target_instance`, `buffer`, `client_version_mask`)
VALUES
	(2368, 'legacylavastorm', 0, 31, 798, 223, 129, 0, -443, -525, 73.72, 256, 0, 31, 0, 0, 4294967295),
	(2369, 'legacylavastorm', 0, 25, -2117.83, -194.11, -16.45, 0, 3107, 289, -17, 256, 0, 25, 0, 0, 4294967295),
	(2370, 'legacylavastorm', 0, 1, -937.4, -1063, 16, 0, -15, 866, 5, 384, 0, 44, 0, 0, 4294967295),
	(2371, 'legacylavastorm', 0, 32, 915, 483, 54, 0, -413, -265, -112, 256, 0, 32, 0, 0, 4294967295),
	(2372, 'legacylavastorm', 0, 2, 1353, 331, 146, 0, 250, 56, 3, 0, 0, 80, 0, 0, 4294967295);

#id is just auto increment
INSERT INTO `doors` (`id`, `doorid`, `zone`, `version`, `name`, `pos_y`, `pos_x`, `pos_z`, `heading`, `opentype`, `guild`, `lockpick`, `keyitem`, `nokeyring`, `triggerdoor`, `triggertype`, `disable_timer`, `doorisopen`, `door_param`, `dest_zone`, `dest_instance`, `dest_x`, `dest_y`, `dest_z`, `dest_heading`, `invert_state`, `incline`, `size`, `buffer`, `client_version_mask`, `is_ldon_door`)
VALUES
	(37009, 2, 'legacylavastorm', 0, 'SOLPLUG', 1365, 331, 122, 0, 58, 0, 0, 0, 0, 0, 0, 0, 0, 0, 'NONE', 0, 0, 0, 0, 0, 0, 0, 100, 0, 4294967295, 0),
	(37010, 3, 'legacylavastorm', 0, 'SOLPLUG', 1370, 331, 145.1, 0, 58, 0, 0, 0, 0, 0, 0, 0, 0, 0, 'soltemple', 0, 56, 250, 3, 0, 0, 0, 100, 0, 4294967295, 0),
	(37011, 4, 'legacylavastorm', 0, 'SOLPLUG', 908, 484, 15.4, 0, 58, 0, 0, 0, 0, 0, 0, 0, 0, 0, 'NONE', 0, 0, 0, 0, 0, 0, 0, 100, 0, 4294967295, 0);

#no fishing

# id just auto increment
INSERT INTO `forage` (`id`, `zoneid`, `Itemid`, `level`, `chance`)
VALUES
	(792, 500, 14927, 0, 100);

INSERT INTO `grid` (`id`, `zoneid`, `type`, `type2`)
VALUES
	(1, 500, 0, 1),
	(2, 500, 0, 1),
	(3, 500, 0, 1),
	(4, 500, 0, 1),
	(5, 500, 0, 1),
	(6, 500, 0, 1),
	(7, 500, 0, 1),
	(8, 500, 0, 1),
	(9, 500, 0, 1),
	(10, 500, 0, 1),
	(11, 500, 0, 1),
	(12, 500, 0, 1),
	(13, 500, 0, 1),
	(14, 500, 0, 1),
	(15, 500, 0, 1),
	(16, 500, 0, 1),
	(17, 500, 0, 1),
	(18, 500, 0, 1),
	(19, 500, 0, 1),
	(20, 500, 0, 1),
	(21, 500, 0, 1),
	(22, 500, 0, 1),
	(23, 500, 0, 1),
	(24, 500, 0, 1),
	(25, 500, 0, 1),
	(27, 500, 0, 1),
	(28, 500, 0, 1),
	(29, 500, 0, 1),
	(30, 500, 0, 1),
	(31, 500, 0, 1),
	(32, 500, 0, 1),
	(33, 500, 0, 1),
	(34, 500, 0, 1),
	(35, 500, 0, 1),
	(36, 500, 0, 1),
	(37, 500, 0, 1),
	(38, 500, 0, 1),
	(39, 500, 0, 1),
	(40, 500, 0, 1),
	(41, 500, 0, 1),
	(42, 500, 0, 1),
	(43, 500, 0, 1),
	(44, 500, 0, 1),
	(45, 500, 0, 1),
	(46, 500, 0, 1),
	(47, 500, 0, 1),
	(48, 500, 0, 1),
	(49, 500, 0, 1),
	(50, 500, 0, 1),
	(51, 500, 0, 1),
	(52, 500, 0, 1),
	(53, 500, 0, 1),
	(54, 500, 0, 1),
	(55, 500, 0, 1),
	(56, 500, 0, 1),
	(57, 500, 0, 1),
	(58, 500, 0, 1),
	(59, 500, 0, 1),
	(60, 500, 0, 1),
	(61, 500, 0, 1),
	(62, 500, 0, 1),
	(63, 500, 0, 1),
	(64, 500, 0, 1),
	(65, 500, 0, 1),
	(66, 500, 0, 1),
	(67, 500, 0, 1),
	(68, 500, 0, 1),
	(69, 500, 0, 1),
	(70, 500, 0, 1),
	(71, 500, 0, 1),
	(72, 500, 0, 1),
	(73, 500, 0, 1),
	(74, 500, 0, 1),
	(75, 500, 0, 1),
	(76, 500, 0, 1),
	(77, 500, 0, 1),
	(78, 500, 0, 1),
	(79, 500, 0, 1),
	(80, 500, 0, 0),
	(81, 500, 0, 0),
	(82, 500, 4, 1),
	(83, 500, 0, 1),
	(84, 500, 4, 0),
	(85, 500, 3, 0);


INSERT INTO `grid_entries` (`gridid`, `zoneid`, `number`, `x`, `y`, `z`, `heading`, `pause`)
VALUES
	(1, 500, 1, 1032.09, -34.3521, 50.2034, -1, 25),
	(1, 500, 2, 1004.84, -97.7957, -13.6716, -1, 0),
	(1, 500, 3, 962.094, -197.413, 87.1304, -1, 0),
	(1, 500, 4, 934.732, -261.18, 26.3081, -1, 45),
	(1, 500, 5, 958.589, -295.075, 1.60925, -1, 0),
	(1, 500, 6, 1012.62, -371.841, 12.4983, -1, 0),
	(1, 500, 7, 1063.49, -444.204, 131.914, -1, 0),
	(1, 500, 8, 1112.24, -497.965, 28.2843, -1, 0),
	(1, 500, 9, 1168.01, -544.591, -19.4404, -1, 0),
	(1, 500, 10, 1229.66, -578.147, -6.18971, -1, 0),
	(1, 500, 11, 1247.68, -597.088, 37.1802, -1, 0),
	(1, 500, 12, 1269.16, -619.689, 51.1734, -1, 45),
	(1, 500, 13, 1245.7, -691.56, -17.5291, -1, 0),
	(1, 500, 14, 1231.96, -740.677, -7.31659, -1, 0),
	(1, 500, 15, 1217.05, -794.232, 36.7973, -1, 0),
	(1, 500, 16, 1165.2, -813.475, 46.6305, -1, 0),
	(1, 500, 17, 1150.35, -860.214, 28.0056, -1, 45),
	(1, 500, 18, 1150.35, -860.214, 28.0056, -1, 0),
	(1, 500, 19, 1097.27, -866.286, 49.3606, -1, 0),
	(1, 500, 20, 1041.43, -867.633, 99.5868, -1, 0),
	(1, 500, 21, 911.23, -862.478, 44.546, -1, 0),
	(1, 500, 22, 855.59, -852.1, 80.5373, -1, 45),
	(1, 500, 23, 837.097, -798.589, 9.10105, -1, 0),
	(1, 500, 24, 765.767, -742.912, 20.1286, -1, 0),
	(1, 500, 25, 709.551, -699.034, 79.8109, -1, 0),
	(1, 500, 26, 654.068, -655.721, 16.7827, -1, 0),
	(1, 500, 27, 582.542, -599.926, 19.4332, -1, 0),
	(1, 500, 28, 485.437, -524.125, 97.0984, -1, 0),
	(1, 500, 29, 416.854, -470.595, 22.2438, -1, 0),
	(1, 500, 30, 373.043, -436.405, 32.5374, -1, 0),
	(1, 500, 31, 325.411, -399.233, 9.55401, -1, 0),
	(1, 500, 32, 260.682, -348.713, 15.3702, -1, 45),
	(1, 500, 33, 266.361, -297.309, -5.28919, -1, 0),
	(1, 500, 34, 286.418, -116.062, 30.3906, -1, 0),
	(1, 500, 35, 287.092, -106.923, 35.9061, -1, 0),
	(1, 500, 36, 289.247, -77.5757, 30.7047, -1, 0),
	(1, 500, 37, 289.919, -68.3776, 18.8177, -1, 0),
	(1, 500, 38, 294.898, -0.509895, -3.433, -1, 45),
	(1, 500, 39, 363.432, -2.68269, 0.763631, -1, 0),
	(1, 500, 40, 456.425, -2.68269, 0.487962, -1, 0),
	(1, 500, 41, 569.021, -36.8066, -2.57449, -1, 0),
	(1, 500, 42, 754.814, -52.8034, 99.0691, -1, 0),
	(1, 500, 43, 789.034, -36.6102, 103.317, -1, 0),
	(1, 500, 44, 845.774, -62.6029, 100.89, -1, 0),
	(1, 500, 45, 990.945, -76.9471, 4.76992, -1, 0),
	(1, 500, 46, 1031.89, -32.9396, 52.1008, -1, 20),
	(2, 500, 1, 207.027, -518.725, 114.328, -1, 25),
	(2, 500, 2, 133.763, -597.536, 112.394, -1, 0),
	(2, 500, 3, 40.2146, -698.164, 7.80791, -1, 0),
	(2, 500, 4, -59.8855, -805.892, 12.5614, -1, 45),
	(2, 500, 5, -188.863, -726.341, -7.11775, -1, 0),
	(2, 500, 6, -232.859, -699.205, -6.62592, -1, 0),
	(2, 500, 7, -268.896, -676.98, 3.80473, -1, 0),
	(2, 500, 8, -288.865, -664.652, -4.36456, -1, 0),
	(2, 500, 9, -325.768, -641.888, -1.69574, -1, 0),
	(2, 500, 10, -389.285, -602.704, 34.9843, -1, 45),
	(2, 500, 11, -465.975, -699.923, 4.45905, -1, 0),
	(2, 500, 12, -532.012, -796.175, 4.83635, -1, 0),
	(2, 500, 13, -570.718, -858.645, -2.29542, -1, 45),
	(2, 500, 14, -489.72, -854.571, 28.9543, -1, 0),
	(2, 500, 15, -460.774, -869.124, 26.0506, -1, 0),
	(2, 500, 16, -389.53, -904.955, 128.652, -1, 0),
	(2, 500, 17, -328.581, -935.556, 98.0703, -1, 0),
	(2, 500, 18, -265.06, -972.405, 4.93213, -1, 0),
	(2, 500, 19, -209.584, -1017.89, 99.089, -1, 0),
	(2, 500, 20, -98.8161, -1108.68, 2.37563, -1, 45),
	(2, 500, 21, 31.8674, -1006.47, -7.58383, -1, 0),
	(2, 500, 22, 251.409, -895.816, 10.0906, -1, 45),
	(2, 500, 23, 243.023, -860.492, 15.0234, -1, 0),
	(2, 500, 24, 226.675, -791.638, 39.909, -1, 0),
	(2, 500, 25, 227.426, -698.004, 7.24917, -1, 0),
	(2, 500, 26, 224.061, -686.393, 7.14678, -1, 0),
	(2, 500, 27, 206.009, -517.93, 114.982, -1, 20),
	(3, 500, 1, 868, -517, 14.3514, -1, 45),
	(3, 500, 2, 883.549, -524.115, 10.1146, -1, 0),
	(3, 500, 3, 953.187, -556, 130.967, -1, 0),
	(3, 500, 4, 1023.45, -588.167, 1.97001, -1, 0),
	(3, 500, 5, 912.337, -705.623, 1.66239, -1, 0),
	(3, 500, 6, 831.303, -797.188, 7.93143, -1, 0),
	(3, 500, 7, 741.393, -898.802, 121.097, -1, 0),
	(3, 500, 8, 713.611, -930.194, 116.427, -1, 0),
	(3, 500, 9, 610.559, -1046.64, 20.831, -1, 0),
	(3, 500, 10, 566.983, -1095.87, 3.22369, -1, 0),
	(3, 500, 11, 554.484, -1109.99, 7.48142, -1, 45),
	(3, 500, 12, 517.141, -1097.13, 5.7991, -1, 0),
	(3, 500, 13, 512.098, -1095.39, 6.28419, -1, 0),
	(3, 500, 14, 467.678, -1080.1, 18.014, -1, 0),
	(3, 500, 15, 428.771, -1079.19, 28.2669, -1, 0),
	(3, 500, 16, 329.132, -1079.19, 40.7559, -1, 45),
	(3, 500, 17, 291.503, -1018.12, 2.69484, -1, 0),
	(3, 500, 18, 255.916, -960.36, 8.55705, -1, 0),
	(3, 500, 19, 215.976, -895.532, 5.81526, -1, 0),
	(3, 500, 20, 176.948, -832.188, 26.0083, -1, 0),
	(3, 500, 21, 156.745, -799.393, 19.311, -1, 0),
	(3, 500, 22, 138.344, -769.522, 1.41146, -1, 45),
	(3, 500, 23, 112.302, -804.623, 0.151335, -1, 0),
	(3, 500, 24, 7.91316, -945.331, -2.46543, -1, 0),
	(3, 500, 25, -29.8142, -996.193, 12.5298, -1, 0),
	(3, 500, 26, -151.892, -1160.75, -3.55104, -1, 45),
	(3, 500, 27, -270.841, -1079.01, 83.2004, -1, 0),
	(3, 500, 28, -329.212, -1038.92, 7.66826, -1, 0),
	(3, 500, 29, -388.412, -998.278, 115.549, -1, 0),
	(3, 500, 30, -491.602, -927.445, 35.7097, -1, 45),
	(3, 500, 31, -483.33, -899.141, 50.6102, -1, 0),
	(3, 500, 32, -473.478, -829.606, 14.6377, -1, 0),
	(3, 500, 33, -452.335, -828.551, 7.52128, -1, 0),
	(3, 500, 34, -447.469, -798.275, -5.84939, -1, 0),
	(3, 500, 35, -439.256, -747.197, 3.23354, -1, 0),
	(3, 500, 36, -431.934, -701.693, 2.22322, -1, 0),
	(3, 500, 37, -428.208, -678.509, 9.19528, -1, 45),
	(3, 500, 38, -320.956, -717.521, -8.8104, -1, 0),
	(3, 500, 39, -276.469, -733.423, -0.724802, -1, 0),
	(3, 500, 40, -192.731, -763.363, -5.83688, -1, 0),
	(3, 500, 41, -101.675, -795.916, 10.1263, -1, 0),
	(3, 500, 42, -10.3464, -828.573, 11.2412, -1, 0),
	(3, 500, 43, 69.4342, -857.096, -1.28479, -1, 0),
	(3, 500, 44, 111.15, -876.563, -4.27354, -1, 0),
	(3, 500, 45, 159.702, -901.74, -0.60318, -1, 0),
	(3, 500, 46, 258.928, -953.198, 9.55637, -1, 45),
	(3, 500, 47, 410.872, -876.045, 19.926, -1, 0),
	(3, 500, 48, 472.749, -837.891, -12.0366, -1, 0),
	(3, 500, 49, 549.057, -790.803, -7.63192, -1, 0),
	(3, 500, 50, 693.138, -699.333, 69.4349, -1, 0),
	(3, 500, 51, 715.748, -684.612, 72.2397, -1, 0),
	(3, 500, 52, 750.121, -662.235, 58.1228, -1, 0),
	(3, 500, 53, 809.567, -623.53, 24.5253, -1, 0),
	(3, 500, 54, 868.015, -516.2, 14.3987, -1, 0),
	(4, 500, 1, -49.5961, 205.385, 15.2514, -1, 45),
	(4, 500, 2, -51.9119, 299.97, 19.2258, -1, 0),
	(4, 500, 3, -47.6279, 352.706, 42.6161, -1, 0),
	(4, 500, 4, -62.8188, 429.786, 33.6377, -1, 0),
	(4, 500, 5, -71.1946, 514.864, 44.304, -1, 0),
	(4, 500, 6, -90.7328, 713.271, 160.045, -1, 45),
	(4, 500, 7, 0.428654, 693.948, 153.276, -1, 0),
	(4, 500, 8, 109.904, 658.385, 124.084, -1, 0),
	(4, 500, 9, 155.301, 642.756, 104.048, -1, 0),
	(4, 500, 10, 227.733, 617.823, 95.9262, -1, 0),
	(4, 500, 11, 273.369, 602.112, 83.3294, -1, 0),
	(4, 500, 12, 301.925, 592.281, 83.8726, -1, 0),
	(4, 500, 13, 566.333, 501.233, 43.8134, -1, 0),
	(4, 500, 14, 711.486, 451.245, 43.0444, -1, 45),
	(4, 500, 15, 716.289, 403.318, 52.3046, -1, 0),
	(4, 500, 16, 729.723, 320.482, -11.9352, -1, 0),
	(4, 500, 17, 739.361, 285.63, 11.7028, -1, 0),
	(4, 500, 18, 723.702, 245.105, 14.2494, -1, 0),
	(4, 500, 19, 737.067, 228.802, 35.3955, -1, 0),
	(4, 500, 20, 771.031, 154.551, -3.21196, -1, 45),
	(4, 500, 21, 735.87, 131.97, -4.31148, -1, 0),
	(4, 500, 22, 718.233, 4.10292, 46.3021, -1, 0),
	(4, 500, 23, 670.871, -97.3241, 66.3514, -1, 0),
	(4, 500, 24, 514.061, -106.947, 2.24856, -1, 0),
	(4, 500, 25, 296.834, -293.99, -6.73612, -1, 45),
	(4, 500, 26, 226.837, -182.092, 27.2543, -1, 0),
	(4, 500, 27, 211.416, -157.069, 23.0625, -1, 0),
	(4, 500, 28, 189.155, -120.951, 32.9001, -1, 0),
	(4, 500, 29, 126.353, -71.9417, 1.88951, -1, 0),
	(4, 500, 30, 74.8059, -31.7139, 12.818, -1, 0),
	(4, 500, 31, 32.6116, 1.2133, -1.73161, -1, 0),
	(4, 500, 32, 21.4705, 12.298, 5.356, -1, 0),
	(4, 500, 33, -66.571, 122.297, 3.50907, -1, 0),
	(4, 500, 34, -88.1333, 149.236, -2.63768, -1, 0),
	(4, 500, 35, -163.07, 242.85, -3.14386, -1, 45),
	(4, 500, 36, -205.265, 388.58, 8.70998, -1, 0),
	(4, 500, 37, -224.196, 460.428, 37.1987, -1, 0),
	(4, 500, 38, -235.682, 504.022, 75.2479, -1, 0),
	(4, 500, 39, -267.462, 624.616, 140.722, -1, 0),
	(4, 500, 40, -287.314, 645.98, 130.765, -1, 0),
	(4, 500, 41, -313.558, 674.239, 133.957, -1, 0),
	(4, 500, 42, -340.376, 703.109, 126.301, -1, 0),
	(4, 500, 43, -363.129, 727.61, 127.793, -1, 0),
	(4, 500, 44, -431.995, 801.737, 75.6395, -1, 0),
	(4, 500, 45, -532.428, 964.63, 141.351, -1, 45),
	(4, 500, 46, -517.06, 964.06, 137.887, -1, 0),
	(4, 500, 47, -349.484, 949.193, 146.314, -1, 0),
	(4, 500, 48, -187.687, 905.579, 181.186, -1, 0),
	(4, 500, 49, -85.9103, 866.381, 182.33, -1, 45),
	(4, 500, 50, -107.506, 703.882, 154.545, -1, 0),
	(4, 500, 51, -125.308, 596.966, 92.6889, -1, 0),
	(4, 500, 52, -131.243, 562.703, 83.5239, -1, 0),
	(4, 500, 53, -157.294, 427.455, 17.0269, -1, 0),
	(4, 500, 54, -167.598, 375.591, 7.67988, -1, 0),
	(4, 500, 55, -101.919, 250.893, 0.313383, -1, 0),
	(4, 500, 56, -49.0048, 204.25, 15.3515, -1, 0),
	(5, 500, 1, 758, -1173, 46.5252, -1, 45),
	(5, 500, 2, 722.361, -1177.81, 56.9427, -1, 0),
	(5, 500, 3, 617.9, -1191.95, 16.0711, -1, 0),
	(5, 500, 4, 509.31, -1200.07, 40.611, -1, 0),
	(5, 500, 5, 412.807, -1200.07, -1.93904, -1, 0),
	(5, 500, 6, 212.306, -1200.07, -6.52287, -1, 45),
	(5, 500, 7, 270.969, -1099.35, 29.3226, -1, 0),
	(5, 500, 8, 311.376, -1029.97, 17.8425, -1, 0),
	(5, 500, 9, 330.702, -996.79, 3.33659, -1, 0),
	(5, 500, 10, 410.371, -860.036, 25.8798, -1, 0),
	(5, 500, 11, 497.379, -710.684, 29.3678, -1, 0),
	(5, 500, 12, 562.068, -599.604, 20.7097, -1, 45),
	(5, 500, 13, 422.8, -585.866, 46.6412, -1, 0),
	(5, 500, 14, 409.001, -575.628, 32.5719, -1, 0),
	(5, 500, 15, 366.468, -544.079, 21.5835, -1, 0),
	(5, 500, 16, 304.313, -497.977, 64.1889, -1, 0),
	(5, 500, 17, 253.695, -460.44, 75.0913, -1, 45),
	(5, 500, 18, 256.858, -498.566, 92.5821, -1, 0),
	(5, 500, 19, 255.628, -598.144, 57.898, -1, 0),
	(5, 500, 20, 254.948, -653.268, 14.2848, -1, 0),
	(5, 500, 21, 254.4, -698.14, 11.6926, -1, 0),
	(5, 500, 22, 253.695, -755.207, 33.0449, -1, 0),
	(5, 500, 23, 242.026, -799.779, 37.9241, -1, 0),
	(5, 500, 24, 217.913, -891.236, 6.62245, -1, 0),
	(5, 500, 25, 173.098, -1061.2, -0.849569, -1, 45),
	(5, 500, 26, 109.763, -1041.74, -7.88279, -1, 0),
	(5, 500, 27, 0.966251, -1010.16, -6.46025, -1, 45),
	(5, 500, 28, -54.7018, -964.455, 26.9817, -1, 0),
	(5, 500, 29, -89.414, -935.957, 18.1274, -1, 0),
	(5, 500, 30, -136.513, -897.29, 21.4058, -1, 0),
	(5, 500, 31, -164.326, -874.454, 34.2291, -1, 0),
	(5, 500, 32, -190.473, -852.982, 20.9826, -1, 45),
	(5, 500, 33, -139.175, -799.095, 3.95988, -1, 0),
	(5, 500, 34, -84.3018, -741.448, 10.243, -1, 0),
	(5, 500, 35, -42.3766, -697.401, 6.58255, -1, 0),
	(5, 500, 36, 113.307, -654.275, 63.9949, -1, 45),
	(5, 500, 37, 145.756, -698.921, 15.4198, -1, 0),
	(5, 500, 38, 173.344, -731.706, 3.61256, -1, 0),
	(5, 500, 39, 220.465, -787.707, 40.1198, -1, 0),
	(5, 500, 40, 269.62, -837.299, 20.4648, -1, 0),
	(5, 500, 41, 371.633, -836.027, 36.5009, -1, 0),
	(5, 500, 42, 409.117, -835.562, 35.0099, -1, 45),
	(5, 500, 43, 427.483, -882.235, 5.26796, -1, 0),
	(5, 500, 44, 433.796, -896.968, 11.3968, -1, 0),
	(5, 500, 45, 475.864, -995.169, 7.34893, -1, 0),
	(5, 500, 46, 481.128, -1027.93, 15.7369, -1, 0),
	(5, 500, 47, 505.638, -1102.15, 5.80615, -1, 45),
	(5, 500, 48, 610.315, -1121.58, 3.72038, -1, 0),
	(5, 500, 49, 670.798, -1132.81, 8.69305, -1, 45),
	(5, 500, 50, 681.68, -1100.22, 3.92718, -1, 0),
	(5, 500, 51, 716.411, -997.033, 122.425, -1, 0),
	(5, 500, 52, 745.088, -897.964, 122.106, -1, 0),
	(5, 500, 53, 781.701, -796.665, 9.60805, -1, 0),
	(5, 500, 54, 817.113, -699.151, 24.2784, -1, 0),
	(5, 500, 55, 801.829, -509.073, 27.9706, -1, 0),
	(5, 500, 56, 710.441, -485.376, 107.973, -1, 0),
	(5, 500, 57, 710.435, -412.565, 98.9398, -1, 0),
	(5, 500, 58, 791.838, -301.421, 6.24091, -1, 0),
	(5, 500, 59, 821.056, -304.267, 3.45319, -1, 0),
	(5, 500, 60, 847.08, -479.886, 19.7359, -1, 0),
	(5, 500, 61, 866.107, -542.813, 13.4682, -1, 0),
	(5, 500, 62, 906.157, -597.095, 124.847, -1, 45),
	(5, 500, 63, 831.424, -578.646, 21.0703, -1, 0),
	(5, 500, 64, 715.401, -594.063, 15.495, -1, 0),
	(5, 500, 65, 550.707, -682.037, 22.7432, -1, 0),
	(5, 500, 66, 550.707, -682.037, 22.7432, -1, 0),
	(5, 500, 67, 412.093, -712.033, 42.2521, -1, 45),
	(5, 500, 68, 401.515, -591.975, 34.8072, -1, 0),
	(5, 500, 69, 394.456, -515.601, 19.4439, -1, 0),
	(5, 500, 70, 392.798, -498.753, 25.4066, -1, 0),
	(5, 500, 71, 403.081, -406.546, 19.1479, -1, 0),
	(5, 500, 72, 389.14, -526.384, 20.8743, -1, 0),
	(5, 500, 73, 396.769, -593.731, 34.5465, -1, 0),
	(5, 500, 74, 405.781, -634.098, 37.501, -1, 0),
	(5, 500, 75, 440.774, -766.887, 42.0582, -1, 0),
	(5, 500, 76, 462.566, -849.603, -8.44518, -1, 0),
	(5, 500, 77, 475.443, -898.481, 11.5932, -1, 0),
	(5, 500, 78, 523.164, -964.833, 11.4041, -1, 0),
	(5, 500, 79, 577.34, -1032.54, 28.9112, -1, 0),
	(5, 500, 80, 614.032, -1100.52, 0.236015, -1, 45),
	(5, 500, 81, 642.544, -1164.18, 12.2951, -1, 0),
	(5, 500, 82, 692.746, -1215.72, 68.633, -1, 0),
	(5, 500, 83, 817.715, -1297.33, -11.9195, -1, 0),
	(5, 500, 84, 914.507, -1348.18, -6.667, -1, 0),
	(5, 500, 85, 935.967, -1408.5, -3.72383, -1, 0),
	(5, 500, 86, 819.5, -1250.8, -11.9827, -1, 0),
	(5, 500, 87, 780.832, -1221.71, 41.2337, -1, 0),
	(5, 500, 88, 768.209, -1198.77, 51.2271, -1, 0),
	(5, 500, 89, 758.682, -1174.08, 46.6611, -1, 0),
	(6, 500, 1, 1258.46, 496.334, 16.4779, -1, 30),
	(6, 500, 2, 1259.92, 502.29, 10.5642, -1, 0),
	(6, 500, 3, 1272.27, 562.527, 7.20353, -1, 0),
	(6, 500, 4, 1255.57, 601.773, 23.6414, -1, 0),
	(6, 500, 5, 1250.77, 642.308, 21.6227, -1, 0),
	(6, 500, 6, 1235.08, 725.926, 52.3157, -1, 0),
	(6, 500, 7, 1226.43, 762.548, 93.3378, -1, 45),
	(6, 500, 8, 1226.43, 776.341, 11.3866, -1, 0),
	(6, 500, 9, 1226.43, 787.866, 7.52157, -1, 0),
	(6, 500, 10, 1226.43, 814.744, 1.56908, -1, 0),
	(6, 500, 11, 1226.43, 903.631, 80.9295, -1, 0),
	(6, 500, 12, 1226.55, 1002.59, 106.381, -1, 45),
	(6, 500, 13, 1107.57, 976.88, 89.6992, -1, 0),
	(6, 500, 14, 957.123, 898.793, 102.145, -1, 0),
	(6, 500, 15, 909.97, 874.319, 106.854, -1, 0),
	(6, 500, 16, 769.773, 801.546, 172.345, -1, 0),
	(6, 500, 17, 715.528, 700.978, 113.094, -1, 0),
	(6, 500, 18, 683.079, 601.043, 83.9186, -1, 0),
	(6, 500, 19, 669.478, 558.143, 58.8572, -1, 0),
	(6, 500, 20, 652.154, 503.496, 38.0499, -1, 0),
	(6, 500, 21, 618.799, 398.34, 59.9944, -1, 0),
	(6, 500, 22, 590.317, 308.552, 47.7268, -1, 45),
	(6, 500, 23, 581.582, 301.205, 46.0687, -1, 0),
	(6, 500, 24, 491.465, 202.972, 1.92722, -1, 0),
	(6, 500, 25, 409.504, 101.138, 27.7425, -1, 0),
	(6, 500, 26, 355.214, 3.38473, -1.01251, -1, 0),
	(6, 500, 27, 301.874, -102.525, 31.461, -1, 0),
	(6, 500, 28, 243.894, -207.804, 17.275, -1, 45),
	(6, 500, 29, 221.815, -187.792, 26.8524, -1, 0),
	(6, 500, 30, 212.391, -179.745, 25.0968, -1, 0),
	(6, 500, 31, 159.383, -149.718, 52.8581, -1, 0),
	(6, 500, 32, 159.383, -149.718, 52.8581, -1, 0),
	(6, 500, 33, 106.006, -119.481, 23.9843, -1, 0),
	(6, 500, 34, 77.0545, -103.08, 24.1082, -1, 0),
	(6, 500, 35, 30.3759, -76.6364, 39.0107, -1, 0),
	(6, 500, 36, -33.2891, -40.5682, 21.6696, -1, 0),
	(6, 500, 37, -94.0574, -35.4947, 5.32288, -1, 0),
	(6, 500, 38, -190.55, -23.5922, 13.9065, -1, 45),
	(6, 500, 39, -185.148, 0.463331, -2.33561, -1, 0),
	(6, 500, 40, -120.69, 287.351, 0.249846, -1, 0),
	(6, 500, 41, -90.5285, 421.607, 18.5206, -1, 0),
	(6, 500, 42, -72.7448, 500.767, 44.874, -1, 45),
	(6, 500, 43, 4.91337, 499.79, 83.7008, -1, 0),
	(6, 500, 44, 109.889, 474.825, 133.728, -1, 0),
	(6, 500, 45, 282.528, 472.664, 62.7112, -1, 0),
	(6, 500, 46, 311.654, 472.302, 39.4366, -1, 0),
	(6, 500, 47, 472.376, 470.283, 38.5308, -1, 0),
	(6, 500, 48, 509.116, 469.822, 45.4846, -1, 0),
	(6, 500, 49, 574.028, 469.01, 42.5834, -1, 0),
	(6, 500, 50, 609.24, 468.57, 47.7389, -1, 0),
	(6, 500, 51, 710.308, 450.39, 43.4759, -1, 0),
	(6, 500, 52, 810.846, 434.186, 11.5875, -1, 45),
	(6, 500, 53, 835.558, 427.888, 22.9392, -1, 0),
	(6, 500, 54, 1010.08, 399.775, 8.09927, -1, 0),
	(6, 500, 55, 1103.19, 390.033, 51.7291, -1, 0),
	(6, 500, 56, 1175.79, 403.671, 79.9211, -1, 0),
	(6, 500, 57, 1260.85, 501.019, 12.6309, -1, 15),
	(7, 500, 1, 63.5507, -75.4938, 24.3135, -1, 25),
	(7, 500, 2, 110.044, -61.3882, 1.15074, -1, 0),
	(7, 500, 3, 193.116, -42.3846, 1.47167, -1, 0),
	(7, 500, 4, 294.972, -35.6245, 7.79967, -1, 0),
	(7, 500, 5, 375.569, -29.6801, 11.001, -1, 0),
	(7, 500, 6, 413.839, -26.8564, 5.00211, -1, 0),
	(7, 500, 7, 480.964, -21.9072, 2.26719, -1, 0),
	(7, 500, 8, 594.246, -13.5469, -4.47603, -1, 0),
	(7, 500, 9, 709.925, 31.7884, 27.815, -1, 0),
	(7, 500, 10, 765.402, 57.2069, 18.0545, -1, 0),
	(7, 500, 11, 809.851, 77.5679, 24.7591, -1, 0),
	(7, 500, 12, 866.243, 103.404, 4.86893, -1, 0),
	(7, 500, 13, 929.304, 132.29, 9.97995, -1, 45),
	(7, 500, 14, 951.988, 102.454, 19.117, -1, 0),
	(7, 500, 15, 1023.72, 8.10854, 98.879, -1, 0),
	(7, 500, 16, 1073.5, -33.8666, 28.7536, -1, 0),
	(7, 500, 17, 1110.19, -64.7956, 75.2352, -1, 0),
	(7, 500, 18, 1148.36, -96.9707, 62.9508, -1, 0),
	(7, 500, 19, 1182.87, -126.07, 23.575, -1, 0),
	(7, 500, 20, 1264.64, -195.006, 35.7785, -1, 45),
	(7, 500, 21, 1227.96, -297.307, 122.708, -1, 0),
	(7, 500, 22, 1191.7, -398.228, 125.841, -1, 0),
	(7, 500, 23, 1107.41, -506.012, 23.868, -1, 0),
	(7, 500, 24, 1025.46, -610.713, -8.83811, -1, 0),
	(7, 500, 25, 957.893, -697.198, -3.78837, -1, 45),
	(7, 500, 26, 925.93, -685.758, 0.956968, -1, 0),
	(7, 500, 27, 855.982, -651.594, 73.2245, -1, 0),
	(7, 500, 28, 813.4, -630.801, 26.6627, -1, 0),
	(7, 500, 29, 784.182, -626.456, 38.4511, -1, 0),
	(7, 500, 30, 712.261, -615.753, 26.7476, -1, 0),
	(7, 500, 31, 696.406, -613.381, 15.8695, -1, 0),
	(7, 500, 32, 597.284, -598.625, 18.4756, -1, 0),
	(7, 500, 33, 435.24, -574.505, 56.0635, -1, 45),
	(7, 500, 34, 410.623, -554.097, 28.6663, -1, 0),
	(7, 500, 35, 388.47, -521.793, 19.9208, -1, 0),
	(7, 500, 36, 372.923, -499.123, 33.6503, -1, 0),
	(7, 500, 37, 347.243, -461.686, 43.9262, -1, 0),
	(7, 500, 38, 311.813, -410.043, 14.1528, -1, 0),
	(7, 500, 39, 266.056, -343.336, 12.8584, -1, 0),
	(7, 500, 40, 235.214, -298.374, -3.15809, -1, 0),
	(7, 500, 41, 179.98, -239.312, 26.9622, -1, 0),
	(7, 500, 42, 146.385, -199.389, 63.8462, -1, 0),
	(7, 500, 43, 130.7, -180.747, 72.3543, -1, 0),
	(7, 500, 44, 71.9667, -96.6139, 23.0283, -1, 0),
	(7, 500, 45, 7.45553, -3.16386, 1.94222, -1, 0),
	(7, 500, 46, -71.4584, 111.859, 0.243921, -1, 0),
	(7, 500, 47, -90.6659, 139.858, -3.53415, -1, 45),
	(7, 500, 48, -220.083, 3.88529, 0.332939, -1, 0),
	(7, 500, 49, -287.994, -67.4676, 37.7658, -1, 0),
	(7, 500, 50, -316.853, -97.7855, 25.4468, -1, 0),
	(7, 500, 51, -413.105, -198.887, 73.017, -1, 0),
	(7, 500, 52, -481.165, -270.374, 51.5464, -1, 0),
	(7, 500, 53, -508.935, -299.542, 48.9051, -1, 45),
	(7, 500, 54, -489.243, -345.583, 32.7011, -1, 0),
	(7, 500, 55, -475.268, -383.158, 22.7659, -1, 0),
	(7, 500, 56, -469.839, -397.728, 11.7986, -1, 0),
	(7, 500, 57, -447.587, -457.561, 8.90517, -1, 0),
	(7, 500, 58, -433.074, -496.582, 0.487152, -1, 0),
	(7, 500, 59, -419.47, -533.152, 17.673, -1, 0),
	(7, 500, 60, -395.286, -598.137, 37.1875, -1, 0),
	(7, 500, 61, -385.04, -625.672, 24.8633, -1, 45),
	(7, 500, 62, -291.426, -510.514, 37.992, -1, 0),
	(7, 500, 63, -216.205, -397.942, 89.0664, -1, 0),
	(7, 500, 64, -184.477, -350.459, 82.4368, -1, 0),
	(7, 500, 65, -149.489, -298.099, 82.6542, -1, 0),
	(7, 500, 66, -90.3652, -209.604, 129.264, -1, 0),
	(7, 500, 67, -82.755, -198.214, 130.77, -1, 0),
	(7, 500, 68, 11.7585, -117.357, 63.0235, -1, 0),
	(7, 500, 69, 33.3974, -99.1455, 41.7958, -1, 0),
	(7, 500, 70, 62.0761, -75.0132, 24.9361, -1, 20),
	(8, 500, 1, -655.907, -331.47, 24.4028, -1, 5),
	(8, 500, 2, -657.434, -394.646, 7.61865, -1, 0),
	(8, 500, 3, -659.938, -497.902, 16.216, -1, 0),
	(8, 500, 4, -666.923, -597.841, 93.759, -1, 0),
	(8, 500, 5, -669.226, -692.914, 88.1253, -1, 45),
	(8, 500, 6, -596.425, -709.501, 34.6841, -1, 0),
	(8, 500, 7, -510.752, -720.006, 5.08147, -1, 0),
	(8, 500, 8, -418.891, -726.705, 1.65667, -1, 0),
	(8, 500, 9, -332.619, -732.992, -11.9078, -1, 0),
	(8, 500, 10, -287.255, -736.282, -0.091526, -1, 0),
	(8, 500, 11, -221.194, -741.094, -2.02064, -1, 0),
	(8, 500, 12, -188.515, -743.472, -6.71983, -1, 45),
	(8, 500, 13, -140.602, -699.344, 0.453002, -1, 0),
	(8, 500, 14, -16.7295, -597.625, 122.994, -1, 0),
	(8, 500, 15, 104.956, -497.684, 60.2339, -1, 0),
	(8, 500, 16, 172.881, -441.91, 53.5865, -1, 45),
	(8, 500, 17, 178.447, -396.717, 57.075, -1, 0),
	(8, 500, 18, 181.839, -369.154, 68.8994, -1, 0),
	(8, 500, 19, 185.438, -339.923, 28.3028, -1, 0),
	(8, 500, 20, 190.235, -300.95, 8.01058, -1, 0),
	(8, 500, 21, 194.922, -262.894, 14.4102, -1, 45),
	(8, 500, 22, 387.89, -196.487, 5.74304, -1, 0),
	(8, 500, 23, 470.946, -141.132, 3.02805, -1, 45),
	(8, 500, 24, 460.497, -64.2749, 7.02025, -1, 0),
	(8, 500, 25, 446.609, 37.8795, -4.67751, -1, 0),
	(8, 500, 26, 434.616, 126.111, 21.8784, -1, 0),
	(8, 500, 27, 424.908, 197.513, 1.03946, -1, 45),
	(8, 500, 28, 299.744, 199.042, 18.8795, -1, 0),
	(8, 500, 29, 204.339, 211.036, 31.6118, -1, 0),
	(8, 500, 30, 118.446, 206.849, 2.58211, -1, 0),
	(8, 500, 31, 9.07992, 197.426, 36.1736, -1, 0),
	(8, 500, 32, -95.7091, 188.392, -0.68084, -1, 45),
	(8, 500, 33, -253.029, 1.36381, 3.97404, -1, 0),
	(8, 500, 34, -290.379, -43.0399, 25.9075, -1, 0),
	(8, 500, 35, -347.26, -117.34, 22.6676, -1, 0),
	(8, 500, 36, -474.388, -184.151, 14.0092, -1, 0),
	(8, 500, 37, -491.089, -192.558, 22.4432, -1, 0),
	(8, 500, 38, -656.6, -329.817, 24.9296, -1, 40),
	(9, 500, 1, 662.423, 19.4984, 10.7339, -1, 0),
	(9, 500, 2, 706.563, 45.2336, 19.2729, -1, 0),
	(9, 500, 3, 779.237, 71.2796, 11.5564, -1, 0),
	(9, 500, 4, 810.4, 82.4332, 19.5865, -1, 0),
	(9, 500, 5, 867.114, 102.738, 5.01379, -1, 0),
	(9, 500, 6, 1043.48, 165.883, 24.4349, -1, 45),
	(9, 500, 7, 1018.63, 103.821, 30.5335, -1, 0),
	(9, 500, 8, 978.173, 2.79104, 110.829, -1, 0),
	(9, 500, 9, 937.96, -97.6179, -15.6977, -1, 0),
	(9, 500, 10, 897.92, -197.571, 97.9445, -1, 0),
	(9, 500, 11, 874.88, -255.081, 43.8781, -1, 0),
	(9, 500, 12, 870.025, -267.212, 47.8408, -1, 45),
	(9, 500, 13, 851.054, -288.118, 9.55838, -1, 0),
	(9, 500, 14, 842.455, -297.577, 0.35574, -1, 0),
	(9, 500, 15, 810.951, -332.292, 10.1121, -1, 0),
	(9, 500, 16, 711.161, -442.276, 102.688, -1, 0),
	(9, 500, 17, 660.417, -498.187, 99.2697, -1, 0),
	(9, 500, 18, 569.551, -598.294, 20.2083, -1, 0),
	(9, 500, 19, 509.769, -697.042, 26.5437, -1, 45),
	(9, 500, 20, 411.76, -767.835, 46.4842, -1, 0),
	(9, 500, 21, 309.239, -841.843, 24.1925, -1, 0),
	(9, 500, 22, 277.001, -799.564, 33.7157, -1, 0),
	(9, 500, 23, 247.011, -765.648, 34.9819, -1, 45),
	(9, 500, 24, 171.494, -737.552, 2.80219, -1, 0),
	(9, 500, 25, 98.2926, -710.316, 20.7394, -1, 0),
	(9, 500, 26, 72.7513, -700.811, 14.5029, -1, 0),
	(9, 500, 27, -120.43, -628.923, 76.8851, -1, 0),
	(9, 500, 28, -188.426, -603.609, 39.1794, -1, 0),
	(9, 500, 29, -203.574, -597.964, 35.1825, -1, 0),
	(9, 500, 30, -287.572, -566.688, 12.9742, -1, 0),
	(9, 500, 31, -339.298, -547.443, 39.4606, -1, 0),
	(9, 500, 32, -387.748, -529.383, 14.4633, -1, 0),
	(9, 500, 33, -413.099, -519.946, 12.4777, -1, 0),
	(9, 500, 34, -470.597, -498.554, -2.2602, -1, 45),
	(9, 500, 35, -449.645, -399.676, 15.4236, -1, 0),
	(9, 500, 36, -428.302, -298.925, 90.1378, -1, 0),
	(9, 500, 37, -408.002, -203.135, 77.8474, -1, 0),
	(9, 500, 38, -381.789, -79.5281, -26.2472, -1, 0),
	(9, 500, 39, -364.5, 1.90966, 14.4202, -1, 0),
	(9, 500, 40, -287.904, 105.175, 36.969, -1, 0),
	(9, 500, 41, -202.758, 103.627, 0.239653, -1, 0),
	(9, 500, 42, -22.1266, 59.639, 1.64837, -1, 45),
	(9, 500, 43, 110.377, 103.904, 58.913, -1, 45),
	(9, 500, 44, 239.693, 131.6, 34.3587, -1, 0),
	(9, 500, 45, 354.45, 147.184, 6.68351, -1, 0),
	(9, 500, 46, 486.788, 202.263, 1.48002, -1, 45),
	(9, 500, 47, 491.051, 182.719, 7.12011, -1, 0),
	(9, 500, 48, 528.403, 93.8038, -13.0916, -1, 0),
	(9, 500, 49, 555.59, 39.7218, -4.31745, -1, 0),
	(9, 500, 50, 661.001, 17.0999, 11.26, -1, 45),
	(10, 500, 1, 749.589, 272.324, 28.2748, -1, 0),
	(10, 500, 2, 739.963, 331.955, -10.1986, -1, 0),
	(10, 500, 3, 728.464, 403.347, 48.5466, -1, 45),
	(10, 500, 4, 610.467, 419.336, 57.5617, -1, 0),
	(10, 500, 5, 471.608, 457.429, 36.3917, -1, 0),
	(10, 500, 6, 313.198, 503.302, 47.8076, -1, 0),
	(10, 500, 7, 229.729, 527.462, 91.3445, -1, 45),
	(10, 500, 8, 212.309, 511.658, 93.1455, -1, 0),
	(10, 500, 9, 110.994, 448.302, 137.184, -1, 0),
	(10, 500, 10, 20.7548, 402.838, 101.55, -1, 0),
	(10, 500, 11, -88.4534, 347.826, 8.12562, -1, 0),
	(10, 500, 12, -188.282, 294.446, -2.11306, -1, 0),
	(10, 500, 13, -267.748, 251.951, 14.6527, -1, 45),
	(10, 500, 14, -250.632, 239.578, 17.9811, -1, 0),
	(10, 500, 15, -189, 195.025, -5.71892, -1, 0),
	(10, 500, 16, -88.3929, 122.294, -4.31665, -1, 0),
	(10, 500, 17, 36.1607, 32.2594, 15.3836, -1, 0),
	(10, 500, 18, 75.1039, 4.10982, -3.48897, -1, 0),
	(10, 500, 19, 96.7696, -11.5511, 0.934729, -1, 0),
	(10, 500, 20, 112.522, -22.9378, -4.051, -1, 0),
	(10, 500, 21, 150.124, -50.1207, -0.924102, -1, 0),
	(10, 500, 22, 211.239, -94.2981, 17.1166, -1, 0),
	(10, 500, 23, 266.477, -143.49, 29.4476, -1, 0),
	(10, 500, 24, 322.507, -191.826, 7.46577, -1, 45),
	(10, 500, 25, 409.107, -108.345, 13.5365, -1, 0),
	(10, 500, 26, 639.536, 33.7044, -6.35976, -1, 0),
	(10, 500, 27, 710.69, 89.7566, -1.4433, -1, 0),
	(10, 500, 28, 743.643, 115.486, -5.67307, -1, 45),
	(10, 500, 29, 763.419, 254.134, 50.1859, -1, 0),
	(10, 500, 30, 750.894, 277.726, 27.1356, -1, 0),
	(11, 500, 1, -349.139, -415.878, 39.91, -1, 20),
	(11, 500, 2, -298.534, -479.061, 43.9103, -1, 0),
	(11, 500, 3, -265.048, -511.505, 51.2254, -1, 0),
	(11, 500, 4, -232.882, -549.517, 52.5415, -1, 0),
	(11, 500, 5, -192.721, -592.727, 43.1322, -1, 0),
	(11, 500, 6, -141.841, -647.474, 51.9741, -1, 0),
	(11, 500, 7, -95.4482, -697.372, 8.66313, -1, 0),
	(11, 500, 8, -48.1627, -748.207, 7.94521, -1, 45),
	(11, 500, 9, 4.70778, -805.103, 14.3789, -1, 0),
	(11, 500, 10, 58.7779, -863.288, -1.10719, -1, 0),
	(11, 500, 11, 130.365, -940.339, -5.25171, -1, 45),
	(11, 500, 12, 168.173, -903.427, 0.211635, -1, 0),
	(11, 500, 13, 233.282, -839.859, 23.9611, -1, 0),
	(11, 500, 14, 277.022, -797.155, 34.3139, -1, 0),
	(11, 500, 15, 313.317, -761.714, 27.2549, -1, 0),
	(11, 500, 16, 413.531, -663.855, 39.549, -1, 45),
	(11, 500, 17, 471.27, -736.009, 35.1792, -1, 0),
	(11, 500, 18, 502.133, -774.566, -9.89588, -1, 0),
	(11, 500, 19, 530.124, -809.532, -13.4391, -1, 0),
	(11, 500, 20, 561.201, -848.364, 21.6334, -1, 0),
	(11, 500, 21, 607.375, -906.093, 27.4169, -1, 0),
	(11, 500, 22, 679.44, -996.178, 97.3093, -1, 0),
	(11, 500, 23, 692.745, -1012.81, 102.354, -1, 45),
	(11, 500, 24, 692.745, -1012.81, 102.354, -1, 0),
	(11, 500, 25, 752.047, -1086.9, 15.0224, -1, 0),
	(11, 500, 26, 784.739, -1127.75, 22.8499, -1, 0),
	(11, 500, 27, 812.948, -1163, 28.7319, -1, 0),
	(11, 500, 28, 826.897, -1180.43, 52.58, -1, 45),
	(11, 500, 29, 811.608, -1179.83, 32.578, -1, 0),
	(11, 500, 30, 776.778, -1197.87, 48.6389, -1, 0),
	(11, 500, 31, 640.894, -1268.26, 65.2349, -1, 0),
	(11, 500, 32, 590.39, -1294.43, 55.0414, -1, 0),
	(11, 500, 33, 510.29, -1335.92, 68.1286, -1, 0),
	(11, 500, 34, 427.812, -1378.64, 11.9034, -1, 45),
	(11, 500, 35, 312.21, -1288.34, -3.1073, -1, 0),
	(11, 500, 36, 177.856, -1230.67, -6.83541, -1, 0),
	(11, 500, 37, 109.343, -1201.28, 16.0808, -1, 0),
	(11, 500, 38, 30.1343, -1167.27, -13.5112, -1, 0),
	(11, 500, 39, -29.3807, -1141.7, 8.04694, -1, 0),
	(11, 500, 40, -100.964, -1110.99, 2.17557, -1, 0),
	(11, 500, 41, -243.874, -1049.59, 87.9916, -1, 0),
	(11, 500, 42, -307.494, -1022.24, 3.74834, -1, 0),
	(11, 500, 43, -388.25, -987.588, 117.47, -1, 45),
	(11, 500, 44, -388.893, -897.842, 130.013, -1, 0),
	(11, 500, 45, -403.593, -822.535, 1.64431, -1, 0),
	(11, 500, 46, -390.898, -730.778, -7.92865, -1, 0),
	(11, 500, 47, -399.189, -595.583, 36.8383, -1, 0),
	(11, 500, 48, -378.028, -496.894, 7.99918, -1, 0),
	(11, 500, 49, -349.808, -416.118, 39.5738, -1, 20),
	(12, 500, 1, 456, -368, 23.1841, -1, 0),
	(12, 500, 2, 509.835, -340.057, 39.7738, -1, 0),
	(12, 500, 3, 594.272, -296.228, 1.51638, -1, 0),
	(12, 500, 4, 622.503, -281.575, 6.32252, -1, 0),
	(12, 500, 5, 709.057, -236.644, 25.4656, -1, 0),
	(12, 500, 6, 810.469, -184.007, 88.599, -1, 0),
	(12, 500, 7, 892.785, -141.284, 22.951, -1, 45),
	(12, 500, 8, 888.193, -116.642, -4.75276, -1, 0),
	(12, 500, 9, 885.263, -100.932, -0.738284, -1, 0),
	(12, 500, 10, 872.882, -34.4645, 108.724, -1, 0),
	(12, 500, 11, 866.233, 1.21074, 115.46, -1, 0),
	(12, 500, 12, 863.913, 41.6114, 72.9213, -1, 0),
	(12, 500, 13, 849.327, 102.941, 2.57404, -1, 0),
	(12, 500, 14, 804.468, 201.12, 1.20762, -1, 0),
	(12, 500, 15, 770.309, 261.403, 54.2417, -1, 45),
	(12, 500, 16, 734.776, 199.579, 15.1659, -1, 0),
	(12, 500, 17, 712.139, 162.859, 9.43408, -1, 0),
	(12, 500, 18, 661.279, 102.366, -7.6056, -1, 0),
	(12, 500, 19, 492.404, -98.2762, 4.33769, -1, 45),
	(12, 500, 20, 345.207, -65.757, 22.0132, -1, 0),
	(12, 500, 21, 124.766, -27.5095, -3.55861, -1, 45),
	(12, 500, 22, 119.256, -95.8872, 5.72196, -1, 0),
	(12, 500, 23, 59.1577, -198.993, 99.6958, -1, 0),
	(12, 500, 24, -10.1581, -317.91, 112.031, -1, 45),
	(12, 500, 25, 11.0787, -341.926, 111.952, -1, 0),
	(12, 500, 26, 108.678, -383.016, 82.6355, -1, 0),
	(12, 500, 27, 177.525, -402.966, 54.4571, -1, 0),
	(12, 500, 28, 215.611, -413.999, 70.765, -1, 0),
	(12, 500, 29, 230.332, -418.26, 49.3536, -1, 0),
	(12, 500, 30, 307.332, -440.577, 32.373, -1, 0),
	(12, 500, 31, 351.06, -453.255, 39.8947, -1, 0),
	(12, 500, 32, 404.467, -468.727, 20.0797, -1, 0),
	(12, 500, 33, 493.398, -397.575, 83.1589, -1, 0),
	(12, 500, 34, 458.116, -368.433, 25.3503, -1, 45),
	(13, 500, 1, 492.802, -386.075, 72.9809, -1, 0),
	(13, 500, 2, 425.334, -582.044, 48.5517, -1, 0),
	(13, 500, 3, 423.701, -598.523, 35.3933, -1, 0),
	(13, 500, 4, 403.832, -799.908, 47.2484, -1, 0),
	(13, 500, 5, 393.465, -904.914, 11.7362, -1, 45),
	(13, 500, 6, 298.382, -914.983, 14.7202, -1, 0),
	(13, 500, 7, 68.7776, -940.354, -6.46144, -1, 0),
	(13, 500, 8, -81.8126, -1119.99, 7.43728, -1, 0),
	(13, 500, 9, -81.8126, -1119.99, 7.43728, -1, 45),
	(13, 500, 10, -34.3655, -1142.42, 9.68221, -1, 45),
	(13, 500, 11, 28.8211, -1167.61, -13.5036, -1, 0),
	(13, 500, 12, 106.377, -1198.56, 15.3511, -1, 0),
	(13, 500, 13, 180.919, -1228.31, -6.90805, -1, 0),
	(13, 500, 14, 403.262, -1316.96, -5.00293, -1, 45),
	(13, 500, 15, 510.487, -1241.3, 36.708, -1, 0),
	(13, 500, 16, 573.156, -1196.94, 25.5638, -1, 0),
	(13, 500, 17, 610.982, -1170.21, 11.5582, -1, 0),
	(13, 500, 18, 707.012, -1102.42, 6.0507, -1, 0),
	(13, 500, 19, 770.345, -1062.08, 37.6122, -1, 0),
	(13, 500, 20, 885.7, -998.505, 122.458, -1, 0),
	(13, 500, 21, 939.127, -969.052, 125.825, -1, 45),
	(13, 500, 22, 884.536, -927.751, 75.3482, -1, 0),
	(13, 500, 23, 871.206, -898.259, 95.2965, -1, 0),
	(13, 500, 24, 856.155, -858.234, 84.4283, -1, 0),
	(13, 500, 25, 821.6, -795.486, 7.88616, -1, 0),
	(13, 500, 26, 784.139, -727.462, 21.8917, -1, 0),
	(13, 500, 27, 767.31, -696.893, 49.8039, -1, 0),
	(13, 500, 28, 742.593, -666.736, 62.3634, -1, 0),
	(13, 500, 29, 686.808, -623.149, 18.2047, -1, 0),
	(13, 500, 30, 658.077, -598.356, 16.2983, -1, 0),
	(13, 500, 31, 572.225, -498.123, 100.566, -1, 0),
	(13, 500, 32, 511.294, -444.417, 107.27, -1, 0),
	(13, 500, 33, 494.102, -385.816, 73.5735, -1, 45),
	(14, 500, 1, -700.764, 297.492, 29.2682, -1, 5),
	(14, 500, 2, -749.549, 202.483, 72.7477, -1, 0),
	(14, 500, 3, -782.636, 102.497, 87.6699, -1, 0),
	(14, 500, 4, -820.451, 2.50029, 12.0394, -1, 0),
	(14, 500, 5, -815.661, -32.6404, 12.5553, -1, 0),
	(14, 500, 6, -806.99, -96.314, 3.56069, -1, 0),
	(14, 500, 7, -803.963, -118.54, 8.9618, -1, 0),
	(14, 500, 8, -787.163, -176.356, -0.788904, -1, 0),
	(14, 500, 9, -752.042, -297.216, 17.5554, -1, 45),
	(14, 500, 10, -688.186, -310.715, 34.0666, -1, 0),
	(14, 500, 11, -602.681, -396.644, -0.42783, -1, 0),
	(14, 500, 12, -501.097, -496.755, -3.13064, -1, 45),
	(14, 500, 13, -423.518, -400.232, 20.6073, -1, 0),
	(14, 500, 14, -329.674, -296.687, 122.085, -1, 0),
	(14, 500, 15, -271.355, -229.942, 127.815, -1, 45),
	(14, 500, 16, -253.499, -196.54, 126.468, -1, 0),
	(14, 500, 17, -92.7337, -39.678, 8.40563, -1, 0),
	(14, 500, 18, -64.4275, 6.33361, -11.9424, -1, 0),
	(14, 500, 19, 11.3402, 174.642, 31.7798, -1, 45),
	(14, 500, 20, -91.4995, 202.379, -0.014168, -1, 0),
	(14, 500, 21, -186.228, 227.523, -4.64703, -1, 0),
	(14, 500, 22, -247.851, 243.759, 16.9653, -1, 0),
	(14, 500, 23, -290.762, 255.066, 15.1242, -1, 0),
	(14, 500, 24, -328.323, 264.955, 35.1553, -1, 0),
	(14, 500, 25, -489.11, 279.251, 43.2104, -1, 0),
	(14, 500, 26, -511.137, 280.865, 29.8681, -1, 0),
	(14, 500, 27, -701.529, 298.26, 28.9083, -1, 40),
	(15, 500, 1, 886.73, -1059.87, 101.964, -1, 45),
	(15, 500, 2, 901.352, -1006.87, 120.408, -1, 0),
	(15, 500, 3, 903.884, -997.679, 129.393, -1, 0),
	(15, 500, 4, 977.471, -731.155, -4.0052, -1, 45),
	(15, 500, 5, 977.471, -731.155, -4.0052, -1, 0),
	(15, 500, 6, 964.765, -645.778, 0.821965, -1, 0),
	(15, 500, 7, 951.657, -557.675, 131.004, -1, 45),
	(15, 500, 8, 812.043, -598.644, 24.2051, -1, 0),
	(15, 500, 9, 713.488, -627.175, 34.3459, -1, 0),
	(15, 500, 10, 669.918, -639.786, 16.3878, -1, 0),
	(15, 500, 11, 411.518, -714.601, 42.5309, -1, 45),
	(15, 500, 12, 348.844, -800.268, 36.9257, -1, 0),
	(15, 500, 13, 291.177, -920.603, 13.9803, -1, 0),
	(15, 500, 14, 254.448, -998.177, 3.22043, -1, 45),
	(15, 500, 15, 303.727, -1001.77, 2.73429, -1, 0),
	(15, 500, 16, 510.896, -1007.26, 8.23626, -1, 0),
	(15, 500, 17, 608.476, -1013.24, 34.7472, -1, 0),
	(15, 500, 18, 669.945, -1039.55, 72.0613, -1, 0),
	(15, 500, 19, 827.829, -1078.87, 28.0073, -1, 0),
	(15, 500, 20, 886.301, -1060.56, 101.42, -1, 0),
	(16, 500, 1, -798.859, 332.754, 27.6092, -1, 25),
	(16, 500, 2, -758.551, 330.271, 20.7124, -1, 0),
	(16, 500, 3, -601.084, 320.567, 25.1302, -1, 0),
	(16, 500, 4, -476.017, 312.859, 26.7852, -1, 0),
	(16, 500, 5, -203.228, 307.557, -1.03852, -1, 45),
	(16, 500, 6, -90.0341, 289.278, 1.75527, -1, 0),
	(16, 500, 7, 90.2104, 282.594, 77.9495, -1, 0),
	(16, 500, 8, 205.901, 298.593, 50.4432, -1, 0),
	(16, 500, 9, 310.529, 310.169, 9.20792, -1, 0),
	(16, 500, 10, 507.297, 355.368, 42.1795, -1, 0),
	(16, 500, 11, 613.389, 380.543, 58.0408, -1, 0),
	(16, 500, 12, 708.988, 451.853, 43.2337, -1, 0),
	(16, 500, 13, 782.989, 500.052, -0.692586, -1, 0),
	(16, 500, 14, 859.401, 551.107, 14.8873, -1, 0),
	(16, 500, 15, 916.594, 589.307, 41.9997, -1, 0),
	(16, 500, 16, 1008.91, 650.958, 57.6585, -1, 45),
	(16, 500, 17, 932.055, 398.02, 6.48211, -1, 0),
	(16, 500, 18, 902.856, 301.972, 12.3492, -1, 0),
	(16, 500, 19, 871.825, 199.905, 4.32635, -1, 0),
	(16, 500, 20, 812.323, 103.359, -2.51733, -1, 0),
	(16, 500, 21, 749.417, 1.33696, 69.9779, -1, 0),
	(16, 500, 22, 746.118, -65.0145, 97.2977, -1, 0),
	(16, 500, 23, 744.145, -82.1031, 93.8102, -1, 45),
	(16, 500, 24, 726.609, -97.6023, 90.5583, -1, 0),
	(16, 500, 25, 610.722, -200.011, -7.48106, -1, 0),
	(16, 500, 26, 498.287, -299.385, -1.93443, -1, 0),
	(16, 500, 27, 304.189, -353.067, 2.6463, -1, 45),
	(16, 500, 28, 210.001, -349.117, 19.351, -1, 0),
	(16, 500, 29, 66.42, -345.534, 72.0977, -1, 0),
	(16, 500, 30, 9.76605, -344.126, 111.922, -1, 0),
	(16, 500, 31, -53.1845, -362.356, 110.987, -1, 45),
	(16, 500, 32, -93.5025, -334.684, 112.232, -1, 0),
	(16, 500, 33, -111.595, -322.266, 110.289, -1, 0),
	(16, 500, 34, -170.438, -281.876, 74.3351, -1, 0),
	(16, 500, 35, -233.553, -238.555, 125.962, -1, 0),
	(16, 500, 36, -289.275, -200.317, 128.851, -1, 0),
	(16, 500, 37, -404.941, -120.912, -11.9426, -1, 0),
	(16, 500, 38, -430.854, -103.076, -10.0995, -1, 0),
	(16, 500, 39, -475.529, -69.5755, 36.953, -1, 0),
	(16, 500, 40, -473.751, 53.8788, 75.0561, -1, 45),
	(16, 500, 41, -488.631, 63.5612, 83.5661, -1, 0),
	(16, 500, 42, -511.492, 78.4402, 75.7574, -1, 0),
	(16, 500, 43, -549.067, 102.9, 101.863, -1, 0),
	(16, 500, 44, -565.214, 124.697, 102.988, -1, 0),
	(16, 500, 45, -610.412, 185.712, 52.0009, -1, 0),
	(16, 500, 46, -654.699, 237.462, 51.782, -1, 0),
	(16, 500, 47, -717.875, 277.741, 39.4109, -1, 0),
	(16, 500, 48, -798.319, 333.092, 27.5887, -1, 20),
	(17, 500, 1, -600.699, -163.172, 15.2857, -1, 30),
	(17, 500, 2, -574.711, -84.5376, 25.6781, -1, 0),
	(17, 500, 3, -545.765, 3.04053, 28.0255, -1, 0),
	(17, 500, 4, -525.424, 64.5504, 62.4042, -1, 0),
	(17, 500, 5, -512.682, 103.068, 99.3165, -1, 0),
	(17, 500, 6, -495.997, 153.558, 98.1462, -1, 0),
	(17, 500, 7, -484.096, 189.568, 97.5174, -1, 45),
	(17, 500, 8, -464.442, 200.696, 96.9524, -1, 0),
	(17, 500, 9, -287.743, 300.718, -0.24773, -1, 0),
	(17, 500, 10, -192.416, 298.338, -0.7359, -1, 0),
	(17, 500, 11, -89.9133, 295.779, 1.88833, -1, 0),
	(17, 500, 12, 100.228, 291.043, 82.7228, -1, 0),
	(17, 500, 13, 190.26, 282.721, 42.0386, -1, 45),
	(17, 500, 14, 208.16, 266.087, 43.6349, -1, 0),
	(17, 500, 15, 243.214, 233.516, 24.3453, -1, 0),
	(17, 500, 16, 291.818, 188.357, 21.0936, -1, 0),
	(17, 500, 17, 345.324, 138.639, 7.87223, -1, 0),
	(17, 500, 18, 383.209, 103.441, 23.3339, -1, 0),
	(17, 500, 19, 411.884, 76.7948, 20.9728, -1, 0),
	(17, 500, 20, 449.602, 41.7457, -4.94773, -1, 0),
	(17, 500, 21, 540.872, -68.441, -0.061272, -1, 0),
	(17, 500, 22, 584.095, -98.1032, 23.1469, -1, 0),
	(17, 500, 23, 599.507, -108.68, 26.682, -1, 0),
	(17, 500, 24, 611.087, -116.627, 23.7938, -1, 0),
	(17, 500, 25, 676.818, -161.733, 42.4186, -1, 0),
	(17, 500, 26, 717.233, -189.464, 45.6576, -1, 0),
	(17, 500, 27, 774.348, -228.652, 58.566, -1, 45),
	(17, 500, 28, 690.702, -295.669, 1.47248, -1, 0),
	(17, 500, 29, 606.84, -364.39, 39.2186, -1, 0),
	(17, 500, 30, 510.666, -444.445, 107.169, -1, 0),
	(17, 500, 31, 504.35, -453.667, 103.038, -1, 0),
	(17, 500, 32, 489.058, -470.121, 111.122, -1, 45),
	(17, 500, 33, 498.324, -480.865, 102.908, -1, 0),
	(17, 500, 34, 511.495, -496.133, 117.901, -1, 0),
	(17, 500, 35, 559.694, -552.021, 54.1667, -1, 0),
	(17, 500, 36, 597.556, -595.927, 19.9128, -1, 0),
	(17, 500, 37, 650.811, -657.671, 16.1461, -1, 0),
	(17, 500, 38, 696.5, -710.629, 73.2055, -1, 0),
	(17, 500, 39, 744.058, -765.773, 16.7992, -1, 0),
	(17, 500, 40, 770.633, -796.586, 10.1108, -1, 0),
	(17, 500, 41, 837.034, -873.566, 107.967, -1, 0),
	(17, 500, 42, 858.404, -898.337, 105.142, -1, 0),
	(17, 500, 43, 882.627, -926.42, 73.7667, -1, 0),
	(17, 500, 44, 928.02, -979.043, 127.362, -1, 45),
	(17, 500, 45, 840.165, -970.307, 88.0597, -1, 0),
	(17, 500, 46, 810.617, -966.64, 110.483, -1, 0),
	(17, 500, 47, 750.422, -959.185, 130.404, -1, 0),
	(17, 500, 48, 712.299, -954.466, 118.854, -1, 0),
	(17, 500, 49, 613.073, -942.19, 35.2969, -1, 0),
	(17, 500, 50, 575.987, -937.58, 21.473, -1, 0),
	(17, 500, 51, 470.649, -924.551, 9.84093, -1, 0),
	(17, 500, 52, 312.085, -904.966, 15.9953, -1, 0),
	(17, 500, 53, 214.517, -892.89, 6.36973, -1, 0),
	(17, 500, 54, 172.518, -887.7, 4.73034, -1, 45),
	(17, 500, 55, 192.877, -809.711, 34.0915, -1, 0),
	(17, 500, 56, 196.195, -797.705, 36.104, -1, 0),
	(17, 500, 57, 224.1, -696.752, 6.68944, -1, 0),
	(17, 500, 58, 228.767, -679.86, 8.51462, -1, 0),
	(17, 500, 59, 251.379, -598.091, 60.3883, -1, 0),
	(17, 500, 60, 279.551, -496.183, 78.2825, -1, 0),
	(17, 500, 61, 306.648, -398.159, 9.33389, -1, 0),
	(17, 500, 62, 325.227, -330.97, -3.25961, -1, 45),
	(17, 500, 63, 335.888, -292.422, -7.89704, -1, 0),
	(17, 500, 64, 379.096, -136.201, 11.5232, -1, 0),
	(17, 500, 65, 389.676, -97.9413, 18.2863, -1, 0),
	(17, 500, 66, 419.164, 8.66867, 0.101603, -1, 0),
	(17, 500, 67, 458.305, 150.151, 15.7083, -1, 0),
	(17, 500, 68, 463.503, 168.952, 10.329, -1, 45),
	(17, 500, 69, 416.666, 136.686, 18.3318, -1, 0),
	(17, 500, 70, 346.238, 102.316, 17.7672, -1, 0),
	(17, 500, 71, 248.342, 50.0367, 4.96, -1, 0),
	(17, 500, 72, 214.852, 35.7689, 7.76929, -1, 0),
	(17, 500, 73, 138.002, 1.70754, -7.22112, -1, 0),
	(17, 500, 74, 100.584, -14.8766, -0.200838, -1, 0),
	(17, 500, 75, -80.5812, -95.1741, 51.113, -1, 0),
	(17, 500, 76, -218.068, -156.106, 99.7091, -1, 45),
	(17, 500, 77, -290.745, -156.593, 96.2531, -1, 0),
	(17, 500, 78, -355.834, -164.386, 75.9212, -1, 0),
	(17, 500, 79, -463.56, -173.645, 7.51179, -1, 0),
	(17, 500, 80, -488.832, -175.816, 24.9062, -1, 0),
	(17, 500, 81, -567.612, -182.59, 15.4589, -1, 0),
	(17, 500, 82, -600.623, -164.301, 15.1769, -1, 15),
	(18, 500, 1, -504.887, 289.098, 28.7965, -1, 30),
	(18, 500, 2, -530.337, 160.846, 100.439, -1, 0),
	(18, 500, 3, -541.722, 103.453, 101.349, -1, 0),
	(18, 500, 4, -555.387, 34.4929, 33.7305, -1, 0),
	(18, 500, 5, -622.155, -43.5736, -5.60619, -1, 45),
	(18, 500, 6, -564.165, -76.8203, 29.3113, -1, 0),
	(18, 500, 7, -488.21, -127.54, 31.0264, -1, 0),
	(18, 500, 8, -448.507, -154.051, -3.38528, -1, 0),
	(18, 500, 9, -323.606, -166.332, 90.585, -1, 0),
	(18, 500, 10, -158.26, -143.864, 87.8222, -1, 45),
	(18, 500, 11, -72.106, -94.1973, 50.4888, -1, 0),
	(18, 500, 12, 101.954, -0.541097, -5.12883, -1, 0),
	(18, 500, 13, 208.571, 49.8897, 15.8429, -1, 0),
	(18, 500, 14, 259.411, 53.3235, 3.3367, -1, 0),
	(18, 500, 15, 395.716, 94.7561, 24.547, -1, 45),
	(18, 500, 16, 415.507, 201.157, -0.269073, -1, 0),
	(18, 500, 17, 439.798, 372.527, 23.5016, -1, 0),
	(18, 500, 18, 311.019, 370.705, 16.7694, -1, 0),
	(18, 500, 19, 284.019, 373.686, 28.9374, -1, 0),
	(18, 500, 20, 201.409, 382.826, 95.753, -1, 0),
	(18, 500, 21, 110.713, 402.342, 142.256, -1, 0),
	(18, 500, 22, 10.9899, 446.108, 92.8451, -1, 0),
	(18, 500, 23, -24.6205, 464.569, 61.4993, -1, 0),
	(18, 500, 24, -89.948, 482.196, 32.3863, -1, 45),
	(18, 500, 25, -170.47, 421.214, 15.1723, -1, 0),
	(18, 500, 26, -231.911, 301.899, -1.26146, -1, 0),
	(18, 500, 27, -286.342, 233.327, 20.6466, -1, 0),
	(18, 500, 28, -311.518, 201.855, 44.8484, -1, 0),
	(18, 500, 29, -380.953, 102.084, 61.9725, -1, 45),
	(18, 500, 30, -445.222, 127.451, 90.7617, -1, 0),
	(18, 500, 31, -480.602, 201.818, 97.417, -1, 0),
	(18, 500, 32, -505.679, 287.454, 29.0034, -1, 15),
	(19, 500, 1, -208.264, 884.106, 165.911, -1, 5),
	(19, 500, 2, -219.724, 901.71, 171.12, -1, 0),
	(19, 500, 3, -284.15, 1000.71, 173.923, -1, 0),
	(19, 500, 4, -324.672, 1062.98, 169.503, -1, 45),
	(19, 500, 5, -291.115, 1084.17, 164.565, -1, 0),
	(19, 500, 6, -192.738, 1146.3, 186.664, -1, 0),
	(19, 500, 7, -70.6164, 1223.44, 190.031, -1, 0),
	(19, 500, 8, 13.034, 1284.48, 175.405, -1, 0),
	(19, 500, 9, 51.2606, 1301.37, 190.682, -1, 0),
	(19, 500, 10, 123.909, 1324.09, 211.645, -1, 0),
	(19, 500, 11, 241.228, 1348.81, 209.644, -1, 0),
	(19, 500, 12, 301.768, 1346.47, 204.884, -1, 0),
	(19, 500, 13, 337.74, 1350.04, 224.148, -1, 0),
	(19, 500, 14, 408.88, 1354.5, 229.319, -1, 0),
	(19, 500, 15, 445.677, 1357.15, 211.252, -1, 0),
	(19, 500, 16, 538.984, 1357.58, 229.552, -1, 0),
	(19, 500, 17, 607.823, 1350.57, 232.333, -1, 0),
	(19, 500, 18, 648.632, 1352.03, 214.423, -1, 0),
	(19, 500, 19, 922.409, 1345.71, 200.186, -1, 45),
	(19, 500, 20, 1079.36, 1302.03, 90.4786, -1, 0),
	(19, 500, 21, 1269.79, 1236.16, 60.5015, -1, 45),
	(19, 500, 22, 1283.11, 1203.82, 59.8743, -1, 0),
	(19, 500, 23, 1319.69, 1115.14, 105.554, -1, 0),
	(19, 500, 24, 1373.15, 1066.58, 126.803, -1, 0),
	(19, 500, 25, 1356.38, 906.364, 117.237, -1, 0),
	(19, 500, 26, 1329.74, 810.381, 59.8536, -1, 0),
	(19, 500, 27, 1305.86, 724.32, 28.5376, -1, 0),
	(19, 500, 28, 1275.8, 668.099, 21.0435, -1, 0),
	(19, 500, 29, 1241.72, 602.547, 23.43, -1, 45),
	(19, 500, 30, 1210.26, 599.442, 22.5081, -1, 0),
	(19, 500, 31, 1110.9, 589.63, 41.2951, -1, 0),
	(19, 500, 32, 1096.48, 588.2, 33.7328, -1, 0),
	(19, 500, 33, 1019.62, 580.609, 40.111, -1, 0),
	(19, 500, 34, 912.728, 570.05, 37.7344, -1, 0),
	(19, 500, 35, 873.832, 566.208, 23.8524, -1, 0),
	(19, 500, 36, 808.639, 559.763, 26.5256, -1, 0),
	(19, 500, 37, 764.375, 555.391, 43.7818, -1, 0),
	(19, 500, 38, 651.663, 544.249, 55.399, -1, 0),
	(19, 500, 39, 605.316, 539.673, 69.4566, -1, 45),
	(19, 500, 40, 604.457, 703.767, 172.401, -1, 0),
	(19, 500, 41, 610.784, 876.639, 192.541, -1, 45),
	(19, 500, 42, 511.919, 806.439, 189.276, -1, 0),
	(19, 500, 43, 414.352, 741.216, 183.406, -1, 0),
	(19, 500, 44, 356.059, 702.238, 168.147, -1, 0),
	(19, 500, 45, 205.871, 601.816, 84.0202, -1, 0),
	(19, 500, 46, 112.37, 539.27, 112.674, -1, 0),
	(19, 500, 47, 53.3326, 499.806, 106.086, -1, 0),
	(19, 500, 48, -92.9844, 402.009, 13.9467, -1, 0),
	(19, 500, 49, -243.797, 301.201, -0.907256, -1, 45),
	(19, 500, 50, -223.437, 269.902, 8.56973, -1, 0),
	(19, 500, 51, -190.563, 219.368, -4.48974, -1, 0),
	(19, 500, 52, -95.9558, 82.4728, -7.84782, -1, 0),
	(19, 500, 53, -22.6607, 3.57246, -8.43752, -1, 0),
	(19, 500, 54, 40.6189, -64.5465, 32.0667, -1, 0),
	(19, 500, 55, 69.4842, -95.6186, 24.0517, -1, 0),
	(19, 500, 56, 139.784, -171.294, 66.2122, -1, 45),
	(19, 500, 57, 205.564, -106.822, 22.042, -1, 0),
	(19, 500, 58, 278.2, -26.6654, 2.58887, -1, 0),
	(19, 500, 59, 290.516, -1.41898, -3.37721, -1, 0),
	(19, 500, 60, 340.961, 101.991, 16.9507, -1, 0),
	(19, 500, 61, 368.728, 158.904, 5.05377, -1, 0),
	(19, 500, 62, 409.512, 203.963, -0.265874, -1, 0),
	(19, 500, 63, 469.729, 320.955, 28.2946, -1, 45),
	(19, 500, 64, 443.008, 341.794, 20.0577, -1, 0),
	(19, 500, 65, 310.502, 445.112, 32.7063, -1, 0),
	(19, 500, 66, 273.269, 468.672, 67.625, -1, 0),
	(19, 500, 67, 215.938, 505.893, 93.1495, -1, 0),
	(19, 500, 68, 156.785, 547.513, 109.605, -1, 0),
	(19, 500, 69, 92.7833, 592.551, 81.197, -1, 0),
	(19, 500, 70, -19.3566, 671.491, 141.677, -1, 0),
	(19, 500, 71, -77.0426, 712.105, 162.206, -1, 0),
	(19, 500, 72, -150.3, 798.383, 161.129, -1, 0),
	(19, 500, 73, -209.078, 883.013, 165.095, -1, 40),
	(20, 500, 1, -689.475, -398.151, 11.0322, -1, 20),
	(20, 500, 2, -734.881, -497.34, 32.6444, -1, 0),
	(20, 500, 3, -773.873, -582.495, -5.47439, -1, 0),
	(20, 500, 4, -827.183, -698.914, 110.905, -1, 0),
	(20, 500, 5, -886.863, -829.252, 45.9892, -1, 45),
	(20, 500, 6, -780.686, -894.602, -3.61041, -1, 0),
	(20, 500, 7, -720.788, -931.463, 3.37015, -1, 0),
	(20, 500, 8, -673.22, -951.825, -3.71631, -1, 0),
	(20, 500, 9, -579.694, -991.834, 9.61522, -1, 0),
	(20, 500, 10, -492.609, -1029.09, 5.8122, -1, 0),
	(20, 500, 11, -440.566, -1051.32, 51.8907, -1, 0),
	(20, 500, 12, -416.108, -1061.76, 51.5264, -1, 45),
	(20, 500, 13, -414.425, -1016.44, 86.6213, -1, 0),
	(20, 500, 14, -410.102, -899.624, 111.848, -1, 0),
	(20, 500, 15, -407.004, -816.027, -11.2825, -1, 45),
	(20, 500, 16, -318.198, -753.676, -7.28386, -1, 0),
	(20, 500, 17, -237.483, -698.279, -6.68287, -1, 45),
	(20, 500, 18, -262.602, -670.803, 6.77256, -1, 0),
	(20, 500, 19, -293.016, -641.816, -3.35355, -1, 0),
	(20, 500, 20, -366.023, -572.235, 37.2476, -1, 0),
	(20, 500, 21, -390.85, -548.561, 20.4925, -1, 0),
	(20, 500, 22, -408.927, -531.331, 16.2282, -1, 0),
	(20, 500, 23, -445.014, -496.939, -0.488947, -1, 45),
	(20, 500, 24, -516.957, -464.72, 1.57471, -1, 0),
	(20, 500, 25, -589.894, -438.58, -0.545537, -1, 0),
	(20, 500, 26, -688.328, -397.759, 10.9871, -1, 25),
	(21, 500, 1, -820.209, 283.202, 28.6045, -1, 15),
	(21, 500, 2, -814.186, 403.568, 25.9781, -1, 0),
	(21, 500, 3, -810.369, 479.87, 4.47313, -1, 0),
	(21, 500, 4, -799.767, 691.579, 14.5576, -1, 0),
	(21, 500, 5, -794.66, 793.557, 17.5215, -1, 45),
	(21, 500, 6, -709.428, 780.868, 27.677, -1, 0),
	(21, 500, 7, -586.325, 729.414, 66.9272, -1, 0),
	(21, 500, 8, -486.216, 701.671, 102.966, -1, 0),
	(21, 500, 9, -389.503, 700.509, 138.539, -1, 0),
	(21, 500, 10, -292.986, 705.463, 114.893, -1, 0),
	(21, 500, 11, -74.5304, 806.949, 173.506, -1, 45),
	(21, 500, 12, -95.9902, 904.038, 188.279, -1, 0),
	(21, 500, 13, -110.914, 981.898, 168.276, -1, 0),
	(21, 500, 14, -140.504, 1102.94, 177.027, -1, 0),
	(21, 500, 15, -149.938, 1142.66, 191.167, -1, 0),
	(21, 500, 16, -179.984, 1224.76, 181.312, -1, 45),
	(21, 500, 17, -191.288, 1226.42, 181.276, -1, 0),
	(21, 500, 18, -286.269, 1240.36, 160.936, -1, 0),
	(21, 500, 19, -341.225, 1248.43, 144.843, -1, 0),
	(21, 500, 20, -497.557, 1271.4, 74.801, -1, 0),
	(21, 500, 21, -579.646, 1266.73, 63.9811, -1, 45),
	(21, 500, 22, -599.695, 1200.88, 67.3997, -1, 0),
	(21, 500, 23, -629.782, 1101.48, 50.564, -1, 0),
	(21, 500, 24, -652.585, 1026.13, 59.5729, -1, 0),
	(21, 500, 25, -690.771, 900.043, 65.4342, -1, 0),
	(21, 500, 26, -719.844, 804, 28.0998, -1, 0),
	(21, 500, 27, -840.607, 685.976, 29.9037, -1, 45),
	(21, 500, 28, -836.144, 655.36, 33.13, -1, 0),
	(21, 500, 29, -810.33, 481.913, 4.46022, -1, 0),
	(21, 500, 30, -817.159, 401.798, 26.6428, -1, 0),
	(21, 500, 31, -819.846, 282.234, 28.5647, -1, 30),
	(22, 500, 1, -351.963, -539.331, 31.7888, -1, 45),
	(22, 500, 2, -352.958, -498.591, 17.8185, -1, 0),
	(22, 500, 3, -355.425, -397.673, 41.8622, -1, 0),
	(22, 500, 4, -357.866, -297.756, 117.892, -1, 0),
	(22, 500, 5, -358.432, -274.517, 117.988, -1, 45),
	(22, 500, 6, -367.157, -274.517, 116.344, -1, 0),
	(22, 500, 7, -390.68, -274.517, 106.625, -1, 0),
	(22, 500, 8, -501.004, -274.517, 43.9737, -1, 0),
	(22, 500, 9, -686.981, -289.209, 35.9108, -1, 0),
	(22, 500, 10, -778.37, -302.748, 6.98853, -1, 45),
	(22, 500, 11, -743.913, -343.658, -2.15992, -1, 0),
	(22, 500, 12, -698.727, -397.308, 5.96937, -1, 0),
	(22, 500, 13, -693.816, -403.138, 12.749, -1, 0),
	(22, 500, 14, -615.004, -496.701, 7.18843, -1, 0),
	(22, 500, 15, -585.226, -532.034, 19.0083, -1, 0),
	(22, 500, 16, -555.974, -595.186, 48.6324, -1, 0),
	(22, 500, 17, -555.974, -660.49, 40.6508, -1, 0),
	(22, 500, 18, -555.974, -768.148, 3.24794, -1, 45),
	(22, 500, 19, -555.974, -855.985, -1.29315, -1, 0),
	(22, 500, 20, -566.739, -976.241, 15.6067, -1, 0),
	(22, 500, 21, -552.837, -1049.21, 1.93367, -1, 45),
	(22, 500, 22, -491.039, -1023.82, 6.68384, -1, 0),
	(22, 500, 23, -386.437, -986.348, 116.836, -1, 0),
	(22, 500, 24, -325.873, -899.272, 101.837, -1, 0),
	(22, 500, 25, -249.393, -796.104, 3.16638, -1, 0),
	(22, 500, 26, -222.047, -759.214, -1.60173, -1, 45),
	(22, 500, 27, -182.418, -765.571, -5.2687, -1, 0),
	(22, 500, 28, -66.9416, -784.106, 11.2992, -1, 0),
	(22, 500, 29, 102.523, -703.214, 20.6249, -1, 0),
	(22, 500, 30, 160.411, -593.702, 104.134, -1, 0),
	(22, 500, 31, 201.277, -506.049, 119.613, -1, 0),
	(22, 500, 32, 249.619, -392.898, 25.7913, -1, 45),
	(22, 500, 33, 379.87, -384.803, 9.74289, -1, 0),
	(22, 500, 34, 404.973, -411.167, 18.4674, -1, 0),
	(22, 500, 35, 438.582, -570.053, 59.4805, -1, 0),
	(22, 500, 36, 446.808, -608.928, 32.8018, -1, 0),
	(22, 500, 37, 490.24, -720.292, 30.2136, -1, 0),
	(22, 500, 38, 456.171, -857.728, -5.03799, -1, 0),
	(22, 500, 39, 445.619, -899.822, 11.5862, -1, 0),
	(22, 500, 40, 523.087, -972.766, 11.1555, -1, 0),
	(22, 500, 41, 579.872, -1024.05, 30.1422, -1, 0),
	(22, 500, 42, 600.793, -1100.94, 1.3727, -1, 45),
	(22, 500, 43, 575.257, -1032.27, 28.4321, -1, 0),
	(22, 500, 44, 610.876, -845.602, 29.6913, -1, 0),
	(22, 500, 45, 624.695, -801.915, 28.926, -1, 0),
	(22, 500, 46, 708.316, -698.903, 79.0063, -1, 0),
	(22, 500, 47, 639.154, -668.103, 16.4057, -1, 0),
	(22, 500, 48, 501.459, -598.743, 25.1723, -1, 0),
	(22, 500, 49, 440.209, -567.879, 60.7972, -1, 0),
	(22, 500, 50, 409.078, -566.876, 30.9158, -1, 0),
	(22, 500, 51, 331.507, -574.104, 24.9937, -1, 0),
	(22, 500, 52, 212.126, -615.038, 70.0529, -1, 0),
	(22, 500, 53, 115.641, -637.772, 79.4707, -1, 0),
	(22, 500, 54, 22.0408, -593.553, 123.169, -1, 0),
	(22, 500, 55, -88.667, -597.463, 114.963, -1, 0),
	(22, 500, 56, -173.078, -582.515, 52.2683, -1, 45),
	(22, 500, 57, -189.883, -580.015, 52.2474, -1, 0),
	(22, 500, 58, -288.434, -565.328, 13.0538, -1, 0),
	(22, 500, 59, -353.902, -539.577, 31.1108, -1, 0),
	(23, 500, 1, -393, 1216, 122.985, -1, 0),
	(23, 500, 2, -350.356, 1136.2, 150.418, -1, 0),
	(23, 500, 3, -331.705, 1101.3, 155.582, -1, 0),
	(23, 500, 4, -315.989, 1071.89, 167.84, -1, 0),
	(23, 500, 5, -284.285, 1012.58, 173.616, -1, 0),
	(23, 500, 6, -244.475, 938.097, 167.25, -1, 0),
	(23, 500, 7, -226.66, 904.762, 169.343, -1, 0),
	(23, 500, 8, -215.884, 884.588, 163.702, -1, 0),
	(23, 500, 9, -201.583, 857.829, 162.653, -1, 0),
	(23, 500, 10, -187.71, 831.873, 163.307, -1, 0),
	(23, 500, 11, -118.998, 703.303, 151.549, -1, 0),
	(23, 500, 12, -87.5553, 644.463, 128.615, -1, 0),
	(23, 500, 13, -73.6684, 618.474, 114.678, -1, 0),
	(23, 500, 14, -38.9252, 553.458, 56.5789, -1, 0),
	(23, 500, 15, -11.8594, 502.81, 75.7036, -1, 0),
	(23, 500, 16, 41.5657, 402.843, 110.893, -1, 0),
	(23, 500, 17, 94.1844, 304.373, 82.9022, -1, 0),
	(23, 500, 18, 100.629, 292.312, 83.165, -1, 0),
	(23, 500, 19, 135.311, 227.414, 12.9221, -1, 0),
	(23, 500, 20, 147.37, 204.847, 11.6897, -1, 0),
	(23, 500, 21, 171.479, 159.732, 43.462, -1, 0),
	(23, 500, 22, 216.872, 99.9249, 38.7801, -1, 0),
	(23, 500, 23, 249.026, 47.3682, 3.44822, -1, 0),
	(23, 500, 24, 264.872, 33.0044, -0.583742, -1, 0),
	(23, 500, 25, 292.42, 1.44687, -4.04397, -1, 0),
	(23, 500, 26, 348.153, -63.1712, 21.1477, -1, 0),
	(23, 500, 27, 364.524, -96.5535, 22.6182, -1, 0),
	(23, 500, 28, 414.731, -199.454, 4.51963, -1, 0),
	(23, 500, 29, 452.832, -256.555, -8.66336, -1, 0),
	(23, 500, 30, 491.694, -314.719, 1.38014, -1, 0),
	(23, 500, 31, 537.491, -383.272, 78.7394, -1, 0),
	(23, 500, 32, 613.616, -497.248, 89.8977, -1, 0),
	(23, 500, 33, 664.433, -573.311, 39.5273, -1, 0),
	(23, 500, 34, 679.56, -627.962, 15.5319, -1, 0),
	(23, 500, 35, 714.297, -679.951, 69.0608, -1, 0),
	(23, 500, 36, 721.726, -691.074, 74.4902, -1, 0),
	(23, 500, 37, 760.668, -749.365, 19.0047, -1, 0),
	(23, 500, 38, 792.054, -796.341, 9.29375, -1, 0),
	(23, 500, 39, 844.635, -875.05, 102.938, -1, 0),
	(23, 500, 40, 859.321, -897.036, 104.17, -1, 0),
	(23, 500, 41, 880.697, -929.036, 74.8332, -1, 0),
	(23, 500, 42, 919.851, -987.65, 129.343, -1, 0),
	(23, 500, 43, 991.259, -1094.51, 26.479, -1, 0),
	(23, 500, 44, 1004.8, -1114.79, 28.8782, -1, 0),
	(23, 500, 45, 1012.23, -1125.91, 25.8689, -1, 0),
	(23, 500, 46, 1059.52, -1196.68, 106.873, -1, 0),
	(23, 500, 47, 1080.19, -1227.62, 84.6374, -1, 0),
	(23, 500, 48, 1111.18, -1274.01, 129.797, -1, 0),
	(23, 500, 49, 1158.32, -1344.58, 8.88603, -1, 0),
	(23, 500, 50, 1145.21, -1399.2, 39.8069, -1, 0),
	(23, 500, 51, 1170.33, -1437.82, 71.6304, -1, 0),
	(23, 500, 52, 1209.21, -1497.6, -7.14529, -1, 0),
	(23, 500, 53, 1242.12, -1545.99, 94.54, -1, 0),
	(23, 500, 54, 1113.1, -1530.05, 59.1612, -1, 0),
	(23, 500, 55, 1077.83, -1529.17, 32.7712, -1, 0),
	(23, 500, 56, 901.695, -1512.77, 35.3411, -1, 0),
	(23, 500, 57, 791.919, -1522.48, 24.7214, -1, 0),
	(23, 500, 58, 690.149, -1532.25, 6.13331, -1, 0),
	(23, 500, 59, 664.576, -1497.27, -14.2295, -1, 0),
	(23, 500, 60, 634.637, -1453.58, -8.77544, -1, 0),
	(23, 500, 61, 565.214, -1347.8, 93.3213, -1, 0),
	(23, 500, 62, 527.18, -1284.34, 29.8072, -1, 0),
	(23, 500, 63, 510.963, -1257.27, 35.1956, -1, 0),
	(23, 500, 64, 475.646, -1198.33, 25.9739, -1, 0),
	(23, 500, 65, 452.055, -1158.96, 1.6448, -1, 0),
	(23, 500, 66, 408.754, -1100.03, 32.0645, -1, 0),
	(23, 500, 67, 352.42, -1060.22, 31.8225, -1, 0),
	(23, 500, 68, 296.414, -1012.45, 2.47941, -1, 0),
	(23, 500, 69, 241.139, -963.556, 7.67159, -1, 0),
	(23, 500, 70, 200.775, -900.455, 3.73697, -1, 0),
	(23, 500, 71, 86.7634, -939.638, -6.77747, -1, 0),
	(23, 500, 72, 10.7142, -965.774, -5.36122, -1, 0),
	(23, 500, 73, -183.857, -1056.36, 69.0559, -1, 0),
	(23, 500, 74, -268.787, -1096.5, 73.7313, -1, 0),
	(23, 500, 75, -304.257, -1113.26, 67.223, -1, 0),
	(23, 500, 76, -390.805, -1154.16, 14.4199, -1, 0),
	(23, 500, 77, -487.668, -1199.94, 15.8348, -1, 0),
	(23, 500, 78, -687.769, -1294.55, 120.215, -1, 0),
	(23, 500, 79, -790.519, -1343.11, -3.31653, -1, 0),
	(23, 500, 80, -862.819, -1377.28, -1.7616, -1, 0),
	(23, 500, 81, -917.873, -1421.6, 36.1615, -1, 0),
	(23, 500, 82, -892.045, -1417.68, 10.5142, -1, 0),
	(23, 500, 83, -790.058, -1383.76, -6.51916, -1, 0),
	(23, 500, 84, -660.804, -1297.34, 123.285, -1, 0),
	(23, 500, 85, -587.693, -1243.71, 87.0016, -1, 0),
	(23, 500, 86, -530.233, -1197.71, 30.1123, -1, 0),
	(23, 500, 87, -488.857, -1164.58, 8.3569, -1, 0),
	(23, 500, 88, -409.008, -1100.66, 23.2337, -1, 0),
	(23, 500, 89, -389.954, -1085.41, 40.3296, -1, 0),
	(23, 500, 90, -321.501, -1030.6, 4.18218, -1, 0),
	(23, 500, 91, -293.695, -1008.33, -1.64964, -1, 0),
	(23, 500, 92, -254.269, -978.6, 18.7194, -1, 0),
	(23, 500, 93, -189.541, -908.126, 47.4881, -1, 0),
	(23, 500, 94, -176.531, -895.73, 36.9215, -1, 0),
	(23, 500, 95, -89.9582, -813.277, 11.4633, -1, 0),
	(23, 500, 96, 21.7471, -698.623, 4.26771, -1, 0),
	(23, 500, 97, 104.645, -598.019, 120.663, -1, 0),
	(23, 500, 98, 210.049, -462.911, 91.3456, -1, 0),
	(23, 500, 99, 260.787, -397.875, 23.2253, -1, 0),
	(23, 500, 100, 317.315, -325.423, -3.95331, -1, 0),
	(23, 500, 101, 394.119, -226.977, 0.998462, -1, 0),
	(23, 500, 102, 494.918, -96.0411, 3.99097, -1, 0),
	(23, 500, 103, 666.204, 103.705, -7.22436, -1, 0),
	(23, 500, 104, 736.243, 200.638, 15.1434, -1, 0),
	(23, 500, 105, 797.851, 288.728, 69.7759, -1, 0),
	(23, 500, 106, 802.244, 309.521, 64.5406, -1, 0),
	(23, 500, 107, 860.913, 402.749, 14.8948, -1, 0),
	(23, 500, 108, 911.593, 485.004, 19.8663, -1, 0),
	(23, 500, 109, 949.97, 563.771, 36.5715, -1, 0),
	(23, 500, 110, 1009.23, 674.669, 63.5984, -1, 0),
	(23, 500, 111, 1092.86, 855.714, 73.8574, -1, 0),
	(23, 500, 112, 1120.83, 1005.61, 94.3067, -1, 0),
	(23, 500, 113, 1221.87, 1099.8, 93.6306, -1, 0),
	(23, 500, 114, 1274.25, 1282.07, 59.4596, -1, 0),
	(23, 500, 115, 1201.15, 1305.48, 64.8384, -1, 0),
	(23, 500, 116, 934.339, 1297.56, 167.912, -1, 0),
	(23, 500, 117, 894.854, 1322.39, 190.331, -1, 0),
	(23, 500, 118, 651.037, 1383.5, 233.044, -1, 0),
	(23, 500, 119, 610.854, 1390.19, 265.796, -1, 0),
	(23, 500, 120, 553.713, 1387.36, 255.748, -1, 0),
	(23, 500, 121, 515.181, 1385.45, 237.398, -1, 0),
	(23, 500, 122, 455.139, 1378.87, 226.263, -1, 0),
	(23, 500, 123, 411.168, 1373.42, 249.849, -1, 0),
	(23, 500, 124, 322.364, 1362.42, 223.319, -1, 0),
	(23, 500, 125, 245.838, 1346.71, 207.887, -1, 0),
	(23, 500, 126, 132.221, 1328.4, 215.096, -1, 0),
	(23, 500, 127, 108.862, 1324.93, 203.285, -1, 0),
	(23, 500, 128, 14.4148, 1310.88, 197.315, -1, 0),
	(23, 500, 129, -50.7029, 1301.2, 181.26, -1, 0),
	(23, 500, 130, -190.073, 1280.46, 180.515, -1, 0),
	(23, 500, 131, -190.925, 1088.45, 191.709, -1, 0),
	(23, 500, 132, -259.247, 974.757, 172.268, -1, 0),
	(24, 500, 1, 1269.88, -717.733, -9.8735, -1, 45),
	(24, 500, 2, 1267.41, -677.951, -7.48214, -1, 0),
	(24, 500, 3, 1269.57, -633.607, 43.6005, -1, 0),
	(24, 500, 4, 1271.33, -597.353, 65.6951, -1, 0),
	(24, 500, 5, 1274.38, -534.498, -6.7206, -1, 0),
	(24, 500, 6, 1276.1, -499.186, -6.3913, -1, 0),
	(24, 500, 7, 1281.14, -395.68, 110.191, -1, 0),
	(24, 500, 8, 1285.59, -304.465, 125.311, -1, 45),
	(24, 500, 9, 1113.19, -353.88, 123.541, -1, 45),
	(24, 500, 10, 1013.06, -384.228, 13.484, -1, 0),
	(24, 500, 11, 904.334, -409.237, 2.16336, -1, 0),
	(24, 500, 12, 809.791, -429.231, 25.9055, -1, 0),
	(24, 500, 13, 711.332, -450.046, 103.527, -1, 0),
	(24, 500, 14, 646.744, -463.705, 92.4199, -1, 0),
	(24, 500, 15, 609.146, -471.654, 80.9888, -1, 0),
	(24, 500, 16, 509.884, -492.643, 116.371, -1, 45),
	(24, 500, 17, 538.363, -596.285, 23.3686, -1, 0),
	(24, 500, 18, 563.95, -698.538, 21.2659, -1, 0),
	(24, 500, 19, 570.973, -736.317, -0.952902, -1, 0),
	(24, 500, 20, 586.907, -821.953, 26.7114, -1, 0),
	(24, 500, 21, 604.796, -918.099, 28.2182, -1, 0),
	(24, 500, 22, 619.591, -997.614, 48.0129, -1, 0),
	(24, 500, 23, 633.839, -1074.21, 28.3681, -1, 45),
	(24, 500, 24, 754.274, -1016.49, 89.6899, -1, 0),
	(24, 500, 25, 796.102, -997.941, 100.146, -1, 0),
	(24, 500, 26, 850.771, -937.616, 93.1904, -1, 0),
	(24, 500, 27, 877.891, -927.768, 76.6369, -1, 0),
	(24, 500, 28, 969.424, -894.99, 89.8615, -1, 0),
	(24, 500, 29, 1039.69, -869.831, 100.144, -1, 0),
	(24, 500, 30, 1111.52, -805.663, 68.8012, -1, 0),
	(24, 500, 31, 1235.06, -739.729, -6.57586, -1, 0),
	(24, 500, 32, 1269.07, -713.344, -12.4403, -1, 0),
	(25, 500, 1, 834.917, -508.991, 22.9053, -1, 0),
	(25, 500, 2, 809.126, -538.764, 26.6198, -1, 0),
	(25, 500, 3, 757.761, -598.214, 18.8998, -1, 0),
	(25, 500, 4, 711.75, -651.47, 50.1557, -1, 0),
	(25, 500, 5, 671.043, -698.582, 55.2949, -1, 0),
	(25, 500, 6, 631.51, -744.342, 36.9221, -1, 45),
	(25, 500, 7, 591.289, -721.151, 8.28143, -1, 0),
	(25, 500, 8, 512.008, -698.114, 26.1712, -1, 0),
	(25, 500, 9, 410.154, -668.531, 39.9136, -1, 0),
	(25, 500, 10, 269.756, -639.108, 16.8534, -1, 0),
	(25, 500, 11, 185.405, -630.783, 62.4863, -1, 45),
	(25, 500, 12, 147.189, -698.176, 15.3357, -1, 0),
	(25, 500, 13, 97.7344, -785.399, 4.68382, -1, 0),
	(25, 500, 14, 100.199, -886.073, -4.35958, -1, 0),
	(25, 500, 15, 40.0808, -1093.18, -3.15999, -1, 45),
	(25, 500, 16, 8.79767, -1104.16, -1.88853, -1, 0),
	(25, 500, 17, -88.7967, -1131.08, 10.0857, -1, 0),
	(25, 500, 18, -128.455, -1142.01, -0.091439, -1, 45),
	(25, 500, 19, -97.9795, -997.956, 47.1885, -1, 0),
	(25, 500, 20, -87.6199, -949.004, 22.7445, -1, 0),
	(25, 500, 21, -76.6213, -897.035, 2.86904, -1, 0),
	(25, 500, 22, -55.2143, -795.87, 13.1716, -1, 45),
	(25, 500, 23, 0.294743, -828.176, 10.8664, -1, 0),
	(25, 500, 24, 68.4692, -867.857, -1.82655, -1, 0),
	(25, 500, 25, 139.326, -909.099, -3.03236, -1, 0),
	(25, 500, 26, 238.348, -966.736, 7.28958, -1, 0),
	(25, 500, 27, 303.729, -1004.8, 2.63057, -1, 0),
	(25, 500, 28, 340.122, -1099.08, 43.6809, -1, 0),
	(25, 500, 29, 352.136, -1130.22, 51.6, -1, 45),
	(25, 500, 30, 377.514, -1137.77, 18.977, -1, 0),
	(25, 500, 31, 445.943, -1161.22, 0.953247, -1, 0),
	(25, 500, 32, 516.175, -1185.3, 36.6904, -1, 0),
	(25, 500, 33, 594.68, -1212.26, 18.7294, -1, 0),
	(25, 500, 34, 670.812, -1238.37, 67.2256, -1, 0),
	(25, 500, 35, 708.185, -1251.2, 56.8018, -1, 45),
	(25, 500, 36, 742.622, -1196.41, 59.2709, -1, 0),
	(25, 500, 37, 794.802, -1106.7, 10.3083, -1, 0),
	(25, 500, 38, 858.425, -997.358, 112.833, -1, 0),
	(25, 500, 39, 845.624, -962.913, 85.4524, -1, 0),
	(25, 500, 40, 835.694, -897.438, 122.658, -1, 0),
	(25, 500, 41, 822.937, -794.37, 7.80936, -1, 0),
	(25, 500, 42, 818.672, -698.339, 24.0395, -1, 0),
	(25, 500, 43, 833.535, -661.117, 49.3132, -1, 0),
	(25, 500, 44, 827.768, -597.902, 41.1407, -1, 0),
	(25, 500, 45, 829.627, -578.288, 19.6709, -1, 0),
	(25, 500, 46, 835.277, -508.554, 22.8466, -1, 45),
	(26, 500, 1, 1102.79, -242.213, 54.1595, -1, 5),
	(26, 500, 2, 1105.46, -205.182, 25.4369, -1, 0),
	(26, 500, 3, 1113.22, -97.9347, 85.3555, -1, 0),
	(26, 500, 4, 1120.29, -0.227144, 51.497, -1, 0),
	(26, 500, 5, 1121.17, 11.9724, 50.143, -1, 0),
	(26, 500, 6, 1127.7, 102.256, 22.4079, -1, 45),
	(26, 500, 7, 1031.86, 122.516, 31.3406, -1, 0),
	(26, 500, 8, 948.934, 140.053, 9.83052, -1, 0),
	(26, 500, 9, 910.062, 148.252, 9.0957, -1, 0),
	(26, 500, 10, 782.287, 175.271, -1.57216, -1, 0),
	(26, 500, 11, 727.893, 198.57, 16.2987, -1, 300),
	(26, 500, 12, 732.611, 126.124, -5.30214, -1, 0),
	(26, 500, 13, 713.774, 4.75828, 42.5303, -1, 0),
	(26, 500, 14, 669.757, -97.7433, 65.8863, -1, 0),
	(26, 500, 15, 616.496, -191.706, -1.96304, -1, 0),
	(26, 500, 16, 557.512, -295.795, 0.211951, -1, 0),
	(26, 500, 17, 531.81, -376.615, 77.5427, -1, 0),
	(26, 500, 18, 512.431, -437.715, 105.395, -1, 0),
	(26, 500, 19, 502.289, -469.697, 109.934, -1, 0),
	(26, 500, 20, 496.582, -487.692, 101.989, -1, 0),
	(26, 500, 21, 485.667, -522.06, 97.733, -1, 0),
	(26, 500, 22, 461.199, -599.195, 30.489, -1, 45),
	(26, 500, 23, 641.482, -661.242, 16.3814, -1, 0),
	(26, 500, 24, 717.925, -689.628, 75.7075, -1, 0),
	(26, 500, 25, 789.885, -716.346, 25.0476, -1, 0),
	(26, 500, 26, 813.223, -725.014, 20.6082, -1, 0),
	(26, 500, 27, 850.555, -751.297, 6.70191, -1, 0),
	(26, 500, 28, 912.857, -795.168, 7.1104, -1, 0),
	(26, 500, 29, 1030.73, -878.17, 103.696, -1, 45),
	(26, 500, 30, 1044.22, -741.127, 9.5852, -1, 0),
	(26, 500, 31, 1040.39, -706.739, -6.6169, -1, 0),
	(26, 500, 32, 1048.25, -660.66, -24.0025, -1, 0),
	(26, 500, 33, 1063.06, -572.957, -7.68889, -1, 0),
	(26, 500, 34, 1059.93, -450.203, 131.878, -1, 0),
	(26, 500, 35, 1069.15, -392.524, 81.7343, -1, 0),
	(26, 500, 36, 1063.38, -292.176, 56.3292, -1, 0),
	(26, 500, 37, 1104.01, -238.498, 52.2522, -1, 40),
	(27, 500, 1, 1145.44, 437.862, 31.7366, -1, 5),
	(27, 500, 2, 1157.01, 402.657, 74.5673, -1, 0),
	(27, 500, 3, 1189.56, 303.562, 35.1826, -1, 0),
	(27, 500, 4, 1176.73, 172.501, 34.286, -1, 0),
	(27, 500, 5, 1165.03, 105.492, 19.7612, -1, 45),
	(27, 500, 6, 1121.81, 136.671, 27.75, -1, 0),
	(27, 500, 7, 1019.6, 211.967, 7.10884, -1, 0),
	(27, 500, 8, 973.498, 265.489, 0.307432, -1, 0),
	(27, 500, 9, 907.497, 297.663, 6.34472, -1, 0),
	(27, 500, 10, 838.781, 331.17, 56.8585, -1, 0),
	(27, 500, 11, 810.248, 345.081, 53.6219, -1, 0),
	(27, 500, 12, 773.028, 363.221, 5.76113, -1, 0),
	(27, 500, 13, 703.792, 396.968, 54.1581, -1, 0),
	(27, 500, 14, 612.653, 441.391, 53.1795, -1, 45),
	(27, 500, 15, 589.552, 404.923, 56.8686, -1, 0),
	(27, 500, 16, 514.107, 329.51, 43.5905, -1, 0),
	(27, 500, 17, 411.195, 226.606, 1.31747, -1, 0),
	(27, 500, 18, 316.414, 131.839, 12.6394, -1, 45),
	(27, 500, 19, 340.875, 100.48, 16.7015, -1, 0),
	(27, 500, 20, 367.568, 66.2577, 20.1017, -1, 0),
	(27, 500, 21, 366.634, 40.8087, 27.0922, -1, 0),
	(27, 500, 22, 381.082, 24.0524, 5.75498, -1, 0),
	(27, 500, 23, 399.571, 2.6018, 0.855376, -1, 0),
	(27, 500, 24, 481.067, -91.8998, 5.54739, -1, 0),
	(27, 500, 25, 509.05, -124.347, 0.017655, -1, 0),
	(27, 500, 26, 543.93, -164.798, 5.8146, -1, 0),
	(27, 500, 27, 570.6, -195.727, -6.37734, -1, 45),
	(27, 500, 28, 608.574, -154.828, 8.97875, -1, 0),
	(27, 500, 29, 677.864, -97.3834, 70.5404, -1, 0),
	(27, 500, 30, 740.972, -66.4528, 96.085, -1, 0),
	(27, 500, 31, 804.575, -4.36574, 109.964, -1, 45),
	(27, 500, 32, 873.188, -33.7959, 108.885, -1, 0),
	(27, 500, 33, 978.518, -78.9619, 0.547782, -1, 0),
	(27, 500, 34, 1022.86, -97.9755, -6.31927, -1, 0),
	(27, 500, 35, 1084.34, -124.359, 83.7269, -1, 45),
	(27, 500, 36, 1089.2, -97.9595, 63.9353, -1, 0),
	(27, 500, 37, 1110.47, 0.158932, 54.3555, -1, 0),
	(27, 500, 38, 1111, 101.324, 24.2074, -1, 0),
	(27, 500, 39, 1118.74, 207.951, 33.9009, -1, 0),
	(27, 500, 40, 1139.71, 301.508, 13.6163, -1, 0),
	(27, 500, 41, 1162.31, 402.332, 76.7823, -1, 0),
	(27, 500, 42, 1144.33, 438.389, 33.047, -1, 40),
	(28, 500, 1, 879.539, -1017.67, 102.672, -1, 40),
	(28, 500, 2, 877.292, -1032.73, 89.2109, -1, 0),
	(28, 500, 3, 866.925, -1102.07, 78.4482, -1, 0),
	(28, 500, 4, 860.151, -1147.53, 84.7488, -1, 0),
	(28, 500, 5, 811.555, -1202.38, 33.4872, -1, 0),
	(28, 500, 6, 674.527, -1296.14, 51.6387, -1, 45),
	(28, 500, 7, 639.313, -1270, 65.0882, -1, 0),
	(28, 500, 8, 583.287, -1228.42, 21.58, -1, 0),
	(28, 500, 9, 522.389, -1183.22, 35.5656, -1, 0),
	(28, 500, 10, 466.754, -1141.92, 2.18583, -1, 0),
	(28, 500, 11, 394.819, -1098.08, 35.3862, -1, 0),
	(28, 500, 12, 339.116, -1070, 36.677, -1, 0),
	(28, 500, 13, 310.036, -1049.49, 26.2151, -1, 0),
	(28, 500, 14, 279.714, -1028.1, 2.00804, -1, 0),
	(28, 500, 15, 221.885, -987.359, 4.9611, -1, 0),
	(28, 500, 16, 109.65, -908.29, -5.93447, -1, 0),
	(28, 500, 17, 59.5531, -872.951, -1.67006, -1, 0),
	(28, 500, 18, -44.1102, -799.914, 13.5542, -1, 45),
	(28, 500, 19, -96.8969, -895.755, 6.46112, -1, 0),
	(28, 500, 20, -153.378, -998.299, 82.0108, -1, 0),
	(28, 500, 21, -157.768, -1019.16, 87.5369, -1, 45),
	(28, 500, 22, -171.816, -1020.7, 81.2576, -1, 0),
	(28, 500, 23, -189.674, -1022.67, 91.1844, -1, 0),
	(28, 500, 24, -214.129, -1025.36, 96.9384, -1, 0),
	(28, 500, 25, -321.771, -1037.17, 9.80324, -1, 0),
	(28, 500, 26, -390.821, -1044.74, 75.2469, -1, 45),
	(28, 500, 27, -383.464, -990.616, 114.949, -1, 0),
	(28, 500, 28, -370.928, -898.418, 121.984, -1, 0),
	(28, 500, 29, -356.59, -792.98, -11.9397, -1, 0),
	(28, 500, 30, -363.409, -726.309, -8.76621, -1, 0),
	(28, 500, 31, -367.891, -689.904, -1.44058, -1, 0),
	(28, 500, 32, -376.928, -616.477, 25.1407, -1, 45),
	(28, 500, 33, -317.383, -627.391, -1.55078, -1, 0),
	(28, 500, 34, -290.008, -632.476, -3.14133, -1, 0),
	(28, 500, 35, -235.519, -642.596, 19.6026, -1, 0),
	(28, 500, 36, -190.319, -656.883, 12.5262, -1, 0),
	(28, 500, 37, -160.536, -668.353, 27.8952, -1, 0),
	(28, 500, 38, -82.1514, -698.554, 8.61138, -1, 0),
	(28, 500, 39, 26.8138, -740.553, 10.797, -1, 45),
	(28, 500, 40, 88.5092, -701.458, 17.6604, -1, 0),
	(28, 500, 41, 206.68, -626.588, 62.2028, -1, 0),
	(28, 500, 42, 250.569, -598.775, 60.3783, -1, 0),
	(28, 500, 43, 406.989, -499.66, 19.1146, -1, 45),
	(28, 500, 44, 453.009, -554.103, 71.0289, -1, 0),
	(28, 500, 45, 510.721, -599.5, 23.9632, -1, 0),
	(28, 500, 46, 608.738, -699.925, 16.1037, -1, 0),
	(28, 500, 47, 654.268, -755.419, 52.3335, -1, 0),
	(28, 500, 48, 707.198, -799.825, 13.1569, -1, 0),
	(28, 500, 49, 825.255, -887.793, 125.204, -1, 0),
	(28, 500, 50, 870.618, -936.635, 78.1892, -1, 0),
	(28, 500, 51, 924.818, -984.364, 128.878, -1, 0),
	(28, 500, 52, 880.147, -1016.55, 103.924, -1, 5),
	(29, 500, 1, 1014.55, -289.807, 11.2691, -1, 35),
	(29, 500, 2, 1008.91, -199.06, 75.1933, -1, 0),
	(29, 500, 3, 1002.69, -100.742, -11.9623, -1, 0),
	(29, 500, 4, 1001.71, -84.9268, -3.88779, -1, 45),
	(29, 500, 5, 947.599, -72.0882, 5.11301, -1, 0),
	(29, 500, 6, 912.2, -63.6859, 19.3319, -1, 0),
	(29, 500, 7, 858.363, -50.9049, 104.101, -1, 0),
	(29, 500, 8, 778.209, -31.8788, 104.219, -1, 0),
	(29, 500, 9, 616.523, 6.50438, -5.19879, -1, 0),
	(29, 500, 10, 471.336, 40.9648, -5.96097, -1, 45),
	(29, 500, 11, 513.783, -58.6337, 0.42407, -1, 0),
	(29, 500, 12, 536.128, -95.9481, 8.64663, -1, 0),
	(29, 500, 13, 549.821, -157.019, 8.18743, -1, 0),
	(29, 500, 14, 558.423, -195.412, -6.11794, -1, 0),
	(29, 500, 15, 581.281, -297.454, 1.19194, -1, 0),
	(29, 500, 16, 591.05, -341.087, 33.6457, -1, 0),
	(29, 500, 17, 603.407, -396.24, 57.4727, -1, 0),
	(29, 500, 18, 626.293, -498.327, 92.2809, -1, 0),
	(29, 500, 19, 626.492, -498.805, 91.9775, -1, 0),
	(29, 500, 20, 660.517, -599.265, 16.4143, -1, 0),
	(29, 500, 21, 669.367, -634.63, 15.7726, -1, 0),
	(29, 500, 22, 684.95, -696.926, 63.4469, -1, 0),
	(29, 500, 23, 690.311, -718.363, 70.3173, -1, 0),
	(29, 500, 24, 741.468, -764.539, 18.6667, -1, 0),
	(29, 500, 25, 770.226, -794.744, 10.4586, -1, 0),
	(29, 500, 26, 842.31, -870.443, 102.101, -1, 0),
	(29, 500, 27, 867.772, -897.184, 97.7425, -1, 0),
	(29, 500, 28, 886.911, -917.286, 74.4728, -1, 0),
	(29, 500, 29, 938.146, -971.085, 126.289, -1, 45),
	(29, 500, 30, 936.48, -997.85, 101.279, -1, 0),
	(29, 500, 31, 931.328, -1081.15, 108.65, -1, 0),
	(29, 500, 32, 930.385, -1096.2, 108.28, -1, 0),
	(29, 500, 33, 924.831, -1185.53, 14.3786, -1, 0),
	(29, 500, 34, 924.009, -1198.78, 25.0947, -1, 45),
	(29, 500, 35, 904.56, -1208.54, 9.21825, -1, 0),
	(29, 500, 36, 815.29, -1253.4, -13.2379, -1, 0),
	(29, 500, 37, 718.779, -1302.78, 32.022, -1, 0),
	(29, 500, 38, 686.907, -1322.33, 44.363, -1, 0),
	(29, 500, 39, 656.844, -1337.45, 47.4687, -1, 45),
	(29, 500, 40, 651.865, -1257.31, 65.963, -1, 0),
	(29, 500, 41, 619.635, -1195.18, 19.0973, -1, 0),
	(29, 500, 42, 585.902, -1139.51, 12.8709, -1, 0),
	(29, 500, 43, 541.459, -1099.2, 4.44874, -1, 0),
	(29, 500, 44, 525.859, -1085.06, 10.2425, -1, 0),
	(29, 500, 45, 510.38, -1071, 6.72208, -1, 0),
	(29, 500, 46, 472.424, -1036.57, 17.8621, -1, 0),
	(29, 500, 47, 431.033, -999.026, 6.04849, -1, 0),
	(29, 500, 48, 328.369, -905.913, 15.0114, -1, 45),
	(29, 500, 49, 409.313, -838.802, 33.7802, -1, 0),
	(29, 500, 50, 509.494, -750.14, -1.84749, -1, 0),
	(29, 500, 51, 568.63, -697.799, 20.9781, -1, 0),
	(29, 500, 52, 650.563, -625.238, 16.3455, -1, 45),
	(29, 500, 53, 653.618, -597.551, 16.8477, -1, 0),
	(29, 500, 54, 664.295, -500.67, 98.2691, -1, 0),
	(29, 500, 55, 670.911, -440.828, 94.4865, -1, 0),
	(29, 500, 56, 650.063, -393.313, 67.2445, -1, 0),
	(29, 500, 57, 611.172, -317.572, 12.6905, -1, 0),
	(29, 500, 58, 594.411, -292.504, 1.1523, -1, 0),
	(29, 500, 59, 533.571, -201.498, -6.61748, -1, 45),
	(29, 500, 60, 608.581, -206.099, -6.94911, -1, 0),
	(29, 500, 61, 698.709, -211.628, 36.0711, -1, 0),
	(29, 500, 62, 709.266, -212.275, 35.576, -1, 0),
	(29, 500, 63, 786.354, -217.004, 69.028, -1, 0),
	(29, 500, 64, 863.433, -240.278, 58.2759, -1, 0),
	(29, 500, 65, 1010.09, -288.147, 14.0519, -1, 10),
	(30, 500, 1, -211.526, -1037.93, 89.2078, -1, 45),
	(30, 500, 2, -181.203, -1106.31, 40.9639, -1, 0),
	(30, 500, 3, -171.343, -1135.13, 48.9559, -1, 0),
	(30, 500, 4, -160.057, -1165.69, -2.60584, -1, 0),
	(30, 500, 5, -86.9454, -1210.02, 19.2587, -1, 45),
	(30, 500, 6, 13.6987, -1122.75, -5.85665, -1, 0),
	(30, 500, 7, 193.037, -1023.32, 1.61119, -1, 0),
	(30, 500, 8, 424.971, -899.281, 11.6807, -1, 0),
	(30, 500, 9, 505.379, -860.131, -4.18146, -1, 0),
	(30, 500, 10, 586.697, -827.433, 26.5639, -1, 0),
	(30, 500, 11, 798.304, -760.796, 15.2991, -1, 45),
	(30, 500, 12, 791.692, -721.108, 22.6965, -1, 0),
	(30, 500, 13, 780.454, -693.982, 42.5726, -1, 0),
	(30, 500, 14, 759.773, -651.848, 52.5395, -1, 0),
	(30, 500, 15, 672.807, -613.297, 15.8045, -1, 0),
	(30, 500, 16, 613.086, -497.485, 89.8213, -1, 45),
	(30, 500, 17, 512.33, -422.046, 102.193, -1, 0),
	(30, 500, 18, 409.489, -412.314, 16.5902, -1, 0),
	(30, 500, 19, 392.291, -410.41, 20.7178, -1, 0),
	(30, 500, 20, 314.555, -391.963, 6.65373, -1, 0),
	(30, 500, 21, 238.273, -376.787, 26.7362, -1, 45),
	(30, 500, 22, 238.795, -498.537, 103.474, -1, 0),
	(30, 500, 23, 348.627, -561.796, 22.8682, -1, 0),
	(30, 500, 24, 439.268, -569.271, 60.115, -1, 0),
	(30, 500, 25, 622.638, -496.69, 91.6498, -1, 0),
	(30, 500, 26, 711.514, -425.535, 100.354, -1, 45),
	(30, 500, 27, 804.095, -296.338, 4.46962, -1, 0),
	(30, 500, 28, 877.357, -197.503, 95.5701, -1, 0),
	(30, 500, 29, 944.796, -99.6174, -12.0697, -1, 0),
	(30, 500, 30, 993.124, 1.59022, 108.947, -1, 0),
	(30, 500, 31, 1020.38, 103.223, 30.3558, -1, 0),
	(30, 500, 32, 1076.56, 191.247, 26.9779, -1, 0),
	(30, 500, 33, 1132.37, 300.681, 10.7792, -1, 0),
	(30, 500, 34, 1154.25, 332.47, 34.8089, -1, 45),
	(30, 500, 35, 1178.08, 401.876, 82.2403, -1, 0),
	(30, 500, 36, 1158.05, 449.012, 21.4697, -1, 0),
	(30, 500, 37, 1133.83, 525.395, 70.4583, -1, 0),
	(30, 500, 38, 1108.05, 600.899, 35.128, -1, 0),
	(30, 500, 39, 1066.17, 650.846, 43.7697, -1, 0),
	(30, 500, 40, 1032.33, 716.548, 68.206, -1, 0),
	(30, 500, 41, 965.91, 756.804, 94.0688, -1, 0),
	(30, 500, 42, 917.226, 805.665, 97.1035, -1, 0),
	(30, 500, 43, 860.466, 852.22, 136.434, -1, 0),
	(30, 500, 44, 814.433, 900.535, 148.42, -1, 0),
	(30, 500, 45, 766.154, 955.099, 185.419, -1, 0),
	(30, 500, 46, 951.109, 928.931, 112.074, -1, 0),
	(30, 500, 47, 1128.28, 819.891, 68.4211, -1, 0),
	(30, 500, 48, 1166.95, 760.376, 9.94456, -1, 0),
	(30, 500, 49, 1204.94, 700.129, 51.6688, -1, 0),
	(30, 500, 50, 1246.92, 638.86, 21.8646, -1, 0),
	(30, 500, 51, 1279.7, 602.471, 24.3006, -1, 0),
	(30, 500, 52, 1294.99, 584.278, 17.9833, -1, 0),
	(30, 500, 53, 1312.74, 561.673, 32.3911, -1, 0),
	(30, 500, 54, 1384.81, 472.923, 25.9736, -1, 0),
	(30, 500, 55, 1406.1, 451.076, 11.7035, -1, 0),
	(30, 500, 56, 1310.51, 273.18, 55.4964, -1, 0),
	(30, 500, 57, 1247.01, 223.555, 45.7885, -1, 45),
	(30, 500, 58, 1090.3, 184.164, 32.1009, -1, 0),
	(30, 500, 59, 777.477, 151.593, -2.97007, -1, 45),
	(30, 500, 60, 695.87, 139.156, 2.86034, -1, 0),
	(30, 500, 61, 501.992, -81.834, 2.55777, -1, 45),
	(30, 500, 62, 527.833, -177.765, 0.049295, -1, 0),
	(30, 500, 63, 569.661, -295.161, 0.565785, -1, 0),
	(30, 500, 64, 580.691, -399.08, 68.2726, -1, 0),
	(30, 500, 65, 598.018, -498.003, 93.1858, -1, 0),
	(30, 500, 66, 595.154, -596.903, 19.3618, -1, 0),
	(30, 500, 67, 601.8, -697.04, 17.8697, -1, 0),
	(30, 500, 68, 593.253, -794.622, 20.3068, -1, 0),
	(30, 500, 69, 590.747, -820.013, 27.5648, -1, 0),
	(30, 500, 70, 525.053, -992.718, 12.342, -1, 0),
	(30, 500, 71, 444.516, -1099.39, 23.2901, -1, 0),
	(30, 500, 72, 428.397, -1179.02, -0.629711, -1, 0),
	(30, 500, 73, 424.204, -1198.82, 3.1541, -1, 0),
	(30, 500, 74, 404.74, -1279.84, -6.4988, -1, 0),
	(30, 500, 75, 381.271, -1373.48, 2.97825, -1, 45),
	(30, 500, 76, 296.895, -1463.32, 9.88448, -1, 0),
	(30, 500, 77, 207.138, -1507.11, -7.23237, -1, 0),
	(30, 500, 78, 131.07, -1338.09, -7.6855, -1, 0),
	(30, 500, 79, 63.6359, -1247.11, 5.71148, -1, 45),
	(30, 500, 80, 16.5237, -1204.03, -12.0667, -1, 0),
	(30, 500, 81, -46.2887, -1154.94, 12.8763, -1, 0),
	(30, 500, 82, -100.679, -1113.97, 2.88275, -1, 0),
	(30, 500, 83, -210.251, -1037.89, 88.8484, -1, 0),
	(31, 500, 1, -382.385, 436.351, 65.3806, -1, 0),
	(31, 500, 2, -328.152, 504.082, 119.457, -1, 0),
	(31, 500, 3, -300.547, 538.555, 121.894, -1, 0),
	(31, 500, 4, -193.086, 672.736, 118.47, -1, 0),
	(31, 500, 5, -168.82, 703.039, 138.855, -1, 0),
	(31, 500, 6, -89.8294, 801.647, 171.989, -1, 0),
	(31, 500, 7, -68.5345, 828.242, 170.791, -1, 45),
	(31, 500, 8, 4.86189, 797.776, 189.545, -1, 0),
	(31, 500, 9, 129.101, 720.618, 163.666, -1, 0),
	(31, 500, 10, 194.845, 677.797, 123.738, -1, 0),
	(31, 500, 11, 249.392, 642.264, 114.015, -1, 0),
	(31, 500, 12, 312.276, 601.294, 82.5637, -1, 0),
	(31, 500, 13, 486.566, 487.758, 43.0926, -1, 0),
	(31, 500, 14, 511.162, 471.744, 45.9881, -1, 0),
	(31, 500, 15, 546.749, 442.506, 43.3703, -1, 0),
	(31, 500, 16, 606.574, 399.222, 60.2171, -1, 0),
	(31, 500, 17, 663.306, 358.167, 51.8096, -1, 45),
	(31, 500, 18, 711.678, 384.025, 39.8531, -1, 0),
	(31, 500, 19, 745.441, 402.072, 43.7701, -1, 0),
	(31, 500, 20, 804.535, 433.66, 13.7295, -1, 0),
	(31, 500, 21, 884.459, 476.383, 22.6901, -1, 0),
	(31, 500, 22, 908.073, 489.006, 21.0876, -1, 0),
	(31, 500, 23, 1009.58, 543.262, 33.3756, -1, 0),
	(31, 500, 24, 1108.7, 607.36, 35.7432, -1, 45),
	(31, 500, 25, 1062.5, 647.124, 43.8213, -1, 0),
	(31, 500, 26, 1007.73, 694.217, 68.5346, -1, 0),
	(31, 500, 27, 951.703, 742.468, 98.2118, -1, 0),
	(31, 500, 28, 898.955, 787.908, 98.1936, -1, 0),
	(31, 500, 29, 844.817, 834.525, 144.78, -1, 0),
	(31, 500, 30, 791.52, 880.429, 157.057, -1, 45),
	(31, 500, 31, 710.863, 844.656, 187.173, -1, 0),
	(31, 500, 32, 450.801, 702.501, 179.994, -1, 0),
	(31, 500, 33, 362.501, 592.498, 80.434, -1, 0),
	(31, 500, 34, 307.454, 521.943, 56.0842, -1, 45),
	(31, 500, 35, 270.962, 501.852, 66.1321, -1, 0),
	(31, 500, 36, 108.926, 412.639, 140.29, -1, 0),
	(31, 500, 37, 7.70021, 414.936, 93.2701, -1, 0),
	(31, 500, 38, -89.9494, 434.234, 21.4302, -1, 0),
	(31, 500, 39, -257.038, 433.285, 29.136, -1, 0),
	(31, 500, 40, -292.538, 435.842, 47.6019, -1, 0),
	(31, 500, 41, -352.447, 435.728, 52.8347, -1, 0),
	(31, 500, 42, -383.154, 435.412, 64.618, -1, 45),
	(32, 500, 1, 123.292, 512.612, 125.543, -1, 40),
	(32, 500, 2, 111.133, 492.323, 132.203, -1, 0),
	(32, 500, 3, 57.4108, 402.674, 118.16, -1, 0),
	(32, 500, 4, -5.57275, 297.563, 40.6435, -1, 0),
	(32, 500, 5, -88.1266, 159.795, -2.01553, -1, 0),
	(32, 500, 6, -199.23, 3.4844, -1.69379, -1, 0),
	(32, 500, 7, -286.734, -131.061, 77.3549, -1, 0),
	(32, 500, 8, -332.603, -201.588, 112.307, -1, 0),
	(32, 500, 9, -367.135, -254.676, 111.473, -1, 45),
	(32, 500, 10, -387.973, -270.946, 107.106, -1, 0),
	(32, 500, 11, -422.292, -297.725, 94.0572, -1, 0),
	(32, 500, 12, -488.233, -349.174, 31.4975, -1, 0),
	(32, 500, 13, -551.602, -398.624, 1.26313, -1, 0),
	(32, 500, 14, -689.935, -498.885, 21.931, -1, 45),
	(32, 500, 15, -688.457, -598.13, 105.209, -1, 0),
	(32, 500, 16, -717.908, -695.668, 101.425, -1, 0),
	(32, 500, 17, -761.008, -871.626, 1.63893, -1, 0),
	(32, 500, 18, -767.972, -896.832, -3.51737, -1, 0),
	(32, 500, 19, -797.614, -1004.06, 10.9892, -1, 45),
	(32, 500, 20, -782.623, -1096.95, -4.54857, -1, 0),
	(32, 500, 21, -771.096, -1178.95, 15.503, -1, 0),
	(32, 500, 22, -764.479, -1200.69, 43.4015, -1, 0),
	(32, 500, 23, -737.216, -1344.68, 59.2916, -1, 0),
	(32, 500, 24, -708.284, -1397.62, 0.004954, -1, 0),
	(32, 500, 25, -701.301, -1411.9, 4.27398, -1, 45),
	(32, 500, 26, -690.968, -1402.75, 1.5656, -1, 0),
	(32, 500, 27, -588.933, -1328.44, 128.488, -1, 0),
	(32, 500, 28, -484.498, -1258.55, 35.4182, -1, 0),
	(32, 500, 29, -401.584, -1198.3, 3.89265, -1, 0),
	(32, 500, 30, -286.989, -1097.39, 78.6362, -1, 0),
	(32, 500, 31, -189.942, -1009.01, 98.8271, -1, 0),
	(32, 500, 32, -177.55, -997.491, 97.3551, -1, 0),
	(32, 500, 33, -84.7787, -911.263, 8.1993, -1, 45),
	(32, 500, 34, -72.27, -899.628, 3.25082, -1, 0),
	(32, 500, 35, 1.76781, -830.812, 10.3874, -1, 0),
	(32, 500, 36, 32.2935, -776.498, 16.5242, -1, 0),
	(32, 500, 37, 91.8661, -698.692, 17.9498, -1, 0),
	(32, 500, 38, 110.409, -677.176, 41.9871, -1, 0),
	(32, 500, 39, 179.743, -596.732, 96.0449, -1, 0),
	(32, 500, 40, 201.149, -571.903, 97.2606, -1, 45),
	(32, 500, 41, 214.42, -587.316, 86.1057, -1, 0),
	(32, 500, 42, 261, -622.773, 35.0624, -1, 0),
	(32, 500, 43, 267.858, -642.506, 16.2601, -1, 0),
	(32, 500, 44, 411.634, -741.078, 44.4985, -1, 0),
	(32, 500, 45, 445.003, -763.957, 41.1165, -1, 0),
	(32, 500, 46, 504.737, -804.894, -19.6868, -1, 0),
	(32, 500, 47, 563.488, -845.163, 22.0076, -1, 0),
	(32, 500, 48, 610.92, -877.692, 28.3446, -1, 0),
	(32, 500, 49, 622.704, -885.774, 25.7695, -1, 0),
	(32, 500, 50, 713.325, -947.937, 118.401, -1, 0),
	(32, 500, 51, 738.194, -964.997, 127.809, -1, 45),
	(32, 500, 52, 832.282, -977.119, 89.8109, -1, 0),
	(32, 500, 53, 922.428, -987.071, 129.283, -1, 0),
	(32, 500, 54, 1013.79, -997.147, 10.8064, -1, 0),
	(32, 500, 55, 1100.16, -1006.69, 30.8902, -1, 45),
	(32, 500, 56, 1098.72, -911.484, 18.8654, -1, 0),
	(32, 500, 57, 1098.24, -898.893, 30.6998, -1, 0),
	(32, 500, 58, 1095, -813.616, 78.9662, -1, 0),
	(32, 500, 59, 1111.43, -709.163, -3.84884, -1, 0),
	(32, 500, 60, 1081.24, -634.585, -39.4505, -1, 0),
	(32, 500, 61, 1068.28, -602.669, -32.4183, -1, 0),
	(32, 500, 62, 1055.79, -571.672, -2.45476, -1, 0),
	(32, 500, 63, 1051.02, -559.789, 10.3504, -1, 0),
	(32, 500, 64, 1021.95, -487.293, 132.073, -1, 0),
	(32, 500, 65, 992.128, -412.823, 10.3666, -1, 0),
	(32, 500, 66, 982.456, -388.659, 8.06417, -1, 0),
	(32, 500, 67, 973.322, -371.905, 22.3783, -1, 0),
	(32, 500, 68, 967.789, -350.941, 4.67734, -1, 0),
	(32, 500, 69, 953.516, -296.821, -0.345418, -1, 0),
	(32, 500, 70, 944.633, -263.156, 21.8358, -1, 0),
	(32, 500, 71, 911.191, -198.119, 99.4393, -1, 45),
	(32, 500, 72, 886.069, -122.213, -2.27005, -1, 0),
	(32, 500, 73, 878.199, -98.4207, 8.06483, -1, 0),
	(32, 500, 74, 862.956, -45.1201, 105.785, -1, 0),
	(32, 500, 75, 847.545, -3.71545, 113.003, -1, 45),
	(32, 500, 76, 805.76, -2.68296, 110.11, -1, 0),
	(32, 500, 77, 724.475, 17.6645, 36.2115, -1, 0),
	(32, 500, 78, 709.824, 21.3305, 33.1137, -1, 0),
	(32, 500, 79, 654.101, 35.2784, -1.4257, -1, 0),
	(32, 500, 80, 509.363, 71.5034, -11.3463, -1, 0),
	(32, 500, 81, 410.787, 102.046, 28.0886, -1, 0),
	(32, 500, 82, 342.992, 134.097, 8.08715, -1, 0),
	(32, 500, 83, 271.315, 167.983, 26.1293, -1, 45),
	(32, 500, 84, 298.268, 249.897, 14.5405, -1, 0),
	(32, 500, 85, 318.734, 301.102, 7.96955, -1, 0),
	(32, 500, 86, 359.003, 401.86, 20.7428, -1, 0),
	(32, 500, 87, 397.614, 498.431, 46.3751, -1, 0),
	(32, 500, 88, 420.508, 555.694, 67.8135, -1, 0),
	(32, 500, 89, 438.45, 600.569, 85.3538, -1, 45),
	(32, 500, 90, 581.876, 701.563, 174.168, -1, 0),
	(32, 500, 91, 707.73, 801.843, 186.452, -1, 0),
	(32, 500, 92, 802.472, 912.288, 156.446, -1, 45),
	(32, 500, 93, 744.022, 936.831, 186.885, -1, 0),
	(32, 500, 94, 687.905, 972.315, 186.774, -1, 0),
	(32, 500, 95, 621.926, 960.728, 174.599, -1, 45),
	(32, 500, 96, 618.914, 904.929, 193.459, -1, 0),
	(32, 500, 97, 498.612, 801.993, 190.256, -1, 0),
	(32, 500, 98, 412.018, 732.427, 182.288, -1, 0),
	(32, 500, 99, 373.243, 702.716, 171.425, -1, 0),
	(32, 500, 100, 211.288, 602.855, 84.4707, -1, 0),
	(32, 500, 101, 122.814, 512.66, 125.713, -1, 5),
	(33, 500, 1, 459.017, -643.957, 32.7059, -1, 45),
	(33, 500, 2, 479.432, -626.326, 29.2604, -1, 0),
	(33, 500, 3, 693.395, -614.419, 15.2318, -1, 0),
	(33, 500, 4, 713.013, -613.204, 25.1341, -1, 0),
	(33, 500, 5, 800.092, -608.379, 28.9876, -1, 0),
	(33, 500, 6, 812.078, -609.129, 24.5648, -1, 45),
	(33, 500, 7, 847.236, -661.756, 63.9233, -1, 0),
	(33, 500, 8, 875.506, -704.079, 8.99509, -1, 0),
	(33, 500, 9, 886.239, -720.145, 3.46738, -1, 0),
	(33, 500, 10, 927.087, -781.313, 4.66985, -1, 0),
	(33, 500, 11, 1007.16, -901.166, 111.832, -1, 0),
	(33, 500, 12, 1048.13, -962.579, 14.0795, -1, 0),
	(33, 500, 13, 1069.97, -995.322, 24.1593, -1, 0),
	(33, 500, 14, 1086.82, -1020.57, 26.1419, -1, 0),
	(33, 500, 15, 1110.87, -1055.68, 1.80783, -1, 45),
	(33, 500, 16, 1162.17, -1044.74, -5.60706, -1, 0),
	(33, 500, 17, 1211.49, -1034.23, 0.091125, -1, 0),
	(33, 500, 18, 1294.08, -1016.65, -8.43536, -1, 0),
	(33, 500, 19, 1391.86, -995.873, -1.51182, -1, 45),
	(33, 500, 20, 1351.31, -963.453, -6.84548, -1, 0),
	(33, 500, 21, 1279.96, -897.128, 42.4954, -1, 0),
	(33, 500, 22, 1211.03, -844.586, 49.8885, -1, 0),
	(33, 500, 23, 1186.24, -824.765, 35.1663, -1, 0),
	(33, 500, 24, 1152.88, -798.083, 58.9461, -1, 45),
	(33, 500, 25, 1109.38, -778.843, 56.1245, -1, 0),
	(33, 500, 26, 1059.46, -751.383, 14.7325, -1, 0),
	(33, 500, 27, 991.2, -718.424, -5.95469, -1, 0),
	(33, 500, 28, 919.624, -689.788, 1.23629, -1, 0),
	(33, 500, 29, 847.912, -661.077, 64.5971, -1, 0),
	(33, 500, 30, 813.836, -627.539, 27.0328, -1, 0),
	(33, 500, 31, 789.833, -616.141, 33.2566, -1, 0),
	(33, 500, 32, 751.069, -590.905, 18.5333, -1, 45),
	(33, 500, 33, 725.25, -584.76, 16.8531, -1, 0),
	(33, 500, 34, 696.735, -573.793, 38.1806, -1, 0),
	(33, 500, 35, 646.947, -547.116, 61.3923, -1, 0),
	(33, 500, 36, 592.741, -545.307, 56.5811, -1, 0),
	(33, 500, 37, 465.559, -543.691, 81.2124, -1, 0),
	(33, 500, 38, 407.773, -542.961, 26.2122, -1, 0),
	(33, 500, 39, 370.787, -542.488, 21.788, -1, 0),
	(33, 500, 40, 185.039, -522.856, 119.943, -1, 45),
	(33, 500, 41, 319.355, -587.272, 25.5307, -1, 0),
	(33, 500, 42, 458.177, -643.426, 32.7936, -1, 0),
	(34, 500, 1, 1223.78, 748.987, 28.6708, -1, 40),
	(34, 500, 2, 1285.6, 799.747, 36.4001, -1, 0),
	(34, 500, 3, 1315.41, 824.222, 66.7712, -1, 0),
	(34, 500, 4, 1409.37, 901.339, 114.808, -1, 0),
	(34, 500, 5, 1420.55, 965.254, 133.471, -1, 45),
	(34, 500, 6, 1388.99, 980.078, 127.245, -1, 0),
	(34, 500, 7, 1309.52, 996.082, 121.54, -1, 0),
	(34, 500, 8, 1143.07, 1026.99, 94.08, -1, 0),
	(34, 500, 9, 1114.2, 967.344, 87.6498, -1, 0),
	(34, 500, 10, 1061.25, 766.909, 70.3687, -1, 0),
	(34, 500, 11, 1042.19, 626.605, 44.2138, -1, 0),
	(34, 500, 12, 1024.46, 516.945, 26.6679, -1, 0),
	(34, 500, 13, 1022.03, 501.892, 31.6415, -1, 0),
	(34, 500, 14, 1011.94, 439.259, 15.1255, -1, 45),
	(34, 500, 15, 821.847, 408.642, 22.7415, -1, 0),
	(34, 500, 16, 703.576, 400.102, 54.5801, -1, 0),
	(34, 500, 17, 611.124, 400.102, 60.7339, -1, 45),
	(34, 500, 18, 569.686, 303.417, 45.9459, -1, 0),
	(34, 500, 19, 538.192, 224.733, 14.4649, -1, 0),
	(34, 500, 20, 530.092, 204.497, 10.4185, -1, 0),
	(34, 500, 21, 511.708, 158.569, -5.2877, -1, 0),
	(34, 500, 22, 485.71, 101.776, -4.5966, -1, 0),
	(34, 500, 23, 470.827, 59.7504, -8.54652, -1, 0),
	(34, 500, 24, 445.77, -112.98, 8.75271, -1, 0),
	(34, 500, 25, 424.169, -221.47, -0.007314, -1, 45),
	(34, 500, 26, 341.826, -172.317, 8.90225, -1, 0),
	(34, 500, 27, 275.3, -129.801, 29.9306, -1, 0),
	(34, 500, 28, 132.965, -60.3352, 0.426771, -1, 0),
	(34, 500, 29, 114.436, -51.2921, -0.572363, -1, 0),
	(34, 500, 30, 72.6303, -30.8893, 12.539, -1, 0),
	(34, 500, 31, -1.22903, 5.15739, -3.1866, -1, 0),
	(34, 500, 32, -38.6245, 23.4082, -8.61917, -1, 0),
	(34, 500, 33, -109.932, 58.2097, -9.30367, -1, 0),
	(34, 500, 34, -188.696, 96.6489, -5.5784, -1, 0),
	(34, 500, 35, -295.225, 148.642, 35.8418, -1, 0),
	(34, 500, 36, -323.727, 162.549, 42.4067, -1, 0),
	(34, 500, 37, -396.714, 198.166, 95.005, -1, 45),
	(34, 500, 38, -359.396, 302.373, 7.62959, -1, 0),
	(34, 500, 39, -315.185, 401.476, 21.5476, -1, 0),
	(34, 500, 40, -270.473, 502.219, 92.6171, -1, 0),
	(34, 500, 41, -188.869, 667.297, 112.174, -1, 0),
	(34, 500, 42, -164.204, 706.214, 140.447, -1, 0),
	(34, 500, 43, -110.81, 790.461, 166.028, -1, 45),
	(34, 500, 44, -43.4297, 745.415, 172.955, -1, 0),
	(34, 500, 45, 20.5558, 702.622, 157.66, -1, 0),
	(34, 500, 46, 116.119, 638.709, 108.168, -1, 0),
	(34, 500, 47, 168.211, 603.868, 83.7614, -1, 0),
	(34, 500, 48, 194.709, 586.141, 91.5381, -1, 0),
	(34, 500, 49, 262.329, 554.013, 88.2734, -1, 0),
	(34, 500, 50, 312.203, 528.112, 56.6062, -1, 0),
	(34, 500, 51, 454.391, 454.287, 34.3869, -1, 45),
	(34, 500, 52, 511.835, 476.307, 46.06, -1, 0),
	(34, 500, 53, 605.794, 514.948, 51.2358, -1, 0),
	(34, 500, 54, 635, 529.644, 51.6862, -1, 0),
	(34, 500, 55, 801.793, 613.573, 61.287, -1, 0),
	(34, 500, 56, 841.062, 633.332, 71.6579, -1, 0),
	(34, 500, 57, 918.554, 672.322, 87.7627, -1, 0),
	(34, 500, 58, 994.643, 692.338, 70.698, -1, 0),
	(34, 500, 59, 1109.88, 722.639, 48.633, -1, 0),
	(34, 500, 60, 1138.72, 730.225, 26.7149, -1, 0),
	(34, 500, 61, 1223.41, 748.792, 28.5466, -1, 5),
	(35, 500, 1, -311.227, 151.778, 39.8809, -1, 45),
	(35, 500, 2, -392.967, 152.631, 80.9414, -1, 0),
	(35, 500, 3, -448.862, 189.982, 96.5043, -1, 0),
	(35, 500, 4, -464.844, 200.664, 96.9639, -1, 0),
	(35, 500, 5, -542.184, 252.364, 33.73, -1, 0),
	(35, 500, 6, -598.485, 289.976, 32.3219, -1, 45),
	(35, 500, 7, -662.516, 102.195, 103.789, -1, 0),
	(35, 500, 8, -609.102, -22.0974, -3.25019, -1, 0),
	(35, 500, 9, -605.618, -115.128, 20.0749, -1, 0),
	(35, 500, 10, -605.618, -115.128, 20.0749, -1, 0),
	(35, 500, 11, -602.549, -196.534, 12.4803, -1, 0),
	(35, 500, 12, -598.778, -297.044, 25.8394, -1, 0),
	(35, 500, 13, -594.985, -398.055, -1.8094, -1, 45),
	(35, 500, 14, -594.985, -398.055, -1.8094, -1, 0),
	(35, 500, 15, -591.344, -494.873, 2.39579, -1, 0),
	(35, 500, 16, -586.212, -631.345, 47.2157, -1, 45),
	(35, 500, 17, -583.919, -692.288, 38.0172, -1, 0),
	(35, 500, 18, -580.107, -793.625, 2.26686, -1, 0),
	(35, 500, 19, -654.196, -920.341, -3.53777, -1, 45),
	(35, 500, 20, -593.066, -1000.39, 6.67118, -1, 0),
	(35, 500, 21, -485.209, -1097.96, -4.35684, -1, 0),
	(35, 500, 22, -485.209, -1097.96, -4.35684, -1, 0),
	(35, 500, 23, -435.28, -1143.11, 22.8612, -1, 0),
	(35, 500, 24, -377.266, -1183.69, 11.8076, -1, 0),
	(35, 500, 25, -265.562, -1272.86, 8.24388, -1, 0),
	(35, 500, 26, -155.456, -1304.64, -7.60937, -1, 45),
	(35, 500, 27, -66.6033, -1200.03, 13.9769, -1, 0),
	(35, 500, 28, 9.44032, -1111.77, -3.35032, -1, 0),
	(35, 500, 29, 51.9034, -997.699, -8.48192, -1, 0),
	(35, 500, 30, 82.0112, -922.37, -5.84887, -1, 0),
	(35, 500, 31, 212.414, -795.563, 41.788, -1, 45),
	(35, 500, 32, 177.174, -726.067, 4.17624, -1, 0),
	(35, 500, 33, 164.841, -702.297, 11.4045, -1, 0),
	(35, 500, 34, 117.145, -592.195, 120.335, -1, 0),
	(35, 500, 35, 78.816, -528.054, 82.1408, -1, 0),
	(35, 500, 36, 23.8137, -487.24, -3.97202, -1, 0),
	(35, 500, 37, -44.3301, -449.926, 109.845, -1, 0),
	(35, 500, 38, -137.489, -380.129, 104.294, -1, 45),
	(35, 500, 39, -141.654, -347.386, 103.944, -1, 0),
	(35, 500, 40, -144.994, -301.958, 86.3684, -1, 0),
	(35, 500, 41, -148.397, -255.71, 91.2212, -1, 0),
	(35, 500, 42, -152.648, -197.869, 127.03, -1, 0),
	(35, 500, 43, -255.642, 0.709555, 4.52012, -1, 0),
	(35, 500, 44, -289.331, 102.766, 37.6176, -1, 0),
	(35, 500, 45, -311.301, 152.121, 39.8751, -1, 0),
	(36, 500, 1, 1147.88, 822.343, 54.6258, -1, 10),
	(36, 500, 2, 1149.46, 844.252, 70.1322, -1, 0),
	(36, 500, 3, 1157.95, 866.894, 71.8284, -1, 0),
	(36, 500, 4, 1160.32, 905.994, 75.7027, -1, 0),
	(36, 500, 5, 1166.36, 1005.2, 98.7947, -1, 0),
	(36, 500, 6, 1163.56, 1049.58, 93.3181, -1, 45),
	(36, 500, 7, 1116.32, 1001.96, 94.2474, -1, 0),
	(36, 500, 8, 1013.77, 921.972, 100.04, -1, 0),
	(36, 500, 9, 912.043, 842.593, 102.251, -1, 0),
	(36, 500, 10, 881.368, 804.011, 117.314, -1, 0),
	(36, 500, 11, 811.463, 713.46, 106.791, -1, 0),
	(36, 500, 12, 690.704, 576.918, 64.4857, -1, 45),
	(36, 500, 13, 656.798, 661.562, 122.423, -1, 0),
	(36, 500, 14, 630.651, 726.816, 175.211, -1, 0),
	(36, 500, 15, 585.194, 840.332, 190.907, -1, 45),
	(36, 500, 16, 484.83, 812.515, 187.648, -1, 0),
	(36, 500, 17, 451.512, 801.944, 190.797, -1, 0),
	(36, 500, 18, 310.812, 750.497, 174.999, -1, 0),
	(36, 500, 19, 240.005, 728.16, 151.861, -1, 0),
	(36, 500, 20, 167.329, 708.572, 149.476, -1, 0),
	(36, 500, 21, 112.088, 693.25, 150.485, -1, 45),
	(36, 500, 22, 38.3004, 600.974, 76.2848, -1, 0),
	(36, 500, 23, 11.1475, 567.02, 78.8036, -1, 0),
	(36, 500, 24, -39.7977, 503.323, 61.5876, -1, 0),
	(36, 500, 25, -74.0787, 414.421, 25.3862, -1, 0),
	(36, 500, 26, -89.3454, 374.819, 10.8225, -1, 0),
	(36, 500, 27, -131.011, 181.745, -2.34102, -1, 45),
	(36, 500, 28, -72.5099, 110.456, -0.280623, -1, 0),
	(36, 500, 29, 13.4616, 5.69773, 0.829425, -1, 0),
	(36, 500, 30, 59.6264, -50.5553, 23.061, -1, 0),
	(36, 500, 31, 97.1381, -96.2643, 11.4651, -1, 0),
	(36, 500, 32, 148.889, -159.33, 59.4246, -1, 0),
	(36, 500, 33, 192.259, -212.181, 33.1828, -1, 0),
	(36, 500, 34, 204.248, -226.658, 45.0484, -1, 45),
	(36, 500, 35, 220.005, -213.062, 20.3993, -1, 0),
	(36, 500, 36, 352.799, -98.4771, 24.7547, -1, 0),
	(36, 500, 37, 421.511, -39.1913, 6.39151, -1, 0),
	(36, 500, 38, 576.573, 66.663, -5.65679, -1, 0),
	(36, 500, 39, 662.136, 105.293, -6.77218, -1, 0),
	(36, 500, 40, 707.048, 157.378, 8.04303, -1, 0),
	(36, 500, 41, 742.179, 198.118, 13.2185, -1, 0),
	(36, 500, 42, 808.69, 253.663, 40.4719, -1, 0),
	(36, 500, 43, 863.667, 301.105, 39.4048, -1, 45),
	(36, 500, 44, 909.924, 390.339, 7.08488, -1, 0),
	(36, 500, 45, 966.681, 499.839, 23.6424, -1, 0),
	(36, 500, 46, 1031.16, 596.376, 42.1357, -1, 0),
	(36, 500, 47, 1108.79, 744.185, 54.0433, -1, 0),
	(36, 500, 48, 1137.35, 796.138, 43.5292, -1, 0),
	(36, 500, 49, 1147.27, 821.718, 54.5698, -1, 35),
	(37, 500, 1, -319.143, 24.7678, 16.9801, -1, 22),
	(37, 500, 2, -329.427, -39.2865, -11.9384, -1, 0),
	(37, 500, 3, -333.822, -98.8517, 11.0216, -1, 0),
	(37, 500, 4, -354.213, -264.433, 118.69, -1, 0),
	(37, 500, 5, -354.383, -289.951, 118.468, -1, 45),
	(37, 500, 6, -291.042, -259.975, 128.104, -1, 0),
	(37, 500, 7, -219.095, -225.941, 125.382, -1, 0),
	(37, 500, 8, -189.743, -212.057, 116.21, -1, 0),
	(37, 500, 9, -159.769, -197.88, 126.474, -1, 0),
	(37, 500, 10, 18.6922, -113.459, 57.4213, -1, 0),
	(37, 500, 11, 55.3689, -96.1095, 30.6166, -1, 0),
	(37, 500, 12, 105.81, -72.2506, 4.43805, -1, 0),
	(37, 500, 13, 184.651, -34.9555, -1.52874, -1, 45),
	(37, 500, 14, 234.651, -97.4348, 21.2992, -1, 0),
	(37, 500, 15, 256.186, -154.911, 28.55, -1, 0),
	(37, 500, 16, 346.588, -297.563, -8.89983, -1, 0),
	(37, 500, 17, 387.522, -420.631, 25.7111, -1, 0),
	(37, 500, 18, 382.512, -496.568, 29.9978, -1, 0),
	(37, 500, 19, 378.613, -531.663, 20.6442, -1, 0),
	(37, 500, 20, 359.384, -596.936, 30.8131, -1, 0),
	(37, 500, 21, 314.574, -796.282, 30.7131, -1, 45),
	(37, 500, 22, 371.634, -837.518, 36.254, -1, 0),
	(37, 500, 23, 427.602, -877.957, 6.17276, -1, 0),
	(37, 500, 24, 444.988, -897.613, 11.6348, -1, 0),
	(37, 500, 25, 518.211, -980.372, 10.1441, -1, 0),
	(37, 500, 26, 579.516, -1029.43, 29.7764, -1, 0),
	(37, 500, 27, 610.012, -1053.81, 17.9062, -1, 0),
	(37, 500, 28, 631.322, -1075.65, 25.6936, -1, 0),
	(37, 500, 29, 658.758, -1097.18, 3.26086, -1, 0),
	(37, 500, 30, 683.23, -1116.73, 6.73128, -1, 0),
	(37, 500, 31, 784.661, -1196.76, 45.761, -1, 45),
	(37, 500, 32, 711.066, -1197.41, 69.7269, -1, 0),
	(37, 500, 33, 636.144, -1171.59, 13.163, -1, 0),
	(37, 500, 34, 564.217, -1146.79, 19.5756, -1, 0),
	(37, 500, 35, 511.539, -1128.63, 16.7897, -1, 0),
	(37, 500, 36, 487.908, -1120.48, 4.08646, -1, 0),
	(37, 500, 37, 417.143, -1096.05, 31.2451, -1, 0),
	(37, 500, 38, 339.847, -1069.41, 36.3912, -1, 0),
	(37, 500, 39, 312.611, -1060.03, 31.5507, -1, 0),
	(37, 500, 40, 264.673, -1043.52, 1.58962, -1, 0),
	(37, 500, 41, 199.391, -1021.02, 2.06362, -1, 0),
	(37, 500, 42, 12.0304, -962.627, -5.28476, -1, 45),
	(37, 500, 43, 108.626, -825.383, -1.44907, -1, 0),
	(37, 500, 44, 127.639, -798.359, 6.98509, -1, 0),
	(37, 500, 45, 209.814, -727.678, 15.3217, -1, 0),
	(37, 500, 46, 243.049, -698.265, 9.89878, -1, 0),
	(37, 500, 47, 354.027, -600.033, 30.261, -1, 0),
	(37, 500, 48, 409.731, -598.107, 36.8762, -1, 0),
	(37, 500, 49, 621.232, -585.02, 28.9737, -1, 45),
	(37, 500, 50, 671.534, -496.024, 101.439, -1, 0),
	(37, 500, 51, 710.569, -432.612, 101.455, -1, 0),
	(37, 500, 52, 810.552, -360.279, 15.8664, -1, 0),
	(37, 500, 53, 876.025, -335.608, 3.30858, -1, 45),
	(37, 500, 54, 883.21, -299.349, -4.10903, -1, 0),
	(37, 500, 55, 903.215, -198.302, 98.4669, -1, 0),
	(37, 500, 56, 921.522, -108.47, -11.9461, -1, 45),
	(37, 500, 57, 952.731, -84.0288, -9.33841, -1, 0),
	(37, 500, 58, 1012.07, 2.55644, 106.763, -1, 0),
	(37, 500, 59, 1005.77, 104.234, 29.3936, -1, 0),
	(37, 500, 60, 995.8, 264.861, 0.438957, -1, 0),
	(37, 500, 61, 1007.1, 388.286, 7.02073, -1, 45),
	(37, 500, 62, 913.934, 359.462, 6.29206, -1, 0),
	(37, 500, 63, 846.086, 336.12, 52.3549, -1, 0),
	(37, 500, 64, 812.033, 324.408, 65.2011, -1, 0),
	(37, 500, 65, 714.041, 290.689, -11.9462, -1, 0),
	(37, 500, 66, 690.4, 282.541, -10.4343, -1, 0),
	(37, 500, 67, 610.983, 261.504, 46.9354, -1, 0),
	(37, 500, 68, 550.717, 209.904, 19.4915, -1, 0),
	(37, 500, 69, 513.962, 171.326, -2.05931, -1, 0),
	(37, 500, 70, 410.295, 62.4723, 17.4494, -1, 0),
	(37, 500, 71, 366.388, 3.08718, -0.569717, -1, 0),
	(37, 500, 72, 303.311, -63.1429, 18.8594, -1, 45),
	(37, 500, 73, 172.803, -40.4986, -1.62802, -1, 0),
	(37, 500, 74, 109.094, -29.4452, -2.33427, -1, 0),
	(37, 500, 75, 80.18, -24.433, 8.68562, -1, 0),
	(37, 500, 76, 0.715448, -10.6448, 5.93517, -1, 0),
	(37, 500, 77, -30.0649, 9.38006, -9.12874, -1, 45),
	(37, 500, 78, -113.65, 56.8922, -8.74691, -1, 0),
	(37, 500, 79, -143.624, 46.5795, -4.21536, -1, 0),
	(37, 500, 80, -252.326, 34.0572, 2.54764, -1, 0),
	(37, 500, 81, -286.946, 30.2195, 14.8288, -1, 0),
	(37, 500, 82, -318.206, 26.7529, 17.4918, -1, 23),
	(38, 500, 1, 917, -1222, 11.8063, -1, 45),
	(38, 500, 2, 967.823, -1238.76, 46.6821, -1, 0),
	(38, 500, 3, 1044.03, -1263.91, 37.8569, -1, 0),
	(38, 500, 4, 1110.43, -1285.82, 130.343, -1, 0),
	(38, 500, 5, 1194.64, -1313.6, 6.232, -1, 0),
	(38, 500, 6, 1212.56, -1319.51, 32.9763, -1, 0),
	(38, 500, 7, 1270.06, -1338.48, 46.0799, -1, 45),
	(38, 500, 8, 1245.51, -1298.67, 2.47557, -1, 0),
	(38, 500, 9, 1231.17, -1275.39, 6.93424, -1, 0),
	(38, 500, 10, 1212.44, -1245, -0.474457, -1, 0),
	(38, 500, 11, 1156.19, -1153.77, 61.567, -1, 0),
	(38, 500, 12, 1120.61, -1096.04, -12.714, -1, 0),
	(38, 500, 13, 1107, -1073.95, -7.77675, -1, 0),
	(38, 500, 14, 1078.93, -1028.42, 23.373, -1, 0),
	(38, 500, 15, 1060.84, -999.065, 22.1873, -1, 0),
	(38, 500, 16, 1043.69, -971.243, 14.2681, -1, 0),
	(38, 500, 17, 1002.59, -904.57, 111.994, -1, 0),
	(38, 500, 18, 965.708, -844.729, 51.2046, -1, 0),
	(38, 500, 19, 927.119, -782.125, 4.91492, -1, 0),
	(38, 500, 20, 891.38, -724.143, 3.06868, -1, 0),
	(38, 500, 21, 875.797, -698.857, 9.85877, -1, 0),
	(38, 500, 22, 850.711, -658.158, 67.6088, -1, 0),
	(38, 500, 23, 811.779, -594.996, 22.9164, -1, 0),
	(38, 500, 24, 775.01, -535.346, 24.0923, -1, 0),
	(38, 500, 25, 752.366, -498.608, 75.9466, -1, 0),
	(38, 500, 26, 709.62, -429.258, 100.847, -1, 45),
	(38, 500, 27, 655.648, -498.4, 98.1543, -1, 0),
	(38, 500, 28, 577.249, -598.799, 19.7371, -1, 0),
	(38, 500, 29, 459.605, -749.483, 37.7965, -1, 0),
	(38, 500, 30, 410.039, -812.972, 43.3277, -1, 0),
	(38, 500, 31, 343.053, -898.765, 15.2746, -1, 0),
	(38, 500, 32, 241.127, -1029.32, 2.25092, -1, 45),
	(38, 500, 33, 97.4611, -1014.07, -8.48603, -1, 0),
	(38, 500, 34, 7.84712, -1005.24, -7.09529, -1, 0),
	(38, 500, 35, -69.9604, -976.308, 32.4957, -1, 45),
	(38, 500, 36, -42.8739, -897.252, 1.50621, -1, 0),
	(38, 500, 37, -10.2165, -798.372, 14.6449, -1, 0),
	(38, 500, 38, 22.6172, -698.959, 4.48127, -1, 0),
	(38, 500, 39, 66.8289, -597.758, 122.959, -1, 0),
	(38, 500, 40, 104.829, -499.216, 62.1969, -1, 45),
	(38, 500, 41, 167.022, -542.32, 120.289, -1, 0),
	(38, 500, 42, 264.684, -607.554, 45.0417, -1, 0),
	(38, 500, 43, 280.235, -617.938, 51.3289, -1, 0),
	(38, 500, 44, 311.672, -638.933, 23.5356, -1, 0),
	(38, 500, 45, 410.803, -705.152, 41.8639, -1, 0),
	(38, 500, 46, 458.817, -750.86, 37.7635, -1, 0),
	(38, 500, 47, 498.52, -788.65, -12.6855, -1, 0),
	(38, 500, 48, 529.7, -818.328, -10.0246, -1, 0),
	(38, 500, 49, 560.893, -848.028, 21.4465, -1, 0),
	(38, 500, 50, 609.523, -894.326, 27.4195, -1, 45),
	(38, 500, 51, 711.537, -889.171, 103.332, -1, 0),
	(38, 500, 52, 823.939, -878.078, 115.509, -1, 0),
	(38, 500, 53, 906.455, -869.939, 52.3112, -1, 0),
	(38, 500, 54, 1078.62, -829.272, 84.8157, -1, 0),
	(38, 500, 55, 1305.22, -706.409, -4.82421, -1, 45),
	(38, 500, 56, 1195.43, -798.564, 44.4388, -1, 0),
	(38, 500, 57, 1175.22, -834.929, 32.8085, -1, 0),
	(38, 500, 58, 1095.48, -994.162, 30.168, -1, 0),
	(38, 500, 59, 1079.64, -1026.56, 23.8553, -1, 0),
	(38, 500, 60, 1044.45, -1098.55, -7.10915, -1, 0),
	(38, 500, 61, 1012.43, -1164.05, 61.9603, -1, 0),
	(38, 500, 62, 995.599, -1198.5, 82.1684, -1, 0),
	(38, 500, 63, 917.203, -1220.99, 12.3046, -1, 0),
	(39, 500, 1, -286.933, 1349.04, 209.733, -1, 45),
	(39, 500, 2, -498.367, 1302.74, 69.9133, -1, 0),
	(39, 500, 3, -575.72, 1273.64, 63.6691, -1, 45),
	(39, 500, 4, -579.043, 1205.72, 71.3103, -1, 0),
	(39, 500, 5, -582.655, 1131.9, 69.5763, -1, 0),
	(39, 500, 6, -698.913, 994.202, 53.1441, -1, 0),
	(39, 500, 7, -710.139, 902.927, 64.5814, -1, 0),
	(39, 500, 8, -739.157, 797.931, 23.9841, -1, 45),
	(39, 500, 9, -612.639, 793.082, 53.3017, -1, 0),
	(39, 500, 10, -573.08, 810.586, 64.945, -1, 0),
	(39, 500, 11, -462.85, 852.662, 92.058, -1, 45),
	(39, 500, 12, -408.612, 803.467, 78.986, -1, 0),
	(39, 500, 13, -345.846, 746.548, 120.252, -1, 45),
	(39, 500, 14, -345.314, 704.228, 127.292, -1, 0),
	(39, 500, 15, -344.027, 601.518, 168.774, -1, 0),
	(39, 500, 16, -342.823, 504.972, 126.033, -1, 0),
	(39, 500, 17, -332.796, 399.894, 22.8495, -1, 45),
	(39, 500, 18, -293.128, 304.166, 0.214726, -1, 0),
	(39, 500, 19, -262.254, 229.646, 21.5103, -1, 0),
	(39, 500, 20, -208.858, 100.77, 2.48234, -1, 0),
	(39, 500, 21, -171.061, 9.54409, -5.12456, -1, 45),
	(39, 500, 22, -142.419, -59.5453, 28.3896, -1, 0),
	(39, 500, 23, -84.5765, -199.146, 130.952, -1, 0),
	(39, 500, 24, -51.3796, -285.561, 113.76, -1, 45),
	(39, 500, 25, 18.6884, -267.629, 110.532, -1, 0),
	(39, 500, 26, 48.036, -260.655, 102.438, -1, 0),
	(39, 500, 27, 151.13, -236.157, 43.4835, -1, 0),
	(39, 500, 28, 211.463, -187.814, 25.6381, -1, 45),
	(39, 500, 29, 326.464, -98.0364, 29.5819, -1, 0),
	(39, 500, 30, 411.594, -31.5756, 5.69161, -1, 0),
	(39, 500, 31, 572.231, 48.3765, -5.13334, -1, 45),
	(39, 500, 32, 668.159, 86.7595, -7.38771, -1, 0),
	(39, 500, 33, 883.255, 115.98, 6.70546, -1, 0),
	(39, 500, 34, 931.016, 122.468, 10.3782, -1, 45),
	(39, 500, 35, 1039.88, 301.269, -2.22406, -1, 0),
	(39, 500, 36, 1026.72, 314.74, 4.35238, -1, 0),
	(39, 500, 37, 1005.79, 336.155, 0.869233, -1, 0),
	(39, 500, 38, 947.954, 395.38, 6.8655, -1, 0),
	(39, 500, 39, 877.324, 467.712, 22.9059, -1, 0),
	(39, 500, 40, 838.588, 507.371, -2.69757, -1, 45),
	(39, 500, 41, 822.644, 515.139, -6.16571, -1, 0),
	(39, 500, 42, 749.157, 550.945, 44.7686, -1, 0),
	(39, 500, 43, 688.539, 580.477, 66.4928, -1, 0),
	(39, 500, 44, 608.684, 619.382, 124.196, -1, 0),
	(39, 500, 45, 557.834, 644.149, 124.89, -1, 0),
	(39, 500, 46, 433.945, 704.528, 179.493, -1, 45),
	(39, 500, 47, 463.754, 807.377, 189.274, -1, 0),
	(39, 500, 48, 498.218, 866.902, 172.878, -1, 0),
	(39, 500, 49, 566.111, 955.218, 159.754, -1, 45),
	(39, 500, 50, 705.562, 1038.78, 180.85, -1, 0),
	(39, 500, 51, 793.289, 1091.31, 190.34, -1, 0),
	(39, 500, 52, 891.182, 1079.16, 183.446, -1, 0),
	(39, 500, 53, 1005.3, 1038.56, 129.221, -1, 45),
	(39, 500, 54, 991.064, 1069.52, 134.115, -1, 0),
	(39, 500, 55, 959.697, 1137.78, 160.946, -1, 0),
	(39, 500, 56, 910.39, 1228, 183.237, -1, 0),
	(39, 500, 57, 850.549, 1302.62, 182.947, -1, 0),
	(39, 500, 58, 806.142, 1358.02, 210.418, -1, 0),
	(39, 500, 59, 624.683, 1322.71, 201.34, -1, 0),
	(39, 500, 60, 608.432, 1318.03, 205.189, -1, 0),
	(39, 500, 61, 542.149, 1346.66, 223.159, -1, 45),
	(39, 500, 62, 439.852, 1349.54, 205.768, -1, 0),
	(39, 500, 63, 405.922, 1347.41, 221.617, -1, 0),
	(39, 500, 64, 329.47, 1342.6, 213.501, -1, 0),
	(39, 500, 65, 221.84, 1330.63, 200.584, -1, 0),
	(39, 500, 66, 211.922, 1327.61, 203.571, -1, 0),
	(39, 500, 67, 130.281, 1314.69, 200.966, -1, 0),
	(39, 500, 68, 9.25599, 1337.13, 214.959, -1, 0),
	(39, 500, 69, -188.141, 1363.93, 238.448, -1, 0),
	(39, 500, 70, -269.687, 1357.35, 220.245, -1, 0),
	(40, 500, 1, 990.645, -1024.48, 34.9457, -1, 25),
	(40, 500, 2, 979.71, -1095.05, 41.975, -1, 0),
	(40, 500, 3, 971.153, -1137.87, 5.86634, -1, 0),
	(40, 500, 4, 959.404, -1196.75, 52.5782, -1, 45),
	(40, 500, 5, 929.859, -1179.98, 13.0969, -1, 0),
	(40, 500, 6, 910.191, -1180.42, 36.0757, -1, 0),
	(40, 500, 7, 829.322, -1182.35, 52.0769, -1, 0),
	(40, 500, 8, 809.723, -1182.8, 33.0142, -1, 0),
	(40, 500, 9, 729.415, -1184.72, 59.6362, -1, 0),
	(40, 500, 10, 711.564, -1185.14, 61.7724, -1, 0),
	(40, 500, 11, 613.846, -1187.47, 14.5467, -1, 0),
	(40, 500, 12, 592.916, -1198.11, 20.6749, -1, 0),
	(40, 500, 13, 510.238, -1241.34, 36.6103, -1, 0),
	(40, 500, 14, 410.628, -1289.82, -7.26326, -1, 0),
	(40, 500, 15, 400.827, -1294.59, -7.06524, -1, 45),
	(40, 500, 16, 402.989, -1206.1, -2.71019, -1, 0),
	(40, 500, 17, 405.728, -1093.93, 32.6134, -1, 45),
	(40, 500, 18, 329.916, -1082.64, 41.674, -1, 0),
	(40, 500, 19, 238.74, -1069.05, 0.905001, -1, 0),
	(40, 500, 20, 197.455, -1062.91, 0.523169, -1, 45),
	(40, 500, 21, 221.483, -989.324, 4.69391, -1, 0),
	(40, 500, 22, 229.324, -882.801, 9.09888, -1, 0),
	(40, 500, 23, 255.304, -796.95, 36.9042, -1, 0),
	(40, 500, 24, 302.41, -712.142, 23.184, -1, 45),
	(40, 500, 25, 349.069, -721.397, 30.8338, -1, 0),
	(40, 500, 26, 410.498, -735.757, 44.1026, -1, 0),
	(40, 500, 27, 459.137, -748.548, 37.9371, -1, 0),
	(40, 500, 28, 528.643, -766.834, -11.9264, -1, 0),
	(40, 500, 29, 618.545, -790.463, 35.2793, -1, 45),
	(40, 500, 30, 668.538, -839.965, 18.8934, -1, 0),
	(40, 500, 31, 727.717, -897.704, 116.84, -1, 0),
	(40, 500, 32, 773.284, -934.744, 134.809, -1, 0),
	(40, 500, 33, 835.822, -973.772, 88.8305, -1, 0),
	(40, 500, 34, 877.763, -997.339, 119.777, -1, 0),
	(40, 500, 35, 897.905, -1009.07, 117.155, -1, 0),
	(40, 500, 36, 991.742, -1024.17, 33.5011, -1, 20),
	(41, 500, 1, -188.695, -951.095, 75.0618, -1, 10),
	(41, 500, 2, -285.703, -1041.19, 33.2555, -1, 0),
	(41, 500, 3, -378.145, -1098.1, 35.0769, -1, 0),
	(41, 500, 4, -392.491, -1101.12, 29.2226, -1, 0),
	(41, 500, 5, -511.944, -1098.47, -5.36026, -1, 45),
	(41, 500, 6, -502.363, -1109.57, 0.965101, -1, 0),
	(41, 500, 7, -489.719, -1124.22, 0.076514, -1, 0),
	(41, 500, 8, -455.578, -1163.76, 19.9997, -1, 0),
	(41, 500, 9, -429.118, -1194.41, 8.34241, -1, 0),
	(41, 500, 10, -353.772, -1261.54, 21.4773, -1, 0),
	(41, 500, 11, -299.796, -1295.51, 15.6849, -1, 0),
	(41, 500, 12, -229.454, -1336, 15.7362, -1, 0),
	(41, 500, 13, -158.851, -1353.65, -7.05802, -1, 45),
	(41, 500, 14, -113.625, -1370.88, -7.13629, -1, 0),
	(41, 500, 15, 0.850844, -1391.86, -7.50907, -1, 0),
	(41, 500, 16, 101.689, -1408.02, -4.72747, -1, 45),
	(41, 500, 17, 314.873, -1199.57, -1.89681, -1, 0),
	(41, 500, 18, 414.288, -1100.05, 31.2146, -1, 0),
	(41, 500, 19, 508.709, -1005.54, 8.87133, -1, 0),
	(41, 500, 20, 477.454, -897.643, 11.558, -1, 0),
	(41, 500, 21, 463.824, -854.628, -6.35197, -1, 45),
	(41, 500, 22, 443.553, -763.929, 41.4266, -1, 0),
	(41, 500, 23, 409.6, -688.466, 40.6591, -1, 45),
	(41, 500, 24, 233.279, -681.918, 8.92192, -1, 0),
	(41, 500, 25, 186.493, -699.176, 8.41224, -1, 0),
	(41, 500, 26, 93.7159, -716.628, 20.1707, -1, 0),
	(41, 500, 27, 6.48059, -724.236, 5.42323, -1, 0),
	(41, 500, 28, -89.9335, -723.037, 9.77451, -1, 0),
	(41, 500, 29, -179.212, -721.925, -5.57832, -1, 0),
	(41, 500, 30, -231.265, -699.603, -6.6012, -1, 0),
	(41, 500, 31, -273.066, -681.682, 1.81505, -1, 0),
	(41, 500, 32, -291.676, -673.702, -4.6672, -1, 0),
	(41, 500, 33, -344.267, -651.149, -0.402576, -1, 0),
	(41, 500, 34, -388.255, -632.284, 23.6244, -1, 0),
	(41, 500, 35, -456.076, -598.248, 42.101, -1, 0),
	(41, 500, 36, -468.314, -591.313, 41.0532, -1, 45),
	(41, 500, 37, -470.424, -597.998, 43.37, -1, 0),
	(41, 500, 38, -498.595, -709.152, 5.5987, -1, 0),
	(41, 500, 39, -503.845, -769.089, 6.01159, -1, 0),
	(41, 500, 40, -509.393, -819.253, 4.78088, -1, 0),
	(41, 500, 41, -515.241, -899.98, 32.6782, -1, 45),
	(41, 500, 42, -495.043, -905.027, 43.4566, -1, 0),
	(41, 500, 43, -446.601, -917.105, 75.0953, -1, 0),
	(41, 500, 44, -389.1, -931.646, 125.413, -1, 0),
	(41, 500, 45, -325.338, -937.7, 93.7625, -1, 0),
	(41, 500, 46, -239.674, -946.503, 18.1406, -1, 0),
	(41, 500, 47, -188.203, -950.579, 74.5499, -1, 35),
	(42, 500, 1, 1094.73, 562.099, 45.3309, -1, 22),
	(42, 500, 2, 1109.24, 574.616, 47.7702, -1, 0),
	(42, 500, 3, 1141.97, 602.863, 31.4735, -1, 0),
	(42, 500, 4, 1204.97, 657.235, 39.8281, -1, 0),
	(42, 500, 5, 1308.41, 746.523, 34.9896, -1, 45),
	(42, 500, 6, 1281.55, 771.449, 52.0056, -1, 0),
	(42, 500, 7, 1247.15, 803.32, 8.60382, -1, 0),
	(42, 500, 8, 1223.17, 825.528, 9.30066, -1, 0),
	(42, 500, 9, 1176.69, 868.586, 71.7869, -1, 0),
	(42, 500, 10, 1020.11, 777.78, 77.121, -1, 0),
	(42, 500, 11, 911.203, 722.934, 107.517, -1, 45),
	(42, 500, 12, 870.596, 702.482, 105.941, -1, 0),
	(42, 500, 13, 808.621, 632.144, 68.4715, -1, 0),
	(42, 500, 14, 688.749, 503.113, 34.3239, -1, 45),
	(42, 500, 15, 610.299, 426.599, 56.1144, -1, 0),
	(42, 500, 16, 581.176, 398.195, 55.9433, -1, 0),
	(42, 500, 17, 513.476, 332.166, 43.5269, -1, 0),
	(42, 500, 18, 471.66, 293.325, 27.9947, -1, 45),
	(42, 500, 19, 489.771, 280.225, 33.1854, -1, 0),
	(42, 500, 20, 544.085, 240.41, 19.4002, -1, 0),
	(42, 500, 21, 599.234, 190.074, 38.0895, -1, 0),
	(42, 500, 22, 671.549, 154.752, 7.30837, -1, 0),
	(42, 500, 23, 741.967, 139.798, -3.34229, -1, 0),
	(42, 500, 24, 902.314, 105.821, 9.70521, -1, 0),
	(42, 500, 25, 1050.57, 41.3935, 74.5142, -1, 45),
	(42, 500, 26, 1109.08, 87.7835, 29.3227, -1, 0),
	(42, 500, 27, 1166.74, 129.492, 25.4427, -1, 0),
	(42, 500, 28, 1266.44, 201.62, 55.1958, -1, 0),
	(42, 500, 29, 1311.83, 234.463, 62.4421, -1, 45),
	(42, 500, 30, 1282.94, 283.233, 47.6495, -1, 0),
	(42, 500, 31, 1251.57, 339.352, 49.1873, -1, 0),
	(42, 500, 32, 1220.32, 405.215, 90.026, -1, 0),
	(42, 500, 33, 1188.33, 470.936, 6.703, -1, 45),
	(42, 500, 34, 1109.58, 442.763, 68.8257, -1, 0),
	(42, 500, 35, 1082.3, 504.207, 66.6868, -1, 0),
	(42, 500, 36, 1095.16, 562.2, 45.5318, -1, 23),
	(43, 500, 1, -828.515, 1050.51, 36.4555, -1, 10),
	(43, 500, 2, -861.05, 989.216, 37.7332, -1, 0),
	(43, 500, 3, -829.993, 905.707, 52.5307, -1, 0),
	(43, 500, 4, -818.42, 874.595, 57.4958, -1, 0),
	(43, 500, 5, -791.37, 801.852, 17.0436, -1, 0),
	(43, 500, 6, -788.304, 647.571, 4.96229, -1, 0),
	(43, 500, 7, -688.758, 519.853, 1.52768, -1, 0),
	(43, 500, 8, -594.561, 399.171, 11.2013, -1, 0),
	(43, 500, 9, -506.524, 286.419, 29.1386, -1, 0),
	(43, 500, 10, -440.381, 201.683, 96.2606, -1, 0),
	(43, 500, 11, -418.148, 173.195, 95.6204, -1, 0),
	(43, 500, 12, -374.702, 117.539, 59.689, -1, 0),
	(43, 500, 13, -362.25, 101.587, 56.8013, -1, 0),
	(43, 500, 14, -290.234, 9.33209, 9.45755, -1, 45),
	(43, 500, 15, -115.077, 51.8848, -9.35965, -1, 0),
	(43, 500, 16, 5.71971, 82.1338, 12.0911, -1, 0),
	(43, 500, 17, 108.885, 102.065, 59.2944, -1, 0),
	(43, 500, 18, 238.199, 133.012, 34.451, -1, 0),
	(43, 500, 19, 371.669, 169.94, 4.71349, -1, 45),
	(43, 500, 20, 409.729, 180.47, 5.36199, -1, 0),
	(43, 500, 21, 504.28, 201.155, 2.17181, -1, 0),
	(43, 500, 22, 611.034, 215.03, 45.7142, -1, 0),
	(43, 500, 23, 626.433, 214.841, 35.7954, -1, 0),
	(43, 500, 24, 641.768, 214.651, 39.5431, -1, 0),
	(43, 500, 25, 658.874, 223.263, 43.3041, -1, 0),
	(43, 500, 26, 676.659, 232.217, 15.4843, -1, 0),
	(43, 500, 27, 709.891, 231.398, 7.68608, -1, 0),
	(43, 500, 28, 740.029, 230.658, 36.8991, -1, 0),
	(43, 500, 29, 809.671, 238.346, 28.4476, -1, 0),
	(43, 500, 30, 852.708, 241.513, 2.80909, -1, 0),
	(43, 500, 31, 883.689, 243.794, 4.97968, -1, 45),
	(43, 500, 32, 896.484, 286.58, 5.63221, -1, 0),
	(43, 500, 33, 900.431, 301.588, 13.7661, -1, 0),
	(43, 500, 34, 910.876, 341.301, 6.4899, -1, 0),
	(43, 500, 35, 923.557, 389.512, 6.33609, -1, 0),
	(43, 500, 36, 955.344, 510.384, 25.4498, -1, 45),
	(43, 500, 37, 912.866, 518.799, 26.4439, -1, 0),
	(43, 500, 38, 829.984, 517.739, -3.56754, -1, 0),
	(43, 500, 39, 807.793, 517.447, -1.99118, -1, 0),
	(43, 500, 40, 769.02, 516.95, 15.4128, -1, 0),
	(43, 500, 41, 724.486, 516.379, 35.1177, -1, 0),
	(43, 500, 42, 628.555, 515.148, 45.1412, -1, 0),
	(43, 500, 43, 540.833, 514.031, 54.0135, -1, 45),
	(43, 500, 44, 512.312, 502.216, 46.8257, -1, 0),
	(43, 500, 45, 312.756, 419.511, 25.4138, -1, 45),
	(43, 500, 46, 211.334, 377.472, 89.3287, -1, 0),
	(43, 500, 47, 111.497, 336.101, 106.565, -1, 0),
	(43, 500, 48, 17.6278, 297.195, 50.5197, -1, 0),
	(43, 500, 49, -84.6956, 254.785, 3.17311, -1, 0),
	(43, 500, 50, -140.708, 231.575, -2.33246, -1, 45),
	(43, 500, 51, -193.563, 251.863, -2.13895, -1, 0),
	(43, 500, 52, -226.683, 264.627, 10.2449, -1, 0),
	(43, 500, 53, -285.514, 287.307, 3.88733, -1, 0),
	(43, 500, 54, -299.248, 292.601, 8.59022, -1, 0),
	(43, 500, 55, -325.072, 302.556, 3.62748, -1, 0),
	(43, 500, 56, -441.917, 347.597, 27.3212, -1, 0),
	(43, 500, 57, -492.234, 401.914, 5.6026, -1, 0),
	(43, 500, 58, -537.098, 452.656, 45.8045, -1, 0),
	(43, 500, 59, -590.499, 513.072, 5.04365, -1, 0),
	(43, 500, 60, -631.951, 559.942, 7.98, -1, 45),
	(43, 500, 61, -632.06, 600.034, 11.1044, -1, 0),
	(43, 500, 62, -630.458, 663.497, 44.3662, -1, 0),
	(43, 500, 63, -636.595, 705.094, 49.6113, -1, 0),
	(43, 500, 64, -644.644, 802.024, 44.782, -1, 0),
	(43, 500, 65, -679.923, 904.818, 68.508, -1, 45),
	(43, 500, 66, -736.431, 954.788, 55.4879, -1, 0),
	(43, 500, 67, -784.711, 1007.32, 29.62, -1, 0),
	(43, 500, 68, -829.394, 1049.72, 36.4944, -1, 35),
	(44, 500, 1, -143.733, -638.7, 54.893, -1, 0),
	(44, 500, 2, -115.035, -697.451, 5.28674, -1, 0),
	(44, 500, 3, -40.2793, -850.544, 8.87614, -1, 0),
	(44, 500, 4, -17.768, -896.647, 0.630878, -1, 0),
	(44, 500, 5, -8.4547, -915.726, 6.92238, -1, 0),
	(44, 500, 6, 16.043, -965.904, -5.70899, -1, 0),
	(44, 500, 7, 83.2935, -1103.59, -5.5581, -1, 45),
	(44, 500, 8, 13.946, -1130.06, -7.01598, -1, 0),
	(44, 500, 9, -86.045, -1181.71, 20.4107, -1, 0),
	(44, 500, 10, -189.517, -1229.26, -7.56917, -1, 0),
	(44, 500, 11, -294.154, -1286.73, 12.4548, -1, 45),
	(44, 500, 12, -335.76, -1248.51, 14.4793, -1, 0),
	(44, 500, 13, -385.62, -1197.33, 2.29248, -1, 0),
	(44, 500, 14, -435.373, -1146.27, 22.4961, -1, 0),
	(44, 500, 15, -482.055, -1098.32, -3.16365, -1, 0),
	(44, 500, 16, -489.924, -1090.22, -4.45849, -1, 0),
	(44, 500, 17, -551.866, -1026.59, 4.88336, -1, 45),
	(44, 500, 18, -490.191, -1010.32, 8.94856, -1, 0),
	(44, 500, 19, -390.134, -983.916, 117.224, -1, 0),
	(44, 500, 20, -287.759, -956.871, 29.5876, -1, 0),
	(44, 500, 21, -239.306, -944.092, 20.2529, -1, 0),
	(44, 500, 22, -188.44, -930.673, 62.0606, -1, 0),
	(44, 500, 23, -87.829, -904.121, 5.58637, -1, 45),
	(44, 500, 24, -103.415, -814.205, 16.5231, -1, 0),
	(44, 500, 25, -106.749, -794.947, 9.17118, -1, 0),
	(44, 500, 26, -123.664, -697.404, 3.90319, -1, 0),
	(44, 500, 27, -146.16, -638.823, 53.0412, -1, 45),
	(45, 500, 1, -694.722, 976.82, 56.0719, -1, 45),
	(45, 500, 2, -690.989, 902.17, 66.2433, -1, 0),
	(45, 500, 3, -685.639, 795.159, 33.1735, -1, 0),
	(45, 500, 4, -680.966, 701.606, 31.7775, -1, 0),
	(45, 500, 5, -676.014, 602.475, 8.93603, -1, 0),
	(45, 500, 6, -666.446, 411.104, 1.32205, -1, 0),
	(45, 500, 7, -640.827, 355.148, 17.814, -1, 0),
	(45, 500, 8, -608.737, 285.193, 34.6336, -1, 0),
	(45, 500, 9, -576.809, 215.612, 38.6227, -1, 0),
	(45, 500, 10, -544.832, 145.867, 101.555, -1, 45),
	(45, 500, 11, -477.907, 113.208, 97.2486, -1, 0),
	(45, 500, 12, -386.143, 68.4249, 47.4698, -1, 0),
	(45, 500, 13, -257.104, 30.9686, 3.11666, -1, 45),
	(45, 500, 14, -221.987, 101.293, 8.32734, -1, 0),
	(45, 500, 15, -190.139, 150.234, -5.2262, -1, 0),
	(45, 500, 16, -90.937, 350.512, 7.82766, -1, 0),
	(45, 500, 17, -83.4759, 502.162, 39.7822, -1, 45),
	(45, 500, 18, -88.3381, 601.196, 105.424, -1, 0),
	(45, 500, 19, -88.025, 702.485, 159.125, -1, 0),
	(45, 500, 20, -188.618, 864.716, 171.579, -1, 0),
	(45, 500, 21, -213.837, 900.505, 172.388, -1, 0),
	(45, 500, 22, -271.265, 1004.3, 176.671, -1, 45),
	(45, 500, 23, -311.336, 1077.05, 166.924, -1, 0),
	(45, 500, 24, -347.147, 1142.06, 150.684, -1, 0),
	(45, 500, 25, -371.438, 1218.08, 132.929, -1, 0),
	(45, 500, 26, -405.989, 1284.86, 103.033, -1, 45),
	(45, 500, 27, -503.584, 1255.12, 76.863, -1, 0),
	(45, 500, 28, -748.567, 1180.44, 40.0781, -1, 0),
	(45, 500, 29, -695.238, 976.991, 56.0064, -1, 0),
	(46, 500, 1, 680.464, 436.352, 48.6469, -1, 0),
	(46, 500, 2, 640.593, 500.983, 38.8157, -1, 0),
	(46, 500, 3, 628.785, 520.119, 47.3004, -1, 0),
	(46, 500, 4, 591.587, 580.42, 100.145, -1, 0),
	(46, 500, 5, 574.689, 607.813, 108.799, -1, 0),
	(46, 500, 6, 553.151, 642.727, 122.85, -1, 0),
	(46, 500, 7, 514.735, 704.992, 182.392, -1, 0),
	(46, 500, 8, 447.942, 753.229, 184.566, -1, 45),
	(46, 500, 9, 406.069, 727.018, 180.688, -1, 0),
	(46, 500, 10, 369.616, 705.274, 171.074, -1, 0),
	(46, 500, 11, 510.808, 539.414, 62.4986, -1, 0),
	(46, 500, 12, 530.597, 521.888, 60.2384, -1, 0),
	(46, 500, 13, 556.441, 452.644, 43.0964, -1, 0),
	(46, 500, 14, 543.423, 404.908, 49.1243, -1, 0),
	(46, 500, 15, 512.498, 342.083, 43.5203, -1, 0),
	(46, 500, 16, 469.119, 258.49, 23.8017, -1, 0),
	(46, 500, 17, 440.474, 203.294, 0.624873, -1, 0),
	(46, 500, 18, 388.913, 103.953, 24.096, -1, 0),
	(46, 500, 19, 283.57, 26.917, -0.733159, -1, 45),
	(46, 500, 20, 253.284, 43.5792, 0.571568, -1, 0),
	(46, 500, 21, 209.844, 67.4813, 24.4652, -1, 0),
	(46, 500, 22, 184.234, 68.3136, 25.0365, -1, 0),
	(46, 500, 23, 134.091, 103.332, 55.7601, -1, 0),
	(46, 500, 24, 115.213, 105.715, 59.0698, -1, 0),
	(46, 500, 25, 51.2108, 142.14, 9.95279, -1, 0),
	(46, 500, 26, 9.15635, 167.343, 29.9711, -1, 0),
	(46, 500, 27, -17.2097, 182.797, 25.8882, -1, 0),
	(46, 500, 28, -92.4361, 226.631, 0.400419, -1, 0),
	(46, 500, 29, -189.26, 283.055, -2.5039, -1, 0),
	(46, 500, 30, -202.224, 290.609, 1.89991, -1, 0),
	(46, 500, 31, -220.407, 301.202, -1.17711, -1, 0),
	(46, 500, 32, -292.574, 343.25, 7.96562, -1, 45),
	(46, 500, 33, -334.837, 398.803, 22.8428, -1, 0),
	(46, 500, 34, -300.188, 512.891, 111.213, -1, 0),
	(46, 500, 35, -284.478, 607.416, 142.375, -1, 0),
	(46, 500, 36, -280.64, 646.3, 131.961, -1, 45),
	(46, 500, 37, -256.02, 635.381, 139.838, -1, 0),
	(46, 500, 38, -191.808, 606.892, 76.8492, -1, 0),
	(46, 500, 39, -116.14, 573.321, 90.1749, -1, 0),
	(46, 500, 40, -47.9144, 543.038, 52.3421, -1, 0),
	(46, 500, 41, 12.0805, 516.39, 85.4717, -1, 0),
	(46, 500, 42, 18.5489, 513.519, 86.2988, -1, 0),
	(46, 500, 43, 109.267, 473.285, 133.62, -1, 0),
	(46, 500, 44, 268.057, 461.562, 70.6169, -1, 0),
	(46, 500, 45, 311.589, 458.344, 35.7309, -1, 0),
	(46, 500, 46, 454.766, 447.767, 32.6495, -1, 0),
	(46, 500, 47, 510.202, 452.894, 45.3357, -1, 0),
	(46, 500, 48, 556.753, 449.15, 42.9909, -1, 0),
	(46, 500, 49, 610.969, 445.545, 52.5258, -1, 0),
	(46, 500, 50, 679.858, 438.069, 48.2989, -1, 45),
	(47, 500, 1, 958, -566, 111.84, -1, 0),
	(47, 500, 2, 914.601, -638.685, 73.5983, -1, 0),
	(47, 500, 3, 879.562, -698.768, 8.94821, -1, 0),
	(47, 500, 4, 822.102, -797.3, 7.99431, -1, 0),
	(47, 500, 5, 763.471, -897.846, 127.596, -1, 0),
	(47, 500, 6, 713.33, -962.073, 120.045, -1, 0),
	(47, 500, 7, 688.068, -994.425, 104.235, -1, 0),
	(47, 500, 8, 612.992, -1090.54, 4.41491, -1, 45),
	(47, 500, 9, 515.473, -1091.7, 7.7071, -1, 0),
	(47, 500, 10, 415.275, -1092.88, 31.6139, -1, 0),
	(47, 500, 11, 312.984, -1094.09, 47.2696, -1, 0),
	(47, 500, 12, 215.983, -1095.24, 1.40618, -1, 0),
	(47, 500, 13, -88.8101, -1098.85, 3.42033, -1, 45),
	(47, 500, 14, -187.05, -1199.52, -7.05349, -1, 0),
	(47, 500, 15, -281.099, -1295.9, 11.8643, -1, 45),
	(47, 500, 16, -329.399, -1248.73, 12.9751, -1, 0),
	(47, 500, 17, -379.895, -1199.42, 1.75602, -1, 0),
	(47, 500, 18, -390.949, -1188.63, 4.896, -1, 0),
	(47, 500, 19, -436.06, -1144.58, 22.8952, -1, 0),
	(47, 500, 20, -483.096, -1098.65, -3.46133, -1, 0),
	(47, 500, 21, -556.319, -1027.15, 4.63677, -1, 45),
	(47, 500, 22, -490.146, -980.539, 17.1009, -1, 0),
	(47, 500, 23, -388.161, -908.702, 128.218, -1, 0),
	(47, 500, 24, -364.536, -894.973, 117.071, -1, 0),
	(47, 500, 25, -214.799, -798.194, -1.59962, -1, 45),
	(47, 500, 26, -89.7484, -783.633, 11.8809, -1, 0),
	(47, 500, 27, 24.2816, -788.943, 15.1883, -1, 0),
	(47, 500, 28, 112.187, -801.01, 0.298464, -1, 45),
	(47, 500, 29, 154.232, -852.229, 15.3539, -1, 0),
	(47, 500, 30, 191.978, -898.213, 2.91083, -1, 0),
	(47, 500, 31, 245.575, -963.51, 8.18339, -1, 45),
	(47, 500, 32, 408.69, -830.693, 36.8019, -1, 0),
	(47, 500, 33, 507.83, -757.139, -4.54774, -1, 0),
	(47, 500, 34, 589.461, -696.576, 19.028, -1, 45),
	(47, 500, 35, 620.859, -687.466, 16.7929, -1, 0),
	(47, 500, 36, 711.672, -661.117, 56.5126, -1, 0),
	(47, 500, 37, 763.942, -645.952, 50.0867, -1, 0),
	(47, 500, 38, 809.929, -632.604, 24.6089, -1, 0),
	(47, 500, 39, 906.182, -604.077, 124.119, -1, 0),
	(47, 500, 40, 958.564, -566.053, 111.034, -1, 45),
	(48, 500, 1, 173.003, 633.605, 99.6753, -1, 15),
	(48, 500, 2, 213.405, 690.938, 131.712, -1, 0),
	(48, 500, 3, 254.315, 749.009, 162.513, -1, 0),
	(48, 500, 4, 285.091, 753.819, 170.171, -1, 45),
	(48, 500, 5, 374.33, 702.613, 171.614, -1, 0),
	(48, 500, 6, 443.142, 676.026, 155.364, -1, 0),
	(48, 500, 7, 548.717, 635.238, 117.484, -1, 0),
	(48, 500, 8, 612.075, 610.743, 119.342, -1, 0),
	(48, 500, 9, 696.522, 578.111, 64.4089, -1, 0),
	(48, 500, 10, 759.529, 553.763, 44.0099, -1, 0),
	(48, 500, 11, 821.847, 529.682, 3.90205, -1, 0),
	(48, 500, 12, 890.981, 502.969, 15.5992, -1, 0),
	(48, 500, 13, 905.868, 497.22, 22.7473, -1, 0),
	(48, 500, 14, 1009.43, 457.209, 17.4856, -1, 0),
	(48, 500, 15, 1111.3, 417.865, 62.9418, -1, 45),
	(48, 500, 16, 1096.91, 302.018, 0.558933, -1, 0),
	(48, 500, 17, 1080.25, 168.043, 32.1769, -1, 0),
	(48, 500, 18, 1071.35, 102.732, 26.7417, -1, 0),
	(48, 500, 19, 1057.81, 3.59077, 82.0814, -1, 0),
	(48, 500, 20, 1048.96, -60.9215, 9.11655, -1, 0),
	(48, 500, 21, 1043.93, -97.846, 15.8832, -1, 0),
	(48, 500, 22, 1033.49, -174.236, 77.4216, -1, 0),
	(48, 500, 23, 1030.44, -196.569, 66.7746, -1, 0),
	(48, 500, 24, 1017.84, -288.958, 10.1666, -1, 45),
	(48, 500, 25, 1007.05, -295.973, 8.24861, -1, 0),
	(48, 500, 26, 931.45, -359.144, 0.177242, -1, 0),
	(48, 500, 27, 848.151, -484.33, 19.7096, -1, 0),
	(48, 500, 28, 809.052, -521.419, 27.7467, -1, 0),
	(48, 500, 29, 778.765, -553.191, 23.2297, -1, 45),
	(48, 500, 30, 772.704, -538.609, 23.6931, -1, 0),
	(48, 500, 31, 739.508, -497.15, 86.8064, -1, 0),
	(48, 500, 32, 710.402, -460.794, 104.917, -1, 0),
	(48, 500, 33, 684.465, -428.393, 95.6484, -1, 0),
	(48, 500, 34, 630.972, -371.042, 40.5026, -1, 0),
	(48, 500, 35, 611.455, -347.275, 28.3717, -1, 0),
	(48, 500, 36, 589.245, -320.226, 23.4058, -1, 0),
	(48, 500, 37, 570.79, -297.752, 0.877235, -1, 0),
	(48, 500, 38, 498.741, -210.006, -6.98401, -1, 0),
	(48, 500, 39, 463.13, -95.9789, 7.9319, -1, 0),
	(48, 500, 40, 443.56, -64.228, 9.01886, -1, 45),
	(48, 500, 41, 443.56, 33.9852, -4.14036, -1, 0),
	(48, 500, 42, 443.56, 76.8805, 7.13814, -1, 0),
	(48, 500, 43, 443.56, 132.978, 19.3716, -1, 0),
	(48, 500, 44, 443.56, 201.801, 0.316715, -1, 0),
	(48, 500, 45, 448.854, 240.916, 15.803, -1, 45),
	(48, 500, 46, 408.642, 219.159, 1.06483, -1, 0),
	(48, 500, 47, 214.705, 102.93, 40.4369, -1, 0),
	(48, 500, 48, 214.705, 102.93, 40.4369, -1, 0),
	(48, 500, 49, 111.957, 102.795, 59.9538, -1, 0),
	(48, 500, 50, 9.72867, 96.4358, 15.5843, -1, 0),
	(48, 500, 51, -86.6566, 96.4358, -6.24836, -1, 0),
	(48, 500, 52, -103.435, 96.4358, -5.57183, -1, 0),
	(48, 500, 53, -191.619, 96.4358, -5.31443, -1, 0),
	(48, 500, 54, -291.841, 96.4358, 36.1257, -1, 0),
	(48, 500, 55, -372.078, 114.954, 58.6986, -1, 0),
	(48, 500, 56, -462.393, 137.362, 96.8926, -1, 0),
	(48, 500, 57, -525.527, 157.366, 100.202, -1, 45),
	(48, 500, 58, -526.021, 163.175, 100.237, -1, 0),
	(48, 500, 59, -489.18, 201.841, 97.6717, -1, 0),
	(48, 500, 60, -397.581, 297.985, 15.403, -1, 0),
	(48, 500, 61, -325.071, 400.825, 22.3189, -1, 0),
	(48, 500, 62, -290.518, 442.896, 53.2096, -1, 0),
	(48, 500, 63, -240.364, 503.967, 77.6251, -1, 0),
	(48, 500, 64, -193.177, 524.859, 57.9017, -1, 0),
	(48, 500, 65, -146.915, 545.335, 74.5114, -1, 0),
	(48, 500, 66, -88.3066, 571.287, 84.7467, -1, 0),
	(48, 500, 67, -6.1608, 588.657, 70.4696, -1, 0),
	(48, 500, 68, 15.6454, 593.261, 75.7013, -1, 0),
	(48, 500, 69, 112.429, 619.377, 94.1576, -1, 0),
	(48, 500, 70, 173.585, 634.214, 100.015, -1, 30),
	(49, 500, 1, 1201.08, 487.061, -7.46215, -1, 35),
	(49, 500, 2, 1232.45, 510.371, -9.02465, -1, 0),
	(49, 500, 3, 1287.9, 565.83, 16.8406, -1, 45),
	(49, 500, 4, 1277.34, 572.318, 11.0715, -1, 0),
	(49, 500, 5, 1227.2, 602.505, 23.1014, -1, 0),
	(49, 500, 6, 1202.7, 617.557, 28.3592, -1, 0),
	(49, 500, 7, 1149.44, 640.919, 41.7342, -1, 0),
	(49, 500, 8, 1080.25, 672.542, 44.3496, -1, 0),
	(49, 500, 9, 941.814, 735.839, 100.762, -1, 45),
	(49, 500, 10, 917.518, 702.246, 107.613, -1, 0),
	(49, 500, 11, 811.29, 610.579, 58.2528, -1, 0),
	(49, 500, 12, 774.104, 503.22, 3.70252, -1, 0),
	(49, 500, 13, 739.509, 402.722, 45.3797, -1, 0),
	(49, 500, 14, 702.549, 295.439, -18.9807, -1, 0),
	(49, 500, 15, 670.174, 201.509, 30.5479, -1, 45),
	(49, 500, 16, 610.907, 206.062, 45.4669, -1, 0),
	(49, 500, 17, 520.392, 209.381, 6.35175, -1, 0),
	(49, 500, 18, 424.968, 196.609, 1.30048, -1, 0),
	(49, 500, 19, 152.66, 142.418, 48.6122, -1, 0),
	(49, 500, 20, 115.226, 101.372, 58.9616, -1, 45),
	(49, 500, 21, 128.474, 3.76323, -6.37927, -1, 0),
	(49, 500, 22, 142.255, -97.8097, 9.2192, -1, 0),
	(49, 500, 23, 150.762, -160.503, 58.839, -1, 0),
	(49, 500, 24, 155.836, -197.88, 58.9707, -1, 0),
	(49, 500, 25, 169.191, -296.288, 15.116, -1, 45),
	(49, 500, 26, 106.255, -304.04, 41.8521, -1, 0),
	(49, 500, 27, 8.93805, -316.015, 112.238, -1, 0),
	(49, 500, 28, -119.833, -331.854, 108.757, -1, 0),
	(49, 500, 29, -236.897, -346.261, 65.4668, -1, 0),
	(49, 500, 30, -289.645, -352.751, 95.5622, -1, 0),
	(49, 500, 31, -488.54, -377.247, 17.9156, -1, 0),
	(49, 500, 32, -584.835, -389.113, 1.04998, -1, 45),
	(49, 500, 33, -589.354, -296.851, 24.601, -1, 0),
	(49, 500, 34, -594.307, -195.734, 11.7458, -1, 0),
	(49, 500, 35, -598.621, -107.641, 20.0649, -1, 0),
	(49, 500, 36, -603.203, -14.0172, -1.89049, -1, 0),
	(49, 500, 37, -608.862, 101.769, 104.254, -1, 0),
	(49, 500, 38, -614.041, 207.639, 45.7925, -1, 45),
	(49, 500, 39, -535.155, 257.542, 33.0064, -1, 0),
	(49, 500, 40, -489.203, 286.608, 37.9586, -1, 0),
	(49, 500, 41, -463.256, 303.025, 23.0546, -1, 0),
	(49, 500, 42, -305.959, 402.546, 21.2708, -1, 0),
	(49, 500, 43, -247.98, 439.229, 30.7252, -1, 0),
	(49, 500, 44, -161.835, 493.741, 43.7708, -1, 0),
	(49, 500, 45, -87.3211, 540.888, 63.3692, -1, 0),
	(49, 500, 46, 7.18818, 600.691, 74.529, -1, 45),
	(49, 500, 47, 2.44256, 504.043, 82.7374, -1, 0),
	(49, 500, 48, -3.06046, 391.882, 84.3686, -1, 0),
	(49, 500, 49, -7.45445, 302.347, 40.0025, -1, 45),
	(49, 500, 50, 66.2528, 257.821, 65.6955, -1, 0),
	(49, 500, 51, 131.797, 220.679, 9.67117, -1, 0),
	(49, 500, 52, 164.329, 202.239, 16.7485, -1, 0),
	(49, 500, 53, 193.836, 185.515, 36.6039, -1, 0),
	(49, 500, 54, 210.131, 176.282, 39.484, -1, 0),
	(49, 500, 55, 256.584, 149.963, 30.0672, -1, 0),
	(49, 500, 56, 319.35, 114.395, 11.3029, -1, 0),
	(49, 500, 57, 378.324, 80.9743, 19.622, -1, 45),
	(49, 500, 58, 405.648, 103.967, 26.7595, -1, 0),
	(49, 500, 59, 454.661, 145.21, 16.6786, -1, 0),
	(49, 500, 60, 509.332, 191.21, 0.899827, -1, 0),
	(49, 500, 61, 602.624, 239.667, 42.7641, -1, 45),
	(49, 500, 62, 599.5, 302.294, 47.4066, -1, 0),
	(49, 500, 63, 594.495, 402.482, 58.1758, -1, 45),
	(49, 500, 64, 709.985, 419.603, 50.466, -1, 0),
	(49, 500, 65, 812.159, 434.747, 11.7606, -1, 0),
	(49, 500, 66, 850.071, 440.363, 23.1016, -1, 0),
	(49, 500, 67, 920.593, 450.815, 14.3611, -1, 0),
	(49, 500, 68, 1009.63, 464.014, 18.6289, -1, 0),
	(49, 500, 69, 1110.7, 478.978, 78.7148, -1, 0),
	(49, 500, 70, 1200.57, 486.995, -7.56557, -1, 10),
	(50, 500, 1, 572, -1140, 16.483, -1, 45),
	(50, 500, 2, 512.995, -1130.46, 17.3511, -1, 0),
	(50, 500, 3, 481.28, -1125.34, 4.14951, -1, 0),
	(50, 500, 4, 413.134, -1114.33, 26.4585, -1, 0),
	(50, 500, 5, 312.752, -1097.5, 48.5677, -1, 45),
	(50, 500, 6, 212.067, -1188.62, -5.38421, -1, 0),
	(50, 500, 7, 118.855, -1272.98, -3.41001, -1, 0),
	(50, 500, 8, 79.6935, -1308.42, -7.28303, -1, 45),
	(50, 500, 9, -188.341, -1321.4, -7.42076, -1, 0),
	(50, 500, 10, -211.722, -1322.54, 6.03314, -1, 0),
	(50, 500, 11, -287.946, -1326.23, 24.3519, -1, 0),
	(50, 500, 12, -319.804, -1327.77, 46.9525, -1, 45),
	(50, 500, 13, -319.804, -1327.77, 46.9525, -1, 0),
	(50, 500, 14, -386.938, -1331.02, 66.1124, -1, 45),
	(50, 500, 15, -409.016, -1317.38, 44.9949, -1, 0),
	(50, 500, 16, -488.89, -1268.07, 39.2463, -1, 0),
	(50, 500, 17, -531.392, -1241.8, 64.5648, -1, 0),
	(50, 500, 18, -591.107, -1204.94, 56.7201, -1, 0),
	(50, 500, 19, -603.24, -1197.45, 60.4954, -1, 0),
	(50, 500, 20, -656.4, -1164.63, 76.5347, -1, 0),
	(50, 500, 21, -716.408, -1127.56, 5.75351, -1, 0),
	(50, 500, 22, -765.503, -1097.24, -4.40673, -1, 45),
	(50, 500, 23, -725.69, -1009.32, -0.56026, -1, 0),
	(50, 500, 24, -682.455, -897.396, -0.829265, -1, 0),
	(50, 500, 25, -442.631, -705.087, 2.97323, -1, 45),
	(50, 500, 26, -435.615, -699.028, 2.43178, -1, 0),
	(50, 500, 27, -291.058, -574.278, 9.49583, -1, 45),
	(50, 500, 28, -270.016, -598.031, 6.40332, -1, 0),
	(50, 500, 29, -232.469, -640.465, 21.007, -1, 0),
	(50, 500, 30, -188.457, -690.192, -3.40294, -1, 0),
	(50, 500, 31, -90.7465, -800.583, 12.9429, -1, 45),
	(50, 500, 32, -90.7465, -800.583, 12.9429, -1, 0),
	(50, 500, 33, -10.5802, -896.448, 0.383999, -1, 45),
	(50, 500, 34, 96.191, -897.713, -4.80214, -1, 0),
	(50, 500, 35, 314.234, -900.302, 16.5622, -1, 0),
	(50, 500, 36, 410.667, -847.231, 30.6075, -1, 45),
	(50, 500, 37, 490.663, -803.142, -12.3243, -1, 0),
	(50, 500, 38, 553.64, -768.313, -8.10797, -1, 0),
	(50, 500, 39, 710.628, -681.848, 69.8535, -1, 0),
	(50, 500, 40, 712.907, -680.592, 69.3709, -1, 0),
	(50, 500, 41, 746.33, -662.177, 59.9754, -1, 0),
	(50, 500, 42, 809.099, -627.584, 24.9059, -1, 0),
	(50, 500, 43, 865.912, -625.527, 83.1284, -1, 0),
	(50, 500, 44, 908.781, -596.579, 127.031, -1, 0),
	(50, 500, 45, 816.115, -588.885, 22.2614, -1, 0),
	(50, 500, 46, 693.493, -606.819, 15.2741, -1, 45),
	(50, 500, 47, 599.268, -698.469, 17.8133, -1, 45),
	(50, 500, 48, 592.728, -716.003, 8.50616, -1, 0),
	(50, 500, 49, 533.576, -874.834, 15.9705, -1, 0),
	(50, 500, 50, 491.615, -998.34, 7.90049, -1, 0),
	(50, 500, 51, 479.783, -1034.67, 15.9251, -1, 0),
	(50, 500, 52, 457.612, -1095.05, 20.345, -1, 0),
	(50, 500, 53, 313.308, -1076.12, 38.9866, -1, 0),
	(50, 500, 54, 250.387, -1064.38, 3.95988, -1, 0),
	(50, 500, 55, 166.755, -1042.31, -0.578868, -1, 45),
	(50, 500, 56, 418.016, -1190.89, -2.00028, -1, 0),
	(50, 500, 57, 459.235, -1096.99, 19.8616, -1, 0),
	(50, 500, 58, 510.355, -1001.92, 8.5312, -1, 0),
	(50, 500, 59, 583.88, -1025.26, 31.322, -1, 0),
	(50, 500, 60, 574.405, -1097.01, 2.2891, -1, 0),
	(50, 500, 61, 570.382, -1137.99, 16.4711, -1, 0),
	(51, 500, 1, 1068.27, 188.61, 25.4831, -1, 0),
	(51, 500, 2, 1099.32, 190.896, 32.8346, -1, 0),
	(51, 500, 3, 1165.77, 198.827, 36.1003, -1, 0),
	(51, 500, 4, 1294.34, 184.03, 58.408, -1, 45),
	(51, 500, 5, 1326.79, 102.59, -6.88937, -1, 0),
	(51, 500, 6, 1351.09, 2.75636, 43.9534, -1, 0),
	(51, 500, 7, 1361.65, -44.4309, 34.3634, -1, 0),
	(51, 500, 8, 1373.07, -95.5061, 9.35913, -1, 0),
	(51, 500, 9, 1362.46, -145.391, 19.575, -1, 0),
	(51, 500, 10, 1351.55, -196.644, 27.063, -1, 0),
	(51, 500, 11, 1330.1, -297.632, 125.9, -1, 0),
	(51, 500, 12, 1298.98, -397.158, 106.167, -1, 0),
	(51, 500, 13, 1271.87, -499.485, -6.23645, -1, 0),
	(51, 500, 14, 1240.67, -567.539, -6.3973, -1, 0),
	(51, 500, 15, 1231.28, -599.783, 17.4126, -1, 0),
	(51, 500, 16, 1223.07, -606.164, 8.28543, -1, 0),
	(51, 500, 17, 1204.52, -624.22, 11.2145, -1, 45),
	(51, 500, 18, 1150.78, -729.218, -5.90826, -1, 0),
	(51, 500, 19, 1108.53, -789.078, 64.6895, -1, 0),
	(51, 500, 20, 954.145, -876.361, 69.0704, -1, 45),
	(51, 500, 21, 893.663, -795.449, 7.4333, -1, 0),
	(51, 500, 22, 836.996, -710.731, 17.2976, -1, 0),
	(51, 500, 23, 748.067, -661.935, 59.19, -1, 0),
	(51, 500, 24, 709.246, -598.699, 14.8902, -1, 0),
	(51, 500, 25, 655.417, -495.043, 98.0766, -1, 0),
	(51, 500, 26, 641.998, -469.194, 92.1436, -1, 0),
	(51, 500, 27, 609.968, -407.502, 58.7359, -1, 0),
	(51, 500, 28, 573.302, -336.867, 38.9982, -1, 0),
	(51, 500, 29, 551.993, -295.835, 0.027025, -1, 0),
	(51, 500, 30, 505.41, -206.093, -6.62182, -1, 0),
	(51, 500, 31, 452.607, -104.365, 8.70721, -1, 0),
	(51, 500, 32, 435.736, -71.8563, 10.2693, -1, 0),
	(51, 500, 33, 396.66, 3.43316, 0.942241, -1, 45),
	(51, 500, 34, 313.818, -95.637, 31.5836, -1, 0),
	(51, 500, 35, 208.783, -177.843, 26.091, -1, 0),
	(51, 500, 36, 121.084, -186.817, 77.873, -1, 0),
	(51, 500, 37, 9.14719, -231.416, 112.902, -1, 0),
	(51, 500, 38, -16.9409, -244.946, 113.333, -1, 45),
	(51, 500, 39, -30.3623, -198.657, 120.753, -1, 0),
	(51, 500, 40, -140.102, -4.23868, -8.95162, -1, 0),
	(51, 500, 41, -152.722, 10.4007, -8.85444, -1, 0),
	(51, 500, 42, -166.414, 26.2765, -3.40121, -1, 0),
	(51, 500, 43, -198.963, 84.7224, -4.23495, -1, 0),
	(51, 500, 44, -267.625, 221.142, 23.3932, -1, 45),
	(51, 500, 45, -189.894, 234.268, -4.14895, -1, 0),
	(51, 500, 46, -91.0629, 254.552, 1.02201, -1, 0),
	(51, 500, 47, 82.9787, 275.706, 74.3143, -1, 0),
	(51, 500, 48, 196.474, 288.269, 44.7014, -1, 0),
	(51, 500, 49, 213.061, 290.103, 48.3784, -1, 0),
	(51, 500, 50, 307.384, 296.211, 9.02089, -1, 0),
	(51, 500, 51, 412.15, 294.512, 6.95975, -1, 0),
	(51, 500, 52, 493.785, 286.462, 35.2797, -1, 0),
	(51, 500, 53, 590.06, 276.965, 38.3004, -1, 0),
	(51, 500, 54, 612.509, 274.75, 46.2568, -1, 0),
	(51, 500, 55, 669.344, 259.911, 4.58877, -1, 0),
	(51, 500, 56, 710.851, 241.214, 2.95268, -1, 0),
	(51, 500, 57, 742.083, 233.976, 38.1589, -1, 0),
	(51, 500, 58, 840.928, 229.394, 2.0545, -1, 0),
	(51, 500, 59, 1066.13, 189.117, 24.8231, -1, 45),
	(52, 500, 1, -590.302, -855.925, -2.95264, -1, 45),
	(52, 500, 2, -595.156, -899.844, -6.26774, -1, 0),
	(52, 500, 3, -606.45, -1002.01, 5.10225, -1, 0),
	(52, 500, 4, -616.86, -1096.23, -4.98614, -1, 0),
	(52, 500, 5, -569.64, -1184.19, 41.4364, -1, 45),
	(52, 500, 6, -494.534, -1188.76, 15.3842, -1, 0),
	(52, 500, 7, -355.431, -1214.5, 4.7838, -1, 45),
	(52, 500, 8, -336.272, -1198.51, -2.81928, -1, 0),
	(52, 500, 9, -199.816, -1083.61, 60.4454, -1, 0),
	(52, 500, 10, -100.532, -1000.01, 47.6715, -1, 0),
	(52, 500, 11, -66.3438, -980.94, 31.5321, -1, 0),
	(52, 500, 12, 11.7115, -962.369, -5.25071, -1, 45),
	(52, 500, 13, 134.348, -1093.78, -4.23849, -1, 0),
	(52, 500, 14, 173.196, -1136.61, 6.45894, -1, 0),
	(52, 500, 15, 210.013, -1177.18, -4.93688, -1, 0),
	(52, 500, 16, 272.391, -1245.93, -4.22624, -1, 45),
	(52, 500, 17, 390.571, -1258.51, -4.79305, -1, 0),
	(52, 500, 18, 511.54, -1272.66, 33.4463, -1, 0),
	(52, 500, 19, 532.548, -1277.09, 28.1196, -1, 0),
	(52, 500, 20, 615.937, -1294.68, 63.185, -1, 0),
	(52, 500, 21, 676.583, -1307.47, 49.0741, -1, 45),
	(52, 500, 22, 725.061, -1199.03, 65.1431, -1, 0),
	(52, 500, 23, 723.482, -1098.87, 5.76738, -1, 0),
	(52, 500, 24, 730.937, -977.102, 127.038, -1, 0),
	(52, 500, 25, 735.828, -897.244, 118.683, -1, 0),
	(52, 500, 26, 742.002, -795.962, 11.4832, -1, 0),
	(52, 500, 27, 743.665, -768.828, 16.268, -1, 0),
	(52, 500, 28, 747.997, -698.167, 60.2405, -1, 0),
	(52, 500, 29, 750.409, -658.656, 57.8542, -1, 0),
	(52, 500, 30, 753.97, -600.454, 20.0665, -1, 0),
	(52, 500, 31, 755.412, -576.796, 19.8047, -1, 45),
	(52, 500, 32, 721.081, -597.323, 15.696, -1, 0),
	(52, 500, 33, 691.353, -615.113, 15.2838, -1, 0),
	(52, 500, 34, 551.5, -698.826, 22.0831, -1, 0),
	(52, 500, 35, 510.215, -723.533, 12.5722, -1, 0),
	(52, 500, 36, 449.925, -759.628, 39.8318, -1, 0),
	(52, 500, 37, 413.199, -781.612, 47.3011, -1, 0),
	(52, 500, 38, 330.71, -830.995, 29.5134, -1, 45),
	(52, 500, 39, 293.179, -826.351, 24.2673, -1, 0),
	(52, 500, 40, 198.472, -814.626, 34.8422, -1, 0),
	(52, 500, 41, 111.235, -803.826, -0.257775, -1, 0),
	(52, 500, 42, 18.0571, -790.042, 15.6329, -1, 45),
	(52, 500, 43, -67.3037, -896.991, 2.50781, -1, 0),
	(52, 500, 44, -154.113, -997.589, 82.581, -1, 0),
	(52, 500, 45, -188.379, -1037.28, 82.5379, -1, 0),
	(52, 500, 46, -280.099, -1090.07, 80.6521, -1, 45),
	(52, 500, 47, -335.607, -1046.65, 11.2984, -1, 0),
	(52, 500, 48, -391.1, -1003.27, 111.071, -1, 0),
	(52, 500, 49, -476.929, -936.217, 42.9431, -1, 0),
	(52, 500, 50, -506.797, -912.875, 38.9172, -1, 0),
	(52, 500, 51, -529.016, -895.511, 28.62, -1, 0),
	(52, 500, 52, -538.729, -887.92, 39.5972, -1, 45),
	(52, 500, 53, -612.156, -798.935, 5.58586, -1, 0),
	(52, 500, 54, -639.985, -752.437, 26.7493, -1, 0),
	(52, 500, 55, -673.466, -696.492, 90.1822, -1, 0),
	(52, 500, 56, -695.882, -659.039, 102.282, -1, 45),
	(52, 500, 57, -670.449, -698.04, 88.0902, -1, 0),
	(52, 500, 58, -642.014, -750.118, 28.3956, -1, 0),
	(52, 500, 59, -589.639, -855.246, -2.93659, -1, 0),
	(53, 500, 1, 614, -971, 39.9444, -1, 30),
	(53, 500, 2, 710.504, -899.353, 111.677, -1, 0),
	(53, 500, 3, 844.59, -799.812, 10.6933, -1, 0),
	(53, 500, 4, 1003.6, -681.736, -7.24954, -1, 45),
	(53, 500, 5, 1002.65, -608.081, 0.553077, -1, 0),
	(53, 500, 6, 1001.37, -507.74, 131.709, -1, 0),
	(53, 500, 7, 1000.09, -406.843, 11.0085, -1, 0),
	(53, 500, 8, 999.18, -335.606, 7.7242, -1, 45),
	(53, 500, 9, 911.39, -332.35, -4.85008, -1, 0),
	(53, 500, 10, 811.607, -328.657, 9.22762, -1, 0),
	(53, 500, 11, 776.666, -327.359, 30.963, -1, 0),
	(53, 500, 12, 707.687, -324.784, 24.9759, -1, 0),
	(53, 500, 13, 684.877, -323.942, 14.544, -1, 0),
	(53, 500, 14, 607.566, -396.363, 55.7946, -1, 0),
	(53, 500, 15, 515.989, -497.307, 116.824, -1, 0),
	(53, 500, 16, 424.818, -597.793, 35.4118, -1, 45),
	(53, 500, 17, 316.342, -717.317, 23.7185, -1, 0),
	(53, 500, 18, 242.505, -798.705, 38.2678, -1, 45),
	(53, 500, 19, 217.769, -790.498, 40.7405, -1, 0),
	(53, 500, 20, 140.059, -768.965, 1.36463, -1, 0),
	(53, 500, 21, 75.6617, -733.492, 19.2941, -1, 0),
	(53, 500, 22, 9.00624, -696.774, 3.75444, -1, 45),
	(53, 500, 23, -48.4785, -795.33, 13.2871, -1, 0),
	(53, 500, 24, -84.3331, -856.817, 7.16169, -1, 0),
	(53, 500, 25, -108.396, -898.083, 10.8416, -1, 0),
	(53, 500, 26, -166.733, -998.161, 90.5526, -1, 0),
	(53, 500, 27, -189.117, -1036.55, 83.3356, -1, 0),
	(53, 500, 28, -225.093, -1098.21, 59.7988, -1, 0),
	(53, 500, 29, -281.6, -1195.07, -6.04132, -1, 45),
	(53, 500, 30, -366.411, -1173.72, 19.9101, -1, 0),
	(53, 500, 31, -390.222, -1167.71, 10.5922, -1, 0),
	(53, 500, 32, -445.782, -1153.72, 21.3659, -1, 45),
	(53, 500, 33, -474.041, -1099.19, -0.136612, -1, 0),
	(53, 500, 34, -489.133, -1070.06, -1.07613, -1, 0),
	(53, 500, 35, -529.511, -992.136, 11.4776, -1, 45),
	(53, 500, 36, -492.155, -949.878, 27.8008, -1, 0),
	(53, 500, 37, -445.769, -897.413, 82.0487, -1, 0),
	(53, 500, 38, -381.817, -867.121, 85.1953, -1, 0),
	(53, 500, 39, -337.856, -847.156, 68.6172, -1, 0),
	(53, 500, 40, -201.252, -796.322, -3.96032, -1, 0),
	(53, 500, 41, -91.4352, -769.408, 11.0846, -1, 0),
	(53, 500, 42, -5.72289, -742.214, 7.46293, -1, 0),
	(53, 500, 43, 9.90757, -795.593, 14.9537, -1, 0),
	(53, 500, 44, 68.9818, -999.214, -8.74215, -1, 45),
	(53, 500, 45, 68.9818, -999.214, -8.74215, -1, 0),
	(53, 500, 46, 97.6338, -1097.95, -5.23326, -1, 45),
	(53, 500, 47, 210.125, -1093.58, 0.222376, -1, 0),
	(53, 500, 48, 310.84, -1092.24, 46.3264, -1, 0),
	(53, 500, 49, 504.935, -1085.61, 7.81198, -1, 0),
	(53, 500, 50, 486.715, -1019.76, 13.7112, -1, 45),
	(53, 500, 51, 614.356, -970.408, 40.1653, -1, 0),
	(53, 500, 52, 614.356, -970.408, 40.1653, -1, 15),
	(54, 500, 1, 1228.18, 220.762, 41.0831, -1, 30),
	(54, 500, 2, 1220.25, 310.768, 44.7637, -1, 0),
	(54, 500, 3, 1214.29, 406.112, 91.5183, -1, 0),
	(54, 500, 4, 1209.21, 487.433, -5.07576, -1, 45),
	(54, 500, 5, 1182.34, 472.666, 2.6305, -1, 0),
	(54, 500, 6, 1110.56, 433.195, 66.8631, -1, 0),
	(54, 500, 7, 1077, 502.065, 64.5141, -1, 0),
	(54, 500, 8, 1015.23, 505.545, 25.9462, -1, 0),
	(54, 500, 9, 838.915, 401.622, 18.967, -1, 0),
	(54, 500, 10, 813.63, 386.47, 31.5617, -1, 0),
	(54, 500, 11, 711.371, 325.187, -6.76677, -1, 0),
	(54, 500, 12, 673.14, 302.274, 2.88581, -1, 0),
	(54, 500, 13, 608.908, 263.605, 46.1141, -1, 0),
	(54, 500, 14, 512.289, 158.546, -5.04029, -1, 0),
	(54, 500, 15, 411.31, 44.3935, 12.5147, -1, 0),
	(54, 500, 16, 373.363, 1.49976, -0.269163, -1, 0),
	(54, 500, 17, 289.237, -109.268, 33.4958, -1, 45),
	(54, 500, 18, 292.489, -118.366, 30.7798, -1, 0),
	(54, 500, 19, 356.809, -298.252, -9.09364, -1, 0),
	(54, 500, 20, 392.356, -397.645, 14.0417, -1, 0),
	(54, 500, 21, 398.426, -414.619, 21.32, -1, 0),
	(54, 500, 22, 410.907, -449.519, 16.8996, -1, 0),
	(54, 500, 23, 450.038, -558.922, 68.7428, -1, 0),
	(54, 500, 24, 452.796, -596.447, 33.0036, -1, 0),
	(54, 500, 25, 471.87, -736.412, 35.1192, -1, 45),
	(54, 500, 26, 412.086, -681.999, 40.521, -1, 0),
	(54, 500, 27, 326.897, -584.698, 24.6781, -1, 0),
	(54, 500, 28, 257.464, -497.905, 92.4453, -1, 0),
	(54, 500, 29, 238.08, -473.684, 91.4503, -1, 0),
	(54, 500, 30, 210.279, -456.32, 86.075, -1, 0),
	(54, 500, 31, 171.337, -435.833, 49.4922, -1, 0),
	(54, 500, 32, 149.995, -397.064, 69.5458, -1, 0),
	(54, 500, 33, 81.4415, -329.835, 60.6667, -1, 0),
	(54, 500, 34, 50.4734, -298.09, 82.9382, -1, 0),
	(54, 500, 35, 30.6861, -277.798, 107.144, -1, 0),
	(54, 500, 36, -18.2699, -227.617, 113.45, -1, 0),
	(54, 500, 37, -47.8511, -197.296, 123.915, -1, 0),
	(54, 500, 38, -66.4467, -178.234, 115.662, -1, 0),
	(54, 500, 39, -140.234, -102.597, 60.4844, -1, 0),
	(54, 500, 40, -192.674, -48.8372, 30.0374, -1, 0),
	(54, 500, 41, -243.211, 2.9704, 2.62366, -1, 0),
	(54, 500, 42, -291.032, 52.0007, 22.5005, -1, 0),
	(54, 500, 43, -341.052, 103.285, 51.3164, -1, 45),
	(54, 500, 44, -348.512, 7.13459, 14.482, -1, 0),
	(54, 500, 45, -354.606, -35.8715, -8.77348, -1, 0),
	(54, 500, 46, -389.465, -123.284, -8.80302, -1, 0),
	(54, 500, 47, -427.115, -200.37, 64.1618, -1, 0),
	(54, 500, 48, -485.479, -300.546, 56.3098, -1, 45),
	(54, 500, 49, -533.488, -398.823, 3.15206, -1, 45),
	(54, 500, 50, -502.523, -422.396, 5.64704, -1, 0),
	(54, 500, 51, -455.964, -462.512, 6.77925, -1, 0),
	(54, 500, 52, -423.144, -497.565, 0.985932, -1, 0),
	(54, 500, 53, -390.765, -535.07, 15.9915, -1, 0),
	(54, 500, 54, -360.313, -570.339, 37.9696, -1, 0),
	(54, 500, 55, -316.516, -621.068, 0.145099, -1, 0),
	(54, 500, 56, -290.34, -651.391, -3.85378, -1, 0),
	(54, 500, 57, -267.691, -677.618, 3.8336, -1, 0),
	(54, 500, 58, -250.588, -697.428, -6.2358, -1, 0),
	(54, 500, 59, -218.694, -734.375, -2.582, -1, 45),
	(54, 500, 60, -189.963, -733.295, -6.85666, -1, 0),
	(54, 500, 61, -88.6851, -749.518, 10.82, -1, 0),
	(54, 500, 62, 29.5885, -780.985, 16.0948, -1, 0),
	(54, 500, 63, 109.913, -809.794, -0.65865, -1, 0),
	(54, 500, 64, 176.073, -833.425, 25.4545, -1, 45),
	(54, 500, 65, 213.923, -796.463, 41.9223, -1, 0),
	(54, 500, 66, 309.619, -703.034, 21.4436, -1, 0),
	(54, 500, 67, 411.641, -603.416, 37.1913, -1, 0),
	(54, 500, 68, 520.897, -496.717, 115.197, -1, 45),
	(54, 500, 69, 605.243, -393.414, 55.2296, -1, 45),
	(54, 500, 70, 693.055, -297.427, 0.693134, -1, 45),
	(54, 500, 71, 811.128, -182.128, 88.8368, -1, 45),
	(54, 500, 72, 796.152, -112.553, 83.7363, -1, 0),
	(54, 500, 73, 811.962, 2.60848, 111.017, -1, 0),
	(54, 500, 74, 832.825, 101.418, 1.30966, -1, 0),
	(54, 500, 75, 888.175, 270.16, 5.14299, -1, 0),
	(54, 500, 76, 892.317, 282.228, 5.36424, -1, 0),
	(54, 500, 77, 898.673, 300.734, 14.3502, -1, 0),
	(54, 500, 78, 911.242, 337.337, 6.40534, -1, 0),
	(54, 500, 79, 965.474, 495.306, 22.8537, -1, 45),
	(54, 500, 80, 1008.4, 411.02, 9.71966, -1, 0),
	(54, 500, 81, 1051.15, 339.868, 20.1112, -1, 0),
	(54, 500, 82, 1084.62, 300.028, 0.17022, -1, 0),
	(54, 500, 83, 1157.33, 245.626, 37.8214, -1, 0),
	(54, 500, 84, 1228, 220, 42, -1, 15),
	(55, 500, 1, 1215.32, 433.951, 60.0704, -1, 10),
	(55, 500, 2, 1260.02, 502.816, 10.5329, -1, 0),
	(55, 500, 3, 1310.15, 579.999, 28.7564, -1, 45),
	(55, 500, 4, 1335.8, 431.265, 46.9065, -1, 0),
	(55, 500, 5, 1351.4, 340.743, 31.9585, -1, 0),
	(55, 500, 6, 1364.61, 264.164, 49.2934, -1, 0),
	(55, 500, 7, 1375.23, 202.495, 74.9987, -1, 0),
	(55, 500, 8, 1392.39, 102.915, -5.34325, -1, 0),
	(55, 500, 9, 1381.19, 2.77372, 43.0797, -1, 45),
	(55, 500, 10, 1233.37, 97.5229, 9.83196, -1, 0),
	(55, 500, 11, 1135.7, 134.621, 28.3661, -1, 0),
	(55, 500, 12, 1077.6, 168.471, 32.4004, -1, 0),
	(55, 500, 13, 984.383, 222.758, 5.24163, -1, 45),
	(55, 500, 14, 912.296, 155.815, 8.93318, -1, 0),
	(55, 500, 15, 855.034, 102.658, 3.36515, -1, 0),
	(55, 500, 16, 744.993, 0.49754, 67.37, -1, 0),
	(55, 500, 17, 639.147, -97.7542, 47.679, -1, 45),
	(55, 500, 18, 585.814, -68.4123, 14.7961, -1, 0),
	(55, 500, 19, 560.277, -54.3668, 0.378137, -1, 0),
	(55, 500, 20, 429.12, 17.7963, -1.46394, -1, 0),
	(55, 500, 21, 377.25, 69.8405, 17.7069, -1, 0),
	(55, 500, 22, 351.813, 99.3479, 18.2678, -1, 0),
	(55, 500, 23, 330.26, 124.324, 9.83814, -1, 0),
	(55, 500, 24, 286.165, 175.419, 22.897, -1, 0),
	(55, 500, 25, 242.894, 225.564, 25.1034, -1, 0),
	(55, 500, 26, 211.056, 262.464, 43.8134, -1, 0),
	(55, 500, 27, 192.981, 283.409, 42.0387, -1, 0),
	(55, 500, 28, 104.091, 386.417, 131.195, -1, 45),
	(55, 500, 29, -1.909, 300.965, 42.4077, -1, 0),
	(55, 500, 30, -85.9208, 238.646, 2.29316, -1, 0),
	(55, 500, 31, -189.723, 161.642, -5.40771, -1, 0),
	(55, 500, 32, -270.999, 101.347, 29.5597, -1, 0),
	(55, 500, 33, -290.604, 86.8046, 33.0739, -1, 0),
	(55, 500, 34, -385.439, 16.4276, 22.7301, -1, 0),
	(55, 500, 35, -490.006, -69.138, 42.8752, -1, 45),
	(55, 500, 36, -530.958, -62.0277, 38.3048, -1, 0),
	(55, 500, 37, -544.321, -48.3169, 37.6493, -1, 0),
	(55, 500, 38, -590.497, -0.941697, 1.81793, -1, 0),
	(55, 500, 39, -646.358, 56.3803, 74.7639, -1, 0),
	(55, 500, 40, -666.905, 102.772, 103.394, -1, 0),
	(55, 500, 41, -689.585, 153.989, 83.1687, -1, 0),
	(55, 500, 42, -705.012, 188.82, 67.7901, -1, 0),
	(55, 500, 43, -710.67, 201.595, 67.5016, -1, 0),
	(55, 500, 44, -755.865, 303.633, 27.9299, -1, 0),
	(55, 500, 45, -777.634, 413.502, 21.1998, -1, 0),
	(55, 500, 46, -793.459, 493.361, -0.907101, -1, 45),
	(55, 500, 47, -662.156, 595.619, 9.00084, -1, 0),
	(55, 500, 48, -622.527, 632.383, 28.6253, -1, 45),
	(55, 500, 49, -589.809, 569.197, 10.5431, -1, 0),
	(55, 500, 50, -566.346, 526.579, 31.0392, -1, 0),
	(55, 500, 51, -553.081, 502.497, 31.5332, -1, 0),
	(55, 500, 52, -530.874, 462.167, 50.9824, -1, 0),
	(55, 500, 53, -470.954, 400.762, 9.81398, -1, 0),
	(55, 500, 54, -431.622, 360.454, 27.5278, -1, 0),
	(55, 500, 55, -375.34, 302.775, 9.5745, -1, 0),
	(55, 500, 56, -331.508, 257.847, 40.5247, -1, 0),
	(55, 500, 57, -289.436, 214.748, 26.782, -1, 0),
	(55, 500, 58, -193.698, 97.8519, -4.97181, -1, 0),
	(55, 500, 59, -141.292, 30.7074, -7.62311, -1, 45),
	(55, 500, 60, -76.1677, 97.4382, -3.69078, -1, 0),
	(55, 500, 61, 9.51082, 185.233, 33.7488, -1, 0),
	(55, 500, 62, 25.7481, 201.872, 31.8991, -1, 0),
	(55, 500, 63, 124.775, 303.351, 83.9555, -1, 0),
	(55, 500, 64, 211.3, 392.016, 96.6711, -1, 45),
	(55, 500, 65, 269.362, 353.2, 32.7035, -1, 0),
	(55, 500, 66, 310.142, 325.935, 11.4039, -1, 0),
	(55, 500, 67, 382.381, 273.757, 9.89608, -1, 0),
	(55, 500, 68, 412.773, 254.503, 4.05534, -1, 0),
	(55, 500, 69, 443.295, 235.169, 13.3565, -1, 0),
	(55, 500, 70, 494.651, 202.638, 1.84821, -1, 0),
	(55, 500, 71, 504.324, 196.509, 3.51116, -1, 0),
	(55, 500, 72, 511.678, 191.85, 0.575223, -1, 0),
	(55, 500, 73, 564.264, 158.528, 17.4476, -1, 0),
	(55, 500, 74, 607.452, 131.165, 7.48653, -1, 45),
	(55, 500, 75, 668.749, 202.248, 31.1586, -1, 0),
	(55, 500, 76, 699.303, 237.687, 7.40934, -1, 45),
	(55, 500, 77, 705.729, 201.621, 21.8626, -1, 0),
	(55, 500, 78, 735.916, 129.646, -4.98234, -1, 0),
	(55, 500, 79, 744.983, 103.233, -5.94449, -1, 0),
	(55, 500, 80, 764.146, 56.9296, 18.1323, -1, 0),
	(55, 500, 81, 794.326, -16.0013, 107.54, -1, 0),
	(55, 500, 82, 838.213, -70.8789, 98.4747, -1, 0),
	(55, 500, 83, 854.581, -91.3643, 51.6728, -1, 0),
	(55, 500, 84, 867.646, -107.702, 56.5435, -1, 0),
	(55, 500, 85, 879.359, -122.357, 6.01959, -1, 45),
	(55, 500, 86, 981.68, -86.0583, -8.01329, -1, 0),
	(55, 500, 87, 1034.68, 2.87721, 94.619, -1, 0),
	(55, 500, 88, 1083.88, 100.747, 26.9435, -1, 0),
	(55, 500, 89, 1106.47, 197.695, 32.9834, -1, 0),
	(55, 500, 90, 1131.23, 302.234, 9.91096, -1, 0),
	(55, 500, 91, 1207.72, 402.29, 92.5834, -1, 0),
	(55, 500, 92, 1213.1, 431.374, 61.5906, -1, 35),
	(56, 500, 1, 1093.64, 549.608, 50.8878, -1, 30),
	(56, 500, 2, 1097.01, 503.169, 75.9857, -1, 0),
	(56, 500, 3, 1104.84, 395.196, 55.0888, -1, 0),
	(56, 500, 4, 1111.6, 301.542, 1.73282, -1, 0),
	(56, 500, 5, 1118.36, 208.051, 33.8832, -1, 0),
	(56, 500, 6, 1125.94, 103.447, 22.8589, -1, 0),
	(56, 500, 7, 1108.16, -1.80937, 52.5579, -1, 45),
	(56, 500, 8, 1009.59, -9.0694, 93.2363, -1, 0),
	(56, 500, 9, 910.359, -16.3845, 92.1956, -1, 0),
	(56, 500, 10, 888.229, -18.0152, 113.265, -1, 0),
	(56, 500, 11, 786.229, -25.531, 105.555, -1, 0),
	(56, 500, 12, 607.483, -8.5105, -2.82978, -1, 0),
	(56, 500, 13, 420.025, -38.7855, 6.38361, -1, 0),
	(56, 500, 14, 362.437, -42.3198, 14.9123, -1, 45),
	(56, 500, 15, 357.58, 1.82737, -1.12645, -1, 0),
	(56, 500, 16, 326.541, 101.996, 14.6463, -1, 0),
	(56, 500, 17, 326.507, 119.3, 10.2735, -1, 0),
	(56, 500, 18, 296.637, 186.641, 20.3744, -1, 0),
	(56, 500, 19, 266.072, 255.55, 18.9105, -1, 0),
	(56, 500, 20, 208.27, 292.41, 48.82, -1, 45),
	(56, 500, 21, 134.802, 405.281, 132.527, -1, 0),
	(56, 500, 22, 111.757, 440.686, 137.781, -1, 0),
	(56, 500, 23, 72.8384, 500.483, 114.577, -1, 0),
	(56, 500, 24, 47.2515, 539.786, 84.8918, -1, 0),
	(56, 500, 25, 10.7008, 595.926, 74.9184, -1, 45),
	(56, 500, 26, 107.156, 602.176, 81.0708, -1, 0),
	(56, 500, 27, 320.006, 623.517, 101.035, -1, 0),
	(56, 500, 28, 515.51, 671.984, 153.775, -1, 0),
	(56, 500, 29, 607.586, 696.192, 167.226, -1, 0),
	(56, 500, 30, 716.966, 711.012, 119.299, -1, 0),
	(56, 500, 31, 813.242, 724.037, 112.318, -1, 45),
	(56, 500, 32, 845.652, 704.038, 103.167, -1, 0),
	(56, 500, 33, 887.115, 678.455, 96.9594, -1, 0),
	(56, 500, 34, 910.795, 663.843, 85.7463, -1, 0),
	(56, 500, 35, 942.82, 637.99, 55.7029, -1, 0),
	(56, 500, 36, 1066.94, 562.229, 31.5948, -1, 0),
	(56, 500, 37, 1092.72, 550.012, 50.1387, -1, 15),
	(57, 500, 1, -242.142, -388.256, 78.6507, -1, 0),
	(57, 500, 2, -240.522, -396.927, 82.1125, -1, 0),
	(57, 500, 3, -230.676, -449.742, 74.8089, -1, 0),
	(57, 500, 4, -222.183, -495.312, 83.1756, -1, 0),
	(57, 500, 5, -216.964, -523.326, 75.241, -1, 0),
	(57, 500, 6, -203.292, -596.654, 36.1168, -1, 0),
	(57, 500, 7, -200.801, -610.021, 35.7657, -1, 0),
	(57, 500, 8, -184.278, -698.673, -6.87498, -1, 0),
	(57, 500, 9, -166.407, -794.504, -1.73531, -1, 0),
	(57, 500, 10, -153.598, -863.239, 31.1677, -1, 45),
	(57, 500, 11, -100.619, -894.075, 8.04195, -1, 0),
	(57, 500, 12, -7.4891, -918.896, 6.96708, -1, 0),
	(57, 500, 13, 14.7071, -923.019, -2.63069, -1, 0),
	(57, 500, 14, 113.136, -941.319, -7.09912, -1, 0),
	(57, 500, 15, 244.146, -965.677, 7.88587, -1, 45),
	(57, 500, 16, 146.119, -1080.07, -3.07739, -1, 0),
	(57, 500, 17, 114.553, -1126.03, 0.825804, -1, 0),
	(57, 500, 18, 57.9868, -1208.42, -0.093277, -1, 0),
	(57, 500, 19, 12.1925, -1275.11, -8.00107, -1, 45),
	(57, 500, 20, -71.4918, -1276.07, -8.02408, -1, 0),
	(57, 500, 21, -94.285, -1276.33, -0.8824, -1, 0),
	(57, 500, 22, -166.865, -1277.15, -1.144, -1, 0),
	(57, 500, 23, -187.807, -1277.37, -7.29655, -1, 0),
	(57, 500, 24, -266.407, -1278.26, 8.75812, -1, 0),
	(57, 500, 25, -368.013, -1279.42, 28.9035, -1, 45),
	(57, 500, 26, -395.207, -1196.92, 3.16233, -1, 0),
	(57, 500, 27, -417.757, -1128.54, 25.0771, -1, 0),
	(57, 500, 28, -427.454, -1099.09, 16.3809, -1, 0),
	(57, 500, 29, -442.711, -1052.8, 49.8435, -1, 0),
	(57, 500, 30, -467.77, -976.748, 36.415, -1, 0),
	(57, 500, 31, -492.65, -901.305, 44.7765, -1, 0),
	(57, 500, 32, -516.289, -829.599, 5.1845, -1, 45),
	(57, 500, 33, -471.503, -697.369, 5.01656, -1, 0),
	(57, 500, 34, -410.671, -597.487, 38.5266, -1, 0),
	(57, 500, 35, -336.341, -497.229, 24.2618, -1, 0),
	(57, 500, 36, -242.51, -386.952, 78.0974, -1, 45),
	(58, 500, 1, 1139.03, -682.42, -18.5141, -1, 0),
	(58, 500, 2, 1111.11, -635.391, -40.1333, -1, 0),
	(58, 500, 3, 1081.92, -560.361, -7.74129, -1, 0),
	(58, 500, 4, 1077.23, -533.549, 17.6927, -1, 0),
	(58, 500, 5, 1062.11, -447.133, 132.852, -1, 0),
	(58, 500, 6, 1033.04, -280.428, 15.37, -1, 45),
	(58, 500, 7, 1012.61, -281.173, 18.1616, -1, 0),
	(58, 500, 8, 951.455, -259.282, 25.0028, -1, 0),
	(58, 500, 9, 879.963, -233.699, 64.7185, -1, 0),
	(58, 500, 10, 801.832, -205.739, 80.9651, -1, 0),
	(58, 500, 11, 729.466, -179.846, 50.6349, -1, 45),
	(58, 500, 12, 708.329, -203.238, 39.3344, -1, 0),
	(58, 500, 13, 606.756, -295.275, 1.85039, -1, 0),
	(58, 500, 14, 508.495, -393.426, 91.4584, -1, 0),
	(58, 500, 15, 413.491, -488.379, 19.911, -1, 0),
	(58, 500, 16, 413.674, -493.69, 20.1887, -1, 45),
	(58, 500, 17, 417.232, -590.99, 42.1156, -1, 0),
	(58, 500, 18, 424.319, -784.356, 45.8402, -1, 0),
	(58, 500, 19, 427.851, -880.75, 4.93949, -1, 0),
	(58, 500, 20, 430.575, -955.184, 7.87927, -1, 0),
	(58, 500, 21, 430.575, -955.184, 7.87927, -1, 45),
	(58, 500, 22, 323.219, -948.86, 9.16395, -1, 0),
	(58, 500, 23, 264.918, -948.123, 10.2368, -1, 0),
	(58, 500, 24, 19.5221, -944.993, -4.40841, -1, 45),
	(58, 500, 25, 24.2398, -786.449, 15.7328, -1, 0),
	(58, 500, 26, 22.0971, -699.158, 4.40689, -1, 0),
	(58, 500, 27, 19.6049, -597.476, 125.468, -1, 0),
	(58, 500, 28, 17.1628, -497.967, -11.7624, -1, 0),
	(58, 500, 29, 14.6662, -396.139, 109.667, -1, 45),
	(58, 500, 30, -42.5366, -451.798, 109.673, -1, 0),
	(58, 500, 31, -105.2, -498.547, 107.384, -1, 0),
	(58, 500, 32, -225.078, -592.061, 29.5314, -1, 0),
	(58, 500, 33, -291.995, -644.266, -3.50104, -1, 45),
	(58, 500, 34, -264.552, -672.445, 5.86198, -1, 0),
	(58, 500, 35, -237.719, -695.576, -5.5748, -1, 0),
	(58, 500, 36, -190.998, -735.86, -6.62417, -1, 0),
	(58, 500, 37, -118.797, -798.111, 7.16327, -1, 0),
	(58, 500, 38, -102.131, -812.48, 16.1933, -1, 0),
	(58, 500, 39, -88.735, -824.018, 10.0842, -1, 0),
	(58, 500, 40, -19.2036, -896.899, 0.646196, -1, 0),
	(58, 500, 41, -4.57309, -912.64, 5.59051, -1, 0),
	(58, 500, 42, 10.5899, -928.945, -2.63114, -1, 0),
	(58, 500, 43, 126.377, -1053.54, -5.45534, -1, 45),
	(58, 500, 44, 222.148, -1083.29, 0.54288, -1, 0),
	(58, 500, 45, 266.937, -1098.03, 27.4404, -1, 0),
	(58, 500, 46, 299.258, -1108.67, 42.4779, -1, 0),
	(58, 500, 47, 329.143, -1097.21, 45.8497, -1, 0),
	(58, 500, 48, 511.478, -1095.69, 6.07316, -1, 45),
	(58, 500, 49, 611.54, -1044.1, 22.3833, -1, 0),
	(58, 500, 50, 670.982, -986.019, 89.1536, -1, 0),
	(58, 500, 51, 710.252, -947.672, 117.088, -1, 0),
	(58, 500, 52, 759.962, -899.131, 126.681, -1, 0),
	(58, 500, 53, 870.216, -797.194, 7.68925, -1, 0),
	(58, 500, 54, 1021.4, -653.081, -10.958, -1, 45),
	(59, 500, 1, 824.013, -599.031, 37.1248, -1, 45),
	(59, 500, 2, 877.495, -632.328, 94.6328, -1, 0),
	(59, 500, 3, 943.235, -669.063, 0.78049, -1, 0),
	(59, 500, 4, 1002.94, -702.853, -8.55647, -1, 0),
	(59, 500, 5, 1066.7, -738.962, 7.70478, -1, 0),
	(59, 500, 6, 1107.67, -762.167, 41.0246, -1, 0),
	(59, 500, 7, 1172.58, -798.943, 51.8932, -1, 45),
	(59, 500, 8, 1166.85, -840.111, 31.907, -1, 0),
	(59, 500, 9, 1161.36, -948.576, 47.6423, -1, 0),
	(59, 500, 10, 1186.46, -1024.07, 0.202081, -1, 0),
	(59, 500, 11, 1242.57, -1111.37, -6.84325, -1, 45),
	(59, 500, 12, 1212.41, -1180.57, -8.4322, -1, 0),
	(59, 500, 13, 1130.91, -1177.58, 95.5486, -1, 0),
	(59, 500, 14, 1077.6, -1198.1, 113.437, -1, 0),
	(59, 500, 15, 1075.38, -1198.92, 111.983, -1, 0),
	(59, 500, 16, 930.569, -1287.09, -4.87629, -1, 45),
	(59, 500, 17, 924.962, -1283.54, -2.30256, -1, 0),
	(59, 500, 18, 867.584, -1236.73, -10.1762, -1, 0),
	(59, 500, 19, 808.029, -1194.73, 37.5169, -1, 0),
	(59, 500, 20, 736.751, -1174.02, 53.7488, -1, 0),
	(59, 500, 21, 711.722, -1166.76, 49.8557, -1, 0),
	(59, 500, 22, 654.343, -1150.06, 10.6237, -1, 0),
	(59, 500, 23, 582.925, -1129.31, 11.9461, -1, 0),
	(59, 500, 24, 504.919, -1106.63, 6.33081, -1, 0),
	(59, 500, 25, 399.535, -1098.8, 34.2618, -1, 0),
	(59, 500, 26, 313.693, -1092.42, 46.5164, -1, 45),
	(59, 500, 27, 272.162, -1040.48, 3.56658, -1, 0),
	(59, 500, 28, 227.606, -984.756, 5.29807, -1, 0),
	(59, 500, 29, 156.613, -895.998, -0.05895, -1, 0),
	(59, 500, 30, 137.459, -868.613, 7.33476, -1, 0),
	(59, 500, 31, 108.002, -806.298, -0.375262, -1, 0),
	(59, 500, 32, 29.9755, -777.868, 16.3478, -1, 0),
	(59, 500, 33, -88.357, -725.323, 9.96572, -1, 45),
	(59, 500, 34, -131.558, -797.338, 4.72226, -1, 0),
	(59, 500, 35, -189.916, -899.895, 41.9086, -1, 0),
	(59, 500, 36, -235.945, -1045.1, 92.474, -1, 0),
	(59, 500, 37, -235.945, -1045.1, 92.474, -1, 0),
	(59, 500, 38, -264.935, -1097.16, 72.2317, -1, 0),
	(59, 500, 39, -332.737, -1198.55, -3.14984, -1, 45),
	(59, 500, 40, -192.203, -1196.8, -7.02754, -1, 0),
	(59, 500, 41, -88.5434, -1196.83, 23.6752, -1, 45),
	(59, 500, 42, 9.41067, -1110.15, -3.08457, -1, 0),
	(59, 500, 43, 110.414, -1027.14, -8.47574, -1, 0),
	(59, 500, 44, 269.021, -896.867, 12.0823, -1, 0),
	(59, 500, 45, 313.177, -909.697, 15.2708, -1, 0),
	(59, 500, 46, 504.549, -980.75, 8.76909, -1, 0),
	(59, 500, 47, 607.025, -1004.44, 38.4707, -1, 0),
	(59, 500, 48, 690.429, -1019.94, 96.3981, -1, 0),
	(59, 500, 49, 853.216, -1050.13, 63.4609, -1, 0),
	(59, 500, 50, 893.122, -1020.25, 109.466, -1, 0),
	(59, 500, 51, 871.771, -997.82, 117.952, -1, 0),
	(59, 500, 52, 835.226, -974.631, 89.1946, -1, 0),
	(59, 500, 53, 773.094, -935.265, 134.814, -1, 0),
	(59, 500, 54, 780.112, -897.487, 132.266, -1, 0),
	(59, 500, 55, 778.838, -798.444, 10.2059, -1, 0),
	(59, 500, 56, 782.367, -726.375, 22.3261, -1, 0),
	(59, 500, 57, 783.796, -697.135, 40.853, -1, 0),
	(59, 500, 58, 777.298, -632.578, 42.3929, -1, 0),
	(59, 500, 59, 730.11, -599.405, 17.454, -1, 0),
	(60, 500, 1, 920, -596, 121.892, -1, 20),
	(60, 500, 2, 913.819, -494.946, 5.53004, -1, 0),
	(60, 500, 3, 899.449, -298.857, -6.05435, -1, 0),
	(60, 500, 4, 886.912, -197.244, 96.2894, -1, 45),
	(60, 500, 5, 741.877, -298.154, 1.47379, -1, 0),
	(60, 500, 6, 711.224, -439.545, 102.305, -1, 0),
	(60, 500, 7, 716.999, -498.376, 104.529, -1, 45),
	(60, 500, 8, 595.604, -598.806, 18.5856, -1, 0),
	(60, 500, 9, 513.057, -701.906, 23.9384, -1, 0),
	(60, 500, 10, 410.105, -830.495, 36.835, -1, 0),
	(60, 500, 11, 353.434, -901.274, 14.3567, -1, 0),
	(60, 500, 12, 198.036, -1095.36, -0.547902, -1, 45),
	(60, 500, 13, 114.198, -1114.17, -1.86563, -1, 0),
	(60, 500, 14, 90.3906, -1119.5, -7.92275, -1, 0),
	(60, 500, 15, 9.1101, -1137.74, -7.37028, -1, 0),
	(60, 500, 16, -37.6178, -1148.22, 10.3701, -1, 0),
	(60, 500, 17, -83.7266, -1158.57, 15.4981, -1, 0),
	(60, 500, 18, -161.873, -1176.1, -3.59772, -1, 0),
	(60, 500, 19, -187.68, -1181.89, 0.88819, -1, 0),
	(60, 500, 20, -487.964, -1249.04, 32.5871, -1, 0),
	(60, 500, 21, -574.454, -1268.43, 101.721, -1, 45),
	(60, 500, 22, -579.177, -1204, 52.6443, -1, 0),
	(60, 500, 23, -586.847, -1099.48, -4.783, -1, 0),
	(60, 500, 24, -594.268, -998.307, 6.50971, -1, 0),
	(60, 500, 25, -600.669, -911.079, -6.06293, -1, 0),
	(60, 500, 26, -607.87, -812.865, 2.16845, -1, 0),
	(60, 500, 27, -614.213, -726.383, 31.6837, -1, 0),
	(60, 500, 28, -616.473, -695.562, 55.0082, -1, 0),
	(60, 500, 29, -623.716, -596.812, 70.3499, -1, 45),
	(60, 500, 30, -583.83, -598.493, 51.9033, -1, 0),
	(60, 500, 31, -388.405, -600.828, 35.4603, -1, 0),
	(60, 500, 32, -299.119, -605.196, -0.631057, -1, 0),
	(60, 500, 33, -197.457, -610.179, 35.6221, -1, 0),
	(60, 500, 34, -103.497, -614.786, 94.9649, -1, 0),
	(60, 500, 35, 75.1166, -623.543, 90.8463, -1, 45),
	(60, 500, 36, 102.45, -697.273, 20.6245, -1, 0),
	(60, 500, 37, 134.676, -772.449, 1.40639, -1, 0),
	(60, 500, 38, 145.894, -798.615, 14.7401, -1, 0),
	(60, 500, 39, 164.911, -842.988, 20.3952, -1, 0),
	(60, 500, 40, 189.766, -900.97, 2.56679, -1, 0),
	(60, 500, 41, 223.991, -980.795, 5.35413, -1, 0),
	(60, 500, 42, 251.164, -1044.18, 1.66542, -1, 45),
	(60, 500, 43, 322.077, -993.001, 3.40325, -1, 0),
	(60, 500, 44, 510.319, -893.438, 9.70859, -1, 0),
	(60, 500, 45, 612.168, -840.561, 29.702, -1, 0),
	(60, 500, 46, 693.432, -798.37, 15.8639, -1, 45),
	(60, 500, 47, 708.767, -790.409, 18.076, -1, 0),
	(60, 500, 48, 732.512, -778.081, 15.1033, -1, 0),
	(60, 500, 49, 826.594, -719.772, 18.2676, -1, 0),
	(60, 500, 50, 858.672, -697.167, 15.3625, -1, 0),
	(60, 500, 51, 909.049, -661.67, 48.8823, -1, 0),
	(60, 500, 52, 919.716, -593.854, 125.067, -1, 25),
	(61, 500, 1, -466.923, 120.374, 95.877, -1, 5),
	(61, 500, 2, -494.117, 196.462, 98.0152, -1, 0),
	(61, 500, 3, -520.624, 270.617, 31.2706, -1, 0),
	(61, 500, 4, -568.252, 401.514, 9.97276, -1, 0),
	(61, 500, 5, -573.833, 417.132, 21.339, -1, 0),
	(61, 500, 6, -592.626, 469.715, 5.87008, -1, 0),
	(61, 500, 7, -619.224, 544.119, 6.94908, -1, 45),
	(61, 500, 8, -589.241, 533.797, 7.11357, -1, 0),
	(61, 500, 9, -491.402, 500.115, 78.2742, -1, 0),
	(61, 500, 10, -419.227, 475.287, 105.023, -1, 0),
	(61, 500, 11, -387.557, 464.392, 100.143, -1, 0),
	(61, 500, 12, -342.338, 448.828, 62.9072, -1, 0),
	(61, 500, 13, -269.09, 423.621, 27.0554, -1, 0),
	(61, 500, 14, -89.2895, 361.723, 9.24472, -1, 0),
	(61, 500, 15, -45.3189, 346.586, 43.795, -1, 0),
	(61, 500, 16, 85.1176, 301.695, 77.9793, -1, 0),
	(61, 500, 17, 104.723, 294.949, 84.4808, -1, 0),
	(61, 500, 18, 177.257, 269.981, 35.4582, -1, 45),
	(61, 500, 19, 193.971, 202.403, 26.5172, -1, 0),
	(61, 500, 20, 198.003, 187.095, 35.8997, -1, 0),
	(61, 500, 21, 220.143, 103.058, 38.8511, -1, 0),
	(61, 500, 22, 237.74, 36.249, 1.29011, -1, 0),
	(61, 500, 23, 264.422, 37.123, 0.040251, -1, 0),
	(61, 500, 24, 282.383, 2.4792, -4.5969, -1, 0),
	(61, 500, 25, 329.489, -88.3689, 27.8172, -1, 45),
	(61, 500, 26, 329.108, -98.7064, 28.9397, -1, 0),
	(61, 500, 27, 321.612, -300.824, -7.98432, -1, 0),
	(61, 500, 28, 318.039, -397.114, 8.02907, -1, 0),
	(61, 500, 29, 314.41, -495.159, 58.6519, -1, 0),
	(61, 500, 30, 314.285, -593.773, 25.4016, -1, 0),
	(61, 500, 31, 319.177, -793.541, 31.3683, -1, 45),
	(61, 500, 32, 408.186, -694.979, 40.6488, -1, 0),
	(61, 500, 33, 495.222, -598.872, 25.9992, -1, 0),
	(61, 500, 34, 586.007, -498.627, 96.0951, -1, 0),
	(61, 500, 35, 611.449, -470.534, 80.2698, -1, 0),
	(61, 500, 36, 671.408, -404.363, 82.7997, -1, 45),
	(61, 500, 37, 599.674, -295.316, 1.61164, -1, 0),
	(61, 500, 38, 540.122, -198.213, -6.86804, -1, 0),
	(61, 500, 39, 528.964, -180.597, -0.067316, -1, 0),
	(61, 500, 40, 507.332, -146.455, -1.68948, -1, 0),
	(61, 500, 41, 456.785, -66.646, 7.57011, -1, 0),
	(61, 500, 42, 412.567, 3.16222, 1.06405, -1, 45),
	(61, 500, 43, 221.476, -16.161, -2.5278, -1, 0),
	(61, 500, 44, 111.576, -24.2641, -3.88296, -1, 0),
	(61, 500, 45, 86.3786, -26.1223, 7.6848, -1, 0),
	(61, 500, 46, -16.2633, -33.6896, 18.1787, -1, 0),
	(61, 500, 47, -74.8988, -38.0095, 10.0406, -1, 0),
	(61, 500, 48, -125.009, -41.7035, 13.0263, -1, 0),
	(61, 500, 49, -285.92, 2.79733, 6.80636, -1, 0),
	(61, 500, 50, -465.955, 121.471, 95.8886, -1, 40),
	(62, 500, 1, 1047, 115, 29.5847, -1, 10),
	(62, 500, 2, 1211.67, 154.099, 27.592, -1, 0),
	(62, 500, 3, 1275.58, 169.281, 49.938, -1, 0),
	(62, 500, 4, 1407.47, 198.404, 75.7038, -1, 45),
	(62, 500, 5, 1404.17, 202.227, 78.1723, -1, 0),
	(62, 500, 6, 1362.8, 247.364, 54.2682, -1, 0),
	(62, 500, 7, 1309.58, 303.427, 50.4436, -1, 0),
	(62, 500, 8, 1265.18, 354.855, 51.3541, -1, 0),
	(62, 500, 9, 1221.49, 405.45, 89.5781, -1, 0),
	(62, 500, 10, 1172.07, 462.677, 10.5834, -1, 0),
	(62, 500, 11, 1126.34, 515.627, 74.4197, -1, 0),
	(62, 500, 12, 1111.82, 532.425, 69.6545, -1, 0),
	(62, 500, 13, 1079.85, 569.449, 32.7853, -1, 0),
	(62, 500, 14, 1032.77, 623.985, 44.9414, -1, 0),
	(62, 500, 15, 987.67, 676.23, 63.8896, -1, 45),
	(62, 500, 16, 910.57, 570.232, 37.6273, -1, 0),
	(62, 500, 17, 859.42, 502.997, 3.99405, -1, 0),
	(62, 500, 18, 812.064, 440.772, 9.45965, -1, 0),
	(62, 500, 19, 783.42, 403.134, 31.7037, -1, 0),
	(62, 500, 20, 707.147, 330.514, 0.450797, -1, 0),
	(62, 500, 21, 679.188, 303.9, -0.240168, -1, 0),
	(62, 500, 22, 637.568, 264.277, 27.6758, -1, 45),
	(62, 500, 23, 611.863, 274.051, 46.7081, -1, 0),
	(62, 500, 24, 586.195, 280.473, 37.9124, -1, 0),
	(62, 500, 25, 509.729, 299.612, 41.5975, -1, 0),
	(62, 500, 26, 430.021, 319.561, 14.1776, -1, 0),
	(62, 500, 27, 312.271, 349.037, 13.9673, -1, 0),
	(62, 500, 28, 271.872, 359.145, 32.3695, -1, 45),
	(62, 500, 29, 239.109, 231.925, 25.6198, -1, 0),
	(62, 500, 30, 212.053, 232.916, 37.6296, -1, 0),
	(62, 500, 31, 146.935, 235.306, 17.506, -1, 0),
	(62, 500, 32, 46.5296, 238.99, 55.7842, -1, 0),
	(62, 500, 33, -90.586, 244.032, 0.857429, -1, 0),
	(62, 500, 34, -194.028, 247.828, -2.12885, -1, 45),
	(62, 500, 35, -169.073, 425.056, 16.4728, -1, 0),
	(62, 500, 36, -158.873, 500.137, 45.9742, -1, 0),
	(62, 500, 37, -153.469, 539.942, 71.1317, -1, 0),
	(62, 500, 38, -145.144, 601.213, 86.7338, -1, 45),
	(62, 500, 39, -108.766, 582.897, 95.4664, -1, 0),
	(62, 500, 40, -42.2746, 549.411, 54.8497, -1, 0),
	(62, 500, 41, 22.2882, 516.894, 86.1207, -1, 0),
	(62, 500, 42, 111.862, 471.795, 134.244, -1, 0),
	(62, 500, 43, 215.272, 415.436, 98.8836, -1, 0),
	(62, 500, 44, 286.927, 374.832, 27.816, -1, 0),
	(62, 500, 45, 310.206, 361.642, 15.9622, -1, 0),
	(62, 500, 46, 406.426, 307.125, 7.85002, -1, 45),
	(62, 500, 47, 510.74, 298.133, 41.0254, -1, 0),
	(62, 500, 48, 591.28, 286.363, 40.5739, -1, 0),
	(62, 500, 49, 612.359, 282.707, 46.575, -1, 0),
	(62, 500, 50, 669.962, 272.711, 4.23719, -1, 45),
	(62, 500, 51, 710.263, 235.263, 5.82361, -1, 0),
	(62, 500, 52, 736.741, 228.288, 35.2979, -1, 0),
	(62, 500, 53, 791.954, 199.634, 3.37079, -1, 0),
	(62, 500, 54, 978.059, 103.046, 24.1616, -1, 0),
	(62, 500, 55, 1048.24, 115.617, 29.5554, -1, 35),
	(63, 500, 1, -600.404, 88.4308, 95.0247, -1, 45),
	(63, 500, 2, -676.703, 94.0548, 98.5327, -1, 0),
	(63, 500, 3, -788.851, 102.318, 86.6977, -1, 0),
	(63, 500, 4, -830.921, 105.413, 90.7663, -1, 45),
	(63, 500, 5, -824.568, 94.2085, 93.4206, -1, 0),
	(63, 500, 6, -814.882, 77.1328, 66.3664, -1, 0),
	(63, 500, 7, -784.319, 2.47301, 15.2774, -1, 0),
	(63, 500, 8, -758.121, -65.2996, 13.2981, -1, 0),
	(63, 500, 9, -759.735, -98.1567, -7.23429, -1, 0),
	(63, 500, 10, -765.929, -170.77, -6.8516, -1, 0),
	(63, 500, 11, -763.871, -198.547, 4.76166, -1, 0),
	(63, 500, 12, -751.497, -298.554, 17.5365, -1, 0),
	(63, 500, 13, -706.302, -396.599, 2.05682, -1, 45),
	(63, 500, 14, -691.175, -396.624, 10.2389, -1, 0),
	(63, 500, 15, -590.894, -398.408, -2.33094, -1, 0),
	(63, 500, 16, -363.004, -397.453, 38.8328, -1, 0),
	(63, 500, 17, -176.687, -400.252, 98.3532, -1, 0),
	(63, 500, 18, -118.935, -406.973, 106.71, -1, 45),
	(63, 500, 19, -136.501, -497.956, 106.158, -1, 0),
	(63, 500, 20, -174.735, -584.204, 51.1579, -1, 0),
	(63, 500, 21, -180.669, -597.589, 47.6727, -1, 0),
	(63, 500, 22, -191.19, -621.319, 30.0237, -1, 0),
	(63, 500, 23, -225.073, -697.749, -6.88959, -1, 0),
	(63, 500, 24, -255.453, -766.293, 3.48379, -1, 45),
	(63, 500, 25, -190.555, -787.009, -5.72611, -1, 0),
	(63, 500, 26, -169.557, -797.237, -2.21669, -1, 0),
	(63, 500, 27, -115.078, -823.807, 19.9906, -1, 0),
	(63, 500, 28, -90.5732, -835.755, 9.61218, -1, 0),
	(63, 500, 29, -49.709, -855.679, 8.22618, -1, 0),
	(63, 500, 30, 31.8552, -895.437, -1.54912, -1, 0),
	(63, 500, 31, 162.952, -959.292, -2.26086, -1, 0),
	(63, 500, 32, 217.803, -986.029, 4.53914, -1, 0),
	(63, 500, 33, 284.912, -1018.74, 2.2905, -1, 0),
	(63, 500, 34, 311.545, -1031.7, 18.4617, -1, 45),
	(63, 500, 35, 322.504, -998.75, 3.50418, -1, 0),
	(63, 500, 36, 336.521, -911.356, 13.8086, -1, 0),
	(63, 500, 37, 344.034, -864.56, 27.6077, -1, 0),
	(63, 500, 38, 354.925, -796.722, 38.2869, -1, 0),
	(63, 500, 39, 393.501, -598.086, 34.9753, -1, 0),
	(63, 500, 40, 403.747, -506.3, 18.7635, -1, 0),
	(63, 500, 41, 410.56, -450.93, 17.0796, -1, 0),
	(63, 500, 42, 417.023, -398.429, 20.6182, -1, 0),
	(63, 500, 43, 418.327, -387.739, 13.6248, -1, 0),
	(63, 500, 44, 428.062, -308.659, -5.89241, -1, 45),
	(63, 500, 45, 507.855, -252.424, -3.91098, -1, 0),
	(63, 500, 46, 585.576, -197.642, -7.28685, -1, 0),
	(63, 500, 47, 612.553, -178.626, 0.737791, -1, 0),
	(63, 500, 48, 709.375, -110.393, 83.552, -1, 0),
	(63, 500, 49, 740.599, -88.3915, 92.5101, -1, 45),
	(63, 500, 50, 734.786, -73.8767, 95.2587, -1, 0),
	(63, 500, 51, 689.052, 9.36556, 29.0135, -1, 0),
	(63, 500, 52, 662.035, 53.1536, -6.66389, -1, 0),
	(63, 500, 53, 647.128, 77.3244, -7.20488, -1, 45),
	(63, 500, 54, 553.16, 37.0466, -4.17503, -1, 0),
	(63, 500, 55, 411.1, -23.8397, 4.68377, -1, 0),
	(63, 500, 56, 369.65, -37.2809, 13.4456, -1, 0),
	(63, 500, 57, 214.831, -56.7528, 7.62937, -1, 0),
	(63, 500, 58, 110.595, -63.6161, 1.17034, -1, 0),
	(63, 500, 59, 41.8595, -68.6797, 33.475, -1, 0),
	(63, 500, 60, -64.8329, -76.5396, 41.1944, -1, 45),
	(63, 500, 61, -169.977, 1.45201, -6.22641, -1, 0),
	(63, 500, 62, -236.596, 50.8661, 0.490377, -1, 0),
	(63, 500, 63, -288.527, 89.3855, 33.4835, -1, 0),
	(63, 500, 64, -304.996, 101.601, 41.5864, -1, 0),
	(63, 500, 65, -352.495, 136.828, 51.9325, -1, 0),
	(63, 500, 66, -389.782, 164.483, 83.509, -1, 0),
	(63, 500, 67, -411.246, 180.399, 95.4221, -1, 0),
	(63, 500, 68, -482.964, 195.955, 97.4847, -1, 45),
	(63, 500, 69, -489.539, 200.351, 97.6964, -1, 0),
	(63, 500, 70, -548.919, 240.042, 36.6751, -1, 0),
	(63, 500, 71, -609.691, 280.654, 36.1172, -1, 0),
	(63, 500, 72, -643.434, 303.199, 27.3783, -1, 0),
	(63, 500, 73, -668.709, 320.087, 23.901, -1, 0),
	(63, 500, 74, -723.847, 372.551, 9.44663, -1, 0),
	(63, 500, 75, -785.41, 401.791, 23.0522, -1, 0),
	(63, 500, 76, -816.31, 415.94, 22.754, -1, 45),
	(63, 500, 77, -815.098, 402.152, 26.4529, -1, 0),
	(63, 500, 78, -764.851, 302.459, 28.4574, -1, 0),
	(63, 500, 79, -718.523, 200.341, 68.6989, -1, 0),
	(63, 500, 80, -712.584, 181.631, 69.448, -1, 0),
	(63, 500, 81, -691.798, 101.19, 102.429, -1, 45),
	(63, 500, 82, -603.642, 88.0002, 95.5045, -1, 0),
	(64, 500, 1, 800.746, 219.756, 15.9425, -1, 45),
	(64, 500, 2, 788.506, 196.877, 3.29682, -1, 0),
	(64, 500, 3, 744.689, 139.072, -4.11099, -1, 0),
	(64, 500, 4, 730.426, 102.187, -6.70027, -1, 0),
	(64, 500, 5, 712.553, 55.9009, 16.0625, -1, 0),
	(64, 500, 6, 693.194, 5.77605, 32.8843, -1, 0),
	(64, 500, 7, 652.593, -99.3262, 55.1676, -1, 0),
	(64, 500, 8, 612.145, -204.046, -6.47213, -1, 45),
	(64, 500, 9, 664.059, -246.661, 22.3239, -1, 0),
	(64, 500, 10, 719.475, -295.874, 2.17004, -1, 0),
	(64, 500, 11, 768.552, -341.468, 43.464, -1, 0),
	(64, 500, 12, 812.922, -382.69, 19.6224, -1, 0),
	(64, 500, 13, 873.895, -439.332, 11.149, -1, 45),
	(64, 500, 14, 811.983, -466.128, 27.11, -1, 0),
	(64, 500, 15, 710.655, -503.738, 104.198, -1, 0),
	(64, 500, 16, 602.219, -543.982, 57.0409, -1, 0),
	(64, 500, 17, 456.305, -598.13, 31.0871, -1, 0),
	(64, 500, 18, 410.132, -615.261, 37.6119, -1, 0),
	(64, 500, 19, 228.428, -682.7, 8.0236, -1, 0),
	(64, 500, 20, 214.416, -598.896, 81.5821, -1, 0),
	(64, 500, 21, 202.833, -505.022, 119.905, -1, 0),
	(64, 500, 22, 194.559, -437.985, 62.3642, -1, 0),
	(64, 500, 23, 193.585, -430.096, 74.6025, -1, 0),
	(64, 500, 24, 193.583, -408.103, 65.993, -1, 0),
	(64, 500, 25, 193.583, -375.459, 76.0411, -1, 45),
	(64, 500, 26, 185.557, -360.444, 36.5126, -1, 0),
	(64, 500, 27, 153.458, -300.389, 22.2098, -1, 0),
	(64, 500, 28, 103.006, -205.996, 87.4281, -1, 0),
	(64, 500, 29, 99.1016, -198.692, 88.6504, -1, 0),
	(64, 500, 30, 63.9755, -132.969, 48.6278, -1, 0),
	(64, 500, 31, 47.0091, -101.225, 36.8107, -1, 0),
	(64, 500, 32, 33.493, -75.9375, 38.2234, -1, 0),
	(64, 500, 33, -6.18916, -1.69312, -1.87115, -1, 0),
	(64, 500, 34, -71.3171, 120.156, 1.94893, -1, 0),
	(64, 500, 35, -88.7877, 152.844, -2.67137, -1, 0),
	(64, 500, 36, -141.455, 251.377, -1.96644, -1, 45),
	(64, 500, 37, -90.0843, 223.101, 0.47018, -1, 0),
	(64, 500, 38, 12.0525, 199.129, 36.5702, -1, 0),
	(64, 500, 39, 100.261, 190.432, 1.74516, -1, 0),
	(64, 500, 40, 175.935, 164.642, 42.1623, -1, 0),
	(64, 500, 41, 248.911, 139.53, 32.1538, -1, 45),
	(64, 500, 42, 357.986, 150.347, 6.19462, -1, 0),
	(64, 500, 43, 466.333, 156.995, 13.6564, -1, 0),
	(64, 500, 44, 510.963, 159.728, -5.37269, -1, 0),
	(64, 500, 45, 573.204, 163.547, 21.9414, -1, 0),
	(64, 500, 46, 613.429, 165.999, 25.6645, -1, 0),
	(64, 500, 47, 675.059, 169.782, 12.5016, -1, 0),
	(64, 500, 48, 756.372, 147.284, -4.15007, -1, 45),
	(64, 500, 49, 801.601, 220.413, 16.2729, -1, 0),
	(65, 500, 1, 737.165, -451.289, 84.4619, -1, 45),
	(65, 500, 2, 711.477, -454.767, 104.004, -1, 0),
	(65, 500, 3, 611.219, -468.353, 79.4214, -1, 0),
	(65, 500, 4, 510.709, -495.887, 117.871, -1, 0),
	(65, 500, 5, 405.837, -522.105, 22.0157, -1, 45),
	(65, 500, 6, 383.988, -527.568, 20.4955, -1, 0),
	(65, 500, 7, 213.963, -570.064, 92.6044, -1, 0),
	(65, 500, 8, 113.417, -595.212, 120.293, -1, 45),
	(65, 500, 9, 115.683, -699.982, 20.3207, -1, 0),
	(65, 500, 10, 116.779, -789.654, 0.741065, -1, 0),
	(65, 500, 11, 118.106, -898.147, -4.7969, -1, 0),
	(65, 500, 12, 128.022, -1098.01, -4.70933, -1, 45),
	(65, 500, 13, 209.384, -1098.31, 0.137996, -1, 0),
	(65, 500, 14, 307.428, -1102.95, 46.2333, -1, 0),
	(65, 500, 15, 420.886, -1088.85, 30.4227, -1, 0),
	(65, 500, 16, 508.507, -1077.97, 7.04758, -1, 45),
	(65, 500, 17, 521.88, -1085.11, 9.72749, -1, 0),
	(65, 500, 18, 521.88, -1085.11, 9.72749, -1, 0),
	(65, 500, 19, 545.604, -1097.77, 3.76674, -1, 0),
	(65, 500, 20, 585.199, -1118.92, 8.74565, -1, 0),
	(65, 500, 21, 607.834, -1131.01, 5.90296, -1, 0),
	(65, 500, 22, 652.411, -1154.83, 11.3011, -1, 0),
	(65, 500, 23, 713.012, -1187.14, 63.0597, -1, 45),
	(65, 500, 24, 764.536, -1096.72, 5.92593, -1, 0),
	(65, 500, 25, 828.523, -998.185, 102.18, -1, 0),
	(65, 500, 26, 1106.22, -797.122, 70.8414, -1, 45),
	(65, 500, 27, 1040.72, -726.474, 2.75236, -1, 0),
	(65, 500, 28, 980.901, -628.961, 0.770526, -1, 0),
	(65, 500, 29, 931.246, -577.941, 130.706, -1, 0),
	(65, 500, 30, 795.456, -598.103, 21.8662, -1, 0),
	(65, 500, 31, 808.295, -498.278, 31.4115, -1, 0),
	(65, 500, 32, 756.048, -355.019, 55.4124, -1, 0),
	(65, 500, 33, 738.209, -451.767, 83.7425, -1, 0),
	(66, 500, 1, -310.193, -541.385, 31.5038, -1, 30),
	(66, 500, 2, -316.95, -527.939, 40.0916, -1, 0),
	(66, 500, 3, -331.106, -499.793, 26.7905, -1, 0),
	(66, 500, 4, -384.172, -394.338, 31.9308, -1, 0),
	(66, 500, 5, -432.02, -299.226, 87.8447, -1, 0),
	(66, 500, 6, -484.475, -194.967, 21.4049, -1, 45),
	(66, 500, 7, -490.274, -183.441, 23.7774, -1, 0),
	(66, 500, 8, -531.335, -101.822, 28.6612, -1, 0),
	(66, 500, 9, -551.711, -61.3027, 35.2477, -1, 45),
	(66, 500, 10, -490.477, -73.1499, 41.7686, -1, 0),
	(66, 500, 11, -425.938, -118.966, -12.7761, -1, 0),
	(66, 500, 12, -363.358, -171.574, 78.6984, -1, 0),
	(66, 500, 13, -333.7, -196.515, 109.911, -1, 0),
	(66, 500, 14, -302.573, -222.693, 126.685, -1, 0),
	(66, 500, 15, -254.289, -263.304, 126.629, -1, 0),
	(66, 500, 16, -201.364, -307.815, 64.1482, -1, 0),
	(66, 500, 17, -143.975, -356.085, 104.43, -1, 0),
	(66, 500, 18, -103.795, -386.262, 108.634, -1, 45),
	(66, 500, 19, -168.275, -495.024, 104.597, -1, 0),
	(66, 500, 20, -213.82, -597.954, 30.7498, -1, 0),
	(66, 500, 21, -204.635, -612.85, 34.1419, -1, 0),
	(66, 500, 22, -186.563, -703.596, -7.16509, -1, 45),
	(66, 500, 23, -288.134, -711.616, -3.72918, -1, 0),
	(66, 500, 24, -308.526, -712.86, -8.329, -1, 0),
	(66, 500, 25, -469.674, -722.694, 4.9792, -1, 45),
	(66, 500, 26, -466.738, -704.443, 4.57101, -1, 0),
	(66, 500, 27, -449.565, -597.853, 41.6812, -1, 0),
	(66, 500, 28, -385.234, -567.247, 28.0417, -1, 0),
	(66, 500, 29, -309.661, -541.643, 31.1838, -1, 15),
	(67, 500, 1, -346.17, 622.197, 164.284, -1, 45),
	(67, 500, 2, -330.247, 601.265, 162.15, -1, 0),
	(67, 500, 3, -267.624, 518.925, 94.6367, -1, 0),
	(67, 500, 4, -255.31, 502.736, 85.1986, -1, 0),
	(67, 500, 5, -226.555, 464.934, 39.5221, -1, 0),
	(67, 500, 6, -182.442, 406.944, 11.2667, -1, 0),
	(67, 500, 7, -89.9008, 278.883, 1.56182, -1, 0),
	(67, 500, 8, -59.5775, 235.82, 14.4198, -1, 0),
	(67, 500, 9, -19.1926, 178.473, 24.8934, -1, 0),
	(67, 500, 10, 10.6015, 136.163, 23.8462, -1, 0),
	(67, 500, 11, 22.7347, 118.932, 15.8783, -1, 0),
	(67, 500, 12, 34.0317, 102.89, 26.4628, -1, 0),
	(67, 500, 13, 72.9204, 66.7791, 37.4434, -1, 0),
	(67, 500, 14, 130.626, 4.65242, -5.95429, -1, 0),
	(67, 500, 15, 228.575, -100.803, 20.797, -1, 0),
	(67, 500, 16, 266.943, -142.115, 29.7047, -1, 0),
	(67, 500, 17, 296.333, -173.759, 16.0554, -1, 45),
	(67, 500, 18, 333.853, -298.983, -8.51835, -1, 0),
	(67, 500, 19, 352.262, -381.08, 6.59934, -1, 0),
	(67, 500, 20, 366.102, -442.766, 35.5158, -1, 0),
	(67, 500, 21, 377.943, -495.546, 31.8979, -1, 0),
	(67, 500, 22, 384.504, -524.785, 20.0269, -1, 0),
	(67, 500, 23, 400.685, -596.905, 35.647, -1, 0),
	(67, 500, 24, 411.07, -798.431, 48.6532, -1, 0),
	(67, 500, 25, 419.339, -887.566, 9.14298, -1, 0),
	(67, 500, 26, 445.727, -998.772, 6.4566, -1, 0),
	(67, 500, 27, 457.68, -1050.88, 21.3763, -1, 45),
	(67, 500, 28, 508.854, -1079.82, 6.90556, -1, 0),
	(67, 500, 29, 537.417, -1095.98, 5.01532, -1, 0),
	(67, 500, 30, 617.637, -1141.33, 7.15573, -1, 45),
	(67, 500, 31, 509.971, -1155.58, 25.9953, -1, 0),
	(67, 500, 32, 451.544, -1158.8, 1.36447, -1, 0),
	(67, 500, 33, 331.951, -1168.95, 9.51659, -1, 0),
	(67, 500, 34, 212.059, -1179.14, -4.17393, -1, 0),
	(67, 500, 35, 117.988, -1187.14, 14.8667, -1, 0),
	(67, 500, 36, 22.5411, -1195.23, -11.9403, -1, 0),
	(67, 500, 37, -89.1147, -1204.6, 21.7979, -1, 0),
	(67, 500, 38, -185.476, -1214.97, -6.47102, -1, 0),
	(67, 500, 39, -284.022, -1262.94, 6.13865, -1, 0),
	(67, 500, 40, -352.495, -1296.3, 28.7046, -1, 45),
	(67, 500, 41, -367.646, -1270.99, 26.2232, -1, 0),
	(67, 500, 42, -410.904, -1198.69, 5.25861, -1, 0),
	(67, 500, 43, -440.322, -1149.5, 22.2562, -1, 0),
	(67, 500, 44, -470.721, -1098.68, 0.935041, -1, 0),
	(67, 500, 45, -477.344, -1087.61, 7.3933, -1, 0),
	(67, 500, 46, -490.749, -1065.2, -0.26124, -1, 0),
	(67, 500, 47, -531.2, -997.574, 9.50258, -1, 45),
	(67, 500, 48, -489.579, -954.91, 26.1326, -1, 0),
	(67, 500, 49, -433.702, -897.611, 92.4744, -1, 0),
	(67, 500, 50, -324.571, -797.508, -2.93714, -1, 0),
	(67, 500, 51, -288.149, -765.28, 4.22248, -1, 0),
	(67, 500, 52, -212.533, -698.367, -7.15396, -1, 0),
	(67, 500, 53, -190.355, -678.745, 1.78092, -1, 0),
	(67, 500, 54, -88.909, -589.018, 114.619, -1, 0),
	(67, 500, 55, 10.4023, -514.847, 7.26029, -1, 0),
	(67, 500, 56, 33.8813, -497.866, 1.84818, -1, 0),
	(67, 500, 57, 111.641, -441.621, 78.7134, -1, 0),
	(67, 500, 58, 127.299, -430.299, 82.2151, -1, 0),
	(67, 500, 59, 176.577, -393.144, 54.7761, -1, 0),
	(67, 500, 60, 199.297, -379.519, 75.4805, -1, 0),
	(67, 500, 61, 216.399, -369.239, 26.6073, -1, 0),
	(67, 500, 62, 270.9, -336.556, 10.0426, -1, 0),
	(67, 500, 63, 307.599, -314.548, -4.38781, -1, 0),
	(67, 500, 64, 500.504, -198.852, -5.47492, -1, 0),
	(67, 500, 65, 500.504, -198.852, -5.47492, -1, 45),
	(67, 500, 66, 468.635, 59.1707, -8.38525, -1, 0),
	(67, 500, 67, 457.464, 149.465, 15.7768, -1, 0),
	(67, 500, 68, 450.983, 201.865, 0.502872, -1, 0),
	(67, 500, 69, 449.337, 239.646, 15.6124, -1, 0),
	(67, 500, 70, 459.662, 450.31, 33.4083, -1, 0),
	(67, 500, 71, 466.794, 595.895, 84.7729, -1, 0),
	(67, 500, 72, 472.242, 707.306, 181.205, -1, 0),
	(67, 500, 73, 470.149, 759.869, 185.234, -1, 45),
	(67, 500, 74, 616.911, 709.153, 172.488, -1, 0),
	(67, 500, 75, 700.728, 681.414, 110.009, -1, 0),
	(67, 500, 76, 759.653, 661.916, 90.6008, -1, 0),
	(67, 500, 77, 809.783, 645.328, 74.5402, -1, 0),
	(67, 500, 78, 841.164, 634.949, 72.426, -1, 0),
	(67, 500, 79, 919.579, 608.995, 46.5722, -1, 0),
	(67, 500, 80, 1051.12, 565.485, 33.7945, -1, 45),
	(67, 500, 81, 911.113, 579.802, 39.8733, -1, 0),
	(67, 500, 82, 892.032, 581.903, 33.3831, -1, 0),
	(67, 500, 83, 784.004, 578.526, 49.6647, -1, 0),
	(67, 500, 84, 655.155, 570.528, 73.2505, -1, 0),
	(67, 500, 85, 618.405, 538.999, 65.5612, -1, 0),
	(67, 500, 86, 328.883, 520.547, 54.2509, -1, 45),
	(67, 500, 87, 318.54, 520.367, 53.9837, -1, 0),
	(67, 500, 88, 227.641, 519.199, 92.2069, -1, 0),
	(67, 500, 89, 214.368, 519.019, 92.3751, -1, 0),
	(67, 500, 90, 128.998, 517.924, 122.894, -1, 0),
	(67, 500, 91, 111.011, 517.696, 123.407, -1, 0),
	(67, 500, 92, 22.8671, 516.572, 86.2036, -1, 0),
	(67, 500, 93, 9.69193, 516.406, 84.7738, -1, 0),
	(67, 500, 94, -72.1137, 515.355, 43.7789, -1, 0),
	(67, 500, 95, -152.287, 537.508, 70.4345, -1, 0),
	(67, 500, 96, -188.232, 547.43, 60.7068, -1, 0),
	(67, 500, 97, -345.768, 622.559, 163.993, -1, 0),
	(68, 500, 1, -531.844, 815.047, 70.1193, -1, 0),
	(68, 500, 2, -538.919, 803.828, 64.9898, -1, 0),
	(68, 500, 3, -588.272, 725.796, 67.0935, -1, 0),
	(68, 500, 4, -602.649, 703.05, 63.5632, -1, 0),
	(68, 500, 5, -666.876, 601.473, 9.18225, -1, 0),
	(68, 500, 6, -735.113, 503.379, -1.57492, -1, 0),
	(68, 500, 7, -809.712, 402.624, 25.8019, -1, 45),
	(68, 500, 8, -768.83, 339.867, 22.2262, -1, 0),
	(68, 500, 9, -657.952, 234.335, 52.8835, -1, 0),
	(68, 500, 10, -620.308, 198.522, 49.3811, -1, 0),
	(68, 500, 11, -554.702, 136.09, 102.249, -1, 0),
	(68, 500, 12, -750.538, 313.209, 25.1782, -1, 0),
	(68, 500, 13, -747.06, 201.197, 72.589, -1, 0),
	(68, 500, 14, -670.789, 100.493, 102.721, -1, 0),
	(68, 500, 15, -589.416, 3.87659, 4.04429, -1, 0),
	(68, 500, 16, -542.456, -51.8772, 39.1186, -1, 0),
	(68, 500, 17, -488.235, -101.912, 34.5652, -1, 0),
	(68, 500, 18, -434.505, -143.816, -11.9319, -1, 0),
	(68, 500, 19, -365.132, -197.916, 98.3157, -1, 0),
	(68, 500, 20, -321.532, -231.931, 123.806, -1, 0),
	(68, 500, 21, -288.421, -257.75, 128.395, -1, 0),
	(68, 500, 22, -266.143, -275.12, 127.102, -1, 0),
	(68, 500, 23, -208.413, -320.141, 64.161, -1, 0),
	(68, 500, 24, -152.725, -363.57, 102.917, -1, 0),
	(68, 500, 25, -110.62, -396.409, 107.271, -1, 45),
	(68, 500, 26, -46.6961, -452.916, 109.77, -1, 0),
	(68, 500, 27, 4.86857, -498.49, -9.28601, -1, 0),
	(68, 500, 28, 60.6878, -547.822, 95.5632, -1, 0),
	(68, 500, 29, 114.259, -595.148, 120.313, -1, 0),
	(68, 500, 30, 219.177, -687.862, 7.79277, -1, 0),
	(68, 500, 31, 273.967, -736.274, 28.928, -1, 0),
	(68, 500, 32, 343.609, -797.838, 36.255, -1, 0),
	(68, 500, 33, 404.535, -832.239, 36.4815, -1, 0),
	(68, 500, 34, 451.745, -857.448, -5.13967, -1, 0),
	(68, 500, 35, 516.381, -891.968, 12.4778, -1, 0),
	(68, 500, 36, 606.102, -939.899, 31.5673, -1, 0),
	(68, 500, 37, 711.723, -996.298, 123.522, -1, 45),
	(68, 500, 38, 808.995, -925.872, 129.598, -1, 0),
	(68, 500, 39, 910.704, -852.22, 38.8978, -1, 0),
	(68, 500, 40, 1051.02, -744.17, 10.7744, -1, 45),
	(68, 500, 41, 1012.01, -694.218, -9.91981, -1, 0),
	(68, 500, 42, 980.655, -628.468, 0.907543, -1, 0),
	(68, 500, 43, 945.824, -563.362, 130.895, -1, 0),
	(68, 500, 44, 910.603, -497.514, 5.24539, -1, 0),
	(68, 500, 45, 841.128, -367.646, 13.6474, -1, 45),
	(68, 500, 46, 817.288, -367.347, 16.1594, -1, 0),
	(68, 500, 47, 740.401, -366.383, 67.695, -1, 0),
	(68, 500, 48, 648.874, -357.797, 33.1228, -1, 0),
	(68, 500, 49, 567.606, -342.654, 44.4837, -1, 0),
	(68, 500, 50, 477.104, -325.789, 2.96071, -1, 0),
	(68, 500, 51, 294.91, -291.819, -6.27906, -1, 45),
	(68, 500, 52, 307.656, -197.765, 7.81411, -1, 0),
	(68, 500, 53, 321.391, -96.4119, 30.331, -1, 0),
	(68, 500, 54, 394.331, 0.43749, 1.09554, -1, 0),
	(68, 500, 55, 409.47, 22.508, 6.64637, -1, 0),
	(68, 500, 56, 508.998, 167.617, -3.12117, -1, 0),
	(68, 500, 57, 534.035, 204.124, 12.0897, -1, 0),
	(68, 500, 58, 543.673, 233.254, 17.0635, -1, 0),
	(68, 500, 59, 576.036, 302.625, 46.1845, -1, 0),
	(68, 500, 60, 626.481, 399.948, 59.6916, -1, 45),
	(68, 500, 61, 678.566, 500.433, 35.2219, -1, 0),
	(68, 500, 62, 808.342, 750.747, 131.002, -1, 0),
	(68, 500, 63, 809.906, 803.656, 163.094, -1, 45),
	(68, 500, 64, 712.485, 840.212, 186.509, -1, 0),
	(68, 500, 65, 586.273, 877.352, 193.06, -1, 0),
	(68, 500, 66, 479.818, 867.434, 172.947, -1, 0),
	(68, 500, 67, 410.298, 857.085, 160.448, -1, 45),
	(68, 500, 68, 349.45, 802.095, 191.282, -1, 0),
	(68, 500, 69, 309.771, 760.42, 177.84, -1, 0),
	(68, 500, 70, 257.453, 705.469, 148.635, -1, 0),
	(68, 500, 71, 159.68, 602.755, 82.9361, -1, 0),
	(68, 500, 72, 112.116, 580.93, 91.8689, -1, 0),
	(68, 500, 73, 75.4809, 563.584, 84.9419, -1, 0),
	(68, 500, 74, 11.544, 533.336, 83.2264, -1, 0),
	(68, 500, 75, -130.981, 479.731, 33.6813, -1, 45),
	(68, 500, 76, -160.689, 529.287, 65.917, -1, 0),
	(68, 500, 77, -190.004, 578.151, 67.3565, -1, 0),
	(68, 500, 78, -236.997, 656.511, 137.446, -1, 0),
	(68, 500, 79, -262.761, 696.823, 120.908, -1, 0),
	(68, 500, 80, -273.896, 717.656, 120.493, -1, 0),
	(68, 500, 81, -309.029, 783.813, 105.434, -1, 0),
	(68, 500, 82, -318.288, 802.207, 93.3765, -1, 0),
	(68, 500, 83, -374.339, 913.539, 127.976, -1, 0),
	(68, 500, 84, -418.774, 1001.8, 175.349, -1, 45),
	(68, 500, 85, -533.125, 1061.01, 88.1657, -1, 0),
	(68, 500, 86, -596.126, 1093.64, 66.6483, -1, 0),
	(68, 500, 87, -664.565, 1129.1, 36.8737, -1, 0),
	(68, 500, 88, -729.315, 1162.67, 43.2798, -1, 45),
	(68, 500, 89, -741.112, 1053.39, 27.8593, -1, 0),
	(68, 500, 90, -734.155, 959.078, 54.8948, -1, 0),
	(68, 500, 91, -727.645, 810.488, 29.0196, -1, 0),
	(68, 500, 92, -666.439, 700.168, 37.3717, -1, 0),
	(68, 500, 93, -647.765, 645.583, 33.657, -1, 0),
	(68, 500, 94, -632.517, 594.799, 10.6693, -1, 45),
	(68, 500, 95, -611.168, 371.627, 15.9542, -1, 0),
	(68, 500, 96, -585.47, 299.812, 28.8146, -1, 0),
	(68, 500, 97, -452.597, 341.449, 26.84, -1, 0),
	(68, 500, 98, -416.149, 399.275, 22.6868, -1, 0),
	(68, 500, 99, -360.831, 504.383, 133.412, -1, 0),
	(68, 500, 100, -351.732, 600.103, 171.762, -1, 0),
	(68, 500, 101, -388.809, 601.353, 189.806, -1, 45),
	(68, 500, 102, -430.609, 661.808, 131.008, -1, 0),
	(68, 500, 103, -459.317, 703.5, 111.842, -1, 0),
	(68, 500, 104, -527.275, 800.375, 65.3833, -1, 0),
	(68, 500, 105, -531.916, 814.071, 69.716, -1, 45),
	(69, 500, 1, -322.359, 566.586, 142.615, -1, 45),
	(69, 500, 2, -388.043, 517.427, 150.998, -1, 0),
	(69, 500, 3, -495.284, 437.865, 32.4247, -1, 0),
	(69, 500, 4, -512.703, 404.274, 8.39652, -1, 0),
	(69, 500, 5, -585.875, 284.238, 30.6606, -1, 0),
	(69, 500, 6, -604.228, 202.712, 43.9931, -1, 0),
	(69, 500, 7, -613.388, 172.477, 59.235, -1, 0),
	(69, 500, 8, -634.578, 102.526, 103.921, -1, 0),
	(69, 500, 9, -681.549, -13.7581, 26.1184, -1, 45),
	(69, 500, 10, -635.052, -43.9947, -11.7048, -1, 0),
	(69, 500, 11, -574.739, -83.223, 25.8818, -1, 0),
	(69, 500, 12, -488.119, -139.557, 29.3123, -1, 0),
	(69, 500, 13, -455.078, -161.046, 0.754256, -1, 0),
	(69, 500, 14, -324.082, -133.312, 64.7665, -1, 0),
	(69, 500, 15, -241.881, -98.8215, 57.2105, -1, 0),
	(69, 500, 16, -192.577, -99.4219, 63.0536, -1, 0),
	(69, 500, 17, 10.7901, -101.906, 53.8433, -1, 0),
	(69, 500, 18, 105.048, -103.057, 11.192, -1, 45),
	(69, 500, 19, 166.131, 0.557657, -7.23787, -1, 0),
	(69, 500, 20, 227.546, 103.038, 36.6822, -1, 0),
	(69, 500, 21, 283.232, 271.666, 14.8712, -1, 45),
	(69, 500, 22, 209.57, 243.234, 39.6285, -1, 0),
	(69, 500, 23, 133.842, 223.179, 10.8335, -1, 0),
	(69, 500, 24, 93.7361, 290.488, 80.2132, -1, 45),
	(69, 500, 25, 86.2746, 301.363, 78.4068, -1, 0),
	(69, 500, 26, 16.2147, 403.471, 99.434, -1, 0),
	(69, 500, 27, -22.9197, 465.468, 62.8242, -1, 0),
	(69, 500, 28, -62.4214, 518.721, 48.6809, -1, 0),
	(69, 500, 29, -140.094, 552.372, 78.3266, -1, 0),
	(69, 500, 30, -187.431, 553.106, 62.1625, -1, 0),
	(69, 500, 31, -221.826, 551.387, 78.0262, -1, 0),
	(69, 500, 32, -323.592, 566.291, 143.017, -1, 0),
	(70, 500, 1, 709.131, 332.583, 0.643548, -1, 10),
	(70, 500, 2, 643.602, 300.591, 24.2253, -1, 0),
	(70, 500, 3, 610.384, 284.381, 47.2984, -1, 0),
	(70, 500, 4, 490.626, 279.948, 33.0961, -1, 0),
	(70, 500, 5, 411.574, 303.9, 7.51582, -1, 0),
	(70, 500, 6, 310.676, 288.896, 9.17605, -1, 0),
	(70, 500, 7, 211.087, 274.098, 46.1057, -1, 0),
	(70, 500, 8, 178.95, 269.322, 34.6737, -1, 0),
	(70, 500, 9, 67.6382, 260.296, 66.5185, -1, 0),
	(70, 500, 10, -88.7794, 248.747, 1.16346, -1, 0),
	(70, 500, 11, -253.998, 236.546, 19.0758, -1, 0),
	(70, 500, 12, -290.549, 233.846, 21.5713, -1, 0),
	(70, 500, 13, -363.138, 228.489, 69.7755, -1, 0),
	(70, 500, 14, -488.073, 219.262, 85.4748, -1, 0),
	(70, 500, 15, -581.179, 212.386, 39.0736, -1, 300),
	(70, 500, 16, -607.332, 102.038, 104.43, -1, 0),
	(70, 500, 17, -607.332, 102.038, 104.43, -1, 0),
	(70, 500, 18, -624.07, -30.373, -6.68911, -1, 0),
	(70, 500, 19, -613.638, -95.0678, 7.75179, -1, 0),
	(70, 500, 20, -609.409, -121.312, 19.8886, -1, 0),
	(70, 500, 21, -597.196, -197.033, 11.9126, -1, 45),
	(70, 500, 22, -533.237, -237.942, 22.5909, -1, 0),
	(70, 500, 23, -468.516, -298.001, 67.3308, -1, 0),
	(70, 500, 24, -428.566, -335.08, 72.7214, -1, 0),
	(70, 500, 25, -367.625, -391.653, 40.3741, -1, 0),
	(70, 500, 26, -277.251, -475.534, 51.7823, -1, 0),
	(70, 500, 27, -255.05, -496.147, 63.226, -1, 0),
	(70, 500, 28, -188.205, -558.195, 66.1819, -1, 0),
	(70, 500, 29, -170.466, -574.659, 56.8665, -1, 0),
	(70, 500, 30, -144.486, -598.778, 73.9605, -1, 0),
	(70, 500, 31, -116.409, -624.852, 81.8507, -1, 0),
	(70, 500, 32, -38.6071, -697.083, 6.71394, -1, 0),
	(70, 500, 33, 101.265, -710.946, 20.2421, -1, 45),
	(70, 500, 34, 121.802, -697.922, 19.7742, -1, 0),
	(70, 500, 35, 209.789, -642.152, 49.2557, -1, 0),
	(70, 500, 36, 258.029, -596.182, 57.3026, -1, 0),
	(70, 500, 37, 319.066, -499.29, 56.2738, -1, 0),
	(70, 500, 38, 338.728, -469.122, 47.2836, -1, 0),
	(70, 500, 39, 389.17, -395.545, 13.2678, -1, 0),
	(70, 500, 40, 455.488, -298.808, -5.95306, -1, 0),
	(70, 500, 41, 516.612, -209.668, -5.98717, -1, 0),
	(70, 500, 42, 559.104, -102.186, 15.5923, -1, 45),
	(70, 500, 43, 620.611, 13.8408, -5.97488, -1, 0),
	(70, 500, 44, 659.224, 100.445, -7.65284, -1, 0),
	(70, 500, 45, 696.198, 201.179, 23.9705, -1, 0),
	(70, 500, 46, 702.908, 302.214, -18.9217, -1, 0),
	(70, 500, 47, 708.891, 333.194, 1.30253, -1, 35),
	(71, 500, 1, 1028.94, 220.663, 6.5708, -1, 35),
	(71, 500, 2, 903.204, 173.934, 7.15994, -1, 0),
	(71, 500, 3, 782.79, 129.181, -3.32425, -1, 45),
	(71, 500, 4, 758.325, 148.259, -4.02524, -1, 0),
	(71, 500, 5, 689.357, 202.027, 26.0983, -1, 0),
	(71, 500, 6, 611.226, 202.243, 45.3063, -1, 0),
	(71, 500, 7, 600.247, 101.756, -8.48764, -1, 0),
	(71, 500, 8, 604.07, -2.64414, -5.28882, -1, 0),
	(71, 500, 9, 599.081, -99.4405, 27.3519, -1, 0),
	(71, 500, 10, 605.368, -197.853, -7.59031, -1, 0),
	(71, 500, 11, 546.332, -296.662, -0.08584, -1, 45),
	(71, 500, 12, 512.413, -361.939, 62.3528, -1, 0),
	(71, 500, 13, 494.201, -397.015, 83.2637, -1, 0),
	(71, 500, 14, 411.147, -565.028, 31.0636, -1, 0),
	(71, 500, 15, 395.107, -597.861, 35.1725, -1, 0),
	(71, 500, 16, 316.046, -759.692, 27.6271, -1, 0),
	(71, 500, 17, 297.326, -798.011, 31.808, -1, 45),
	(71, 500, 18, 258.703, -752.086, 32.2786, -1, 0),
	(71, 500, 19, 212.912, -697.629, 4.82846, -1, 0),
	(71, 500, 20, 135.774, -572.72, 120.322, -1, 0),
	(71, 500, 21, 111.432, -530.922, 83.6992, -1, 0),
	(71, 500, 22, 99.5425, -510.515, 72.7645, -1, 0),
	(71, 500, 23, 91.5235, -496.75, 49.4062, -1, 0),
	(71, 500, 24, 62.6996, -447.281, 37.9233, -1, 0),
	(71, 500, 25, 32.9397, -396.201, 105.777, -1, 0),
	(71, 500, 26, 25.864, -384.058, 100.947, -1, 0),
	(71, 500, 27, 9.80997, -356.507, 111.779, -1, 0),
	(71, 500, 28, -47.7506, -257.72, 113.837, -1, 0),
	(71, 500, 29, -86.9159, -199.841, 131.272, -1, 45),
	(71, 500, 30, -129.537, -132.521, 78.0401, -1, 0),
	(71, 500, 31, -206.561, -10.8497, 4.81979, -1, 0),
	(71, 500, 32, -222.585, 6.46282, 0.498097, -1, 0),
	(71, 500, 33, -253.56, 35.2376, 2.63759, -1, 0),
	(71, 500, 34, -291.088, 70.1071, 28.0379, -1, 0),
	(71, 500, 35, -327.386, 103.833, 47.6471, -1, 45),
	(71, 500, 36, -375.932, 45.8213, 34.0926, -1, 0),
	(71, 500, 37, -388.377, 4.76169, 18.0009, -1, 0),
	(71, 500, 38, -450.984, -97.7577, 6.33302, -1, 0),
	(71, 500, 39, -488.017, -161.322, 26.2326, -1, 0),
	(71, 500, 40, -509.631, -198.425, 19.7634, -1, 0),
	(71, 500, 41, -567.786, -298.329, 31.1217, -1, 0),
	(71, 500, 42, -587.341, -331.916, 15.9181, -1, 0),
	(71, 500, 43, -627.911, -401.6, 3.09194, -1, 45),
	(71, 500, 44, -687.972, -362.465, 20.3081, -1, 0),
	(71, 500, 45, -726.814, -336.487, 6.90671, -1, 0),
	(71, 500, 46, -784.566, -297.87, 7.41671, -1, 0),
	(71, 500, 47, -839.502, -249.086, 24.6252, -1, 0),
	(71, 500, 48, -859.715, -166.364, 37.1233, -1, 0),
	(71, 500, 49, -879.618, -97.449, 11.9289, -1, 45),
	(71, 500, 50, -799.967, 2.00524, 13.0615, -1, 0),
	(71, 500, 51, -688.991, 103.147, 103.126, -1, 0),
	(71, 500, 52, -590.48, 190.208, 48.1078, -1, 0),
	(71, 500, 53, -487.989, 260.259, 56.4957, -1, 0),
	(71, 500, 54, -377.056, 302.735, 9.76676, -1, 0),
	(71, 500, 55, -89.1316, 334.604, 5.97959, -1, 45),
	(71, 500, 56, 111.608, 338.718, 107.936, -1, 0),
	(71, 500, 57, 244.837, 343.591, 67.5379, -1, 45),
	(71, 500, 58, 249.381, 323.319, 37.5858, -1, 0),
	(71, 500, 59, 264.471, 256.068, 19.3698, -1, 0),
	(71, 500, 60, 291.749, 185.477, 21.3742, -1, 0),
	(71, 500, 61, 339.026, 133.237, 8.73445, -1, 0),
	(71, 500, 62, 369.273, 99.8574, 21.1306, -1, 0),
	(71, 500, 63, 408.087, 57.0205, 15.9314, -1, 0),
	(71, 500, 64, 436.34, 25.8384, -2.79542, -1, 45),
	(71, 500, 65, 574.512, 66.4665, -5.66774, -1, 0),
	(71, 500, 66, 642.853, 102.447, -7.5947, -1, 0),
	(71, 500, 67, 714.117, 142.842, 3.27543, -1, 0),
	(71, 500, 68, 971.597, 175.524, 8.58198, -1, 0),
	(71, 500, 69, 1029.46, 219.891, 6.84987, -1, 10),
	(72, 500, 1, -129.037, 520.228, 55.2016, -1, 45),
	(72, 500, 2, -90.2246, 504.144, 38.6107, -1, 0),
	(72, 500, 3, -22.9745, 476.279, 64.304, -1, 0),
	(72, 500, 4, 13.0343, 461.353, 92.2256, -1, 0),
	(72, 500, 5, 113.119, 419.887, 139.619, -1, 45),
	(72, 500, 6, 211.395, 484.539, 95.3424, -1, 0),
	(72, 500, 7, 241.155, 503.381, 80.6326, -1, 0),
	(72, 500, 8, 309.649, 539.475, 61.2772, -1, 0),
	(72, 500, 9, 431.581, 600.829, 85.1681, -1, 0),
	(72, 500, 10, 590.979, 681.05, 154.351, -1, 0),
	(72, 500, 11, 608.95, 703.51, 171.869, -1, 45),
	(72, 500, 12, 710.565, 716.463, 125.498, -1, 0),
	(72, 500, 13, 848.253, 717.912, 101.707, -1, 45),
	(72, 500, 14, 905.867, 798.196, 98.6079, -1, 0),
	(72, 500, 15, 979.26, 907.84, 101.103, -1, 0),
	(72, 500, 16, 1048.8, 1000.47, 113.768, -1, 0),
	(72, 500, 17, 1069.39, 1100.7, 2.45603, -1, 45),
	(72, 500, 18, 1036, 1126.71, 117.977, -1, 0),
	(72, 500, 19, 999.8, 1182.29, 143.172, -1, 0),
	(72, 500, 20, 910.103, 1261.61, 181.921, -1, 0),
	(72, 500, 21, 809.352, 1288.09, 184.22, -1, 0),
	(72, 500, 22, 780.825, 1296.87, 212.076, -1, 45),
	(72, 500, 23, 755.787, 1311.03, 191.651, -1, 0),
	(72, 500, 24, 605.964, 1304.26, 193.404, -1, 0),
	(72, 500, 25, 528.644, 1372, 234.466, -1, 0),
	(72, 500, 26, 444.319, 1355.08, 209.843, -1, 0),
	(72, 500, 27, 409.05, 1350.71, 225.211, -1, 0),
	(72, 500, 28, 307.147, 1345.3, 203.768, -1, 0),
	(72, 500, 29, 204.068, 1320.88, 197.95, -1, 0),
	(72, 500, 30, 110.319, 1308.24, 193.693, -1, 0),
	(72, 500, 31, 11.8566, 1296.06, 186.414, -1, 0),
	(72, 500, 32, -3.79372, 1292.58, 190.952, -1, 0),
	(72, 500, 33, -57.9164, 1234.3, 190.578, -1, 0),
	(72, 500, 34, -187.318, 1115.48, 190.894, -1, 0),
	(72, 500, 35, -235.418, 1068.52, 181.991, -1, 45),
	(72, 500, 36, -276.891, 1000.88, 175.324, -1, 0),
	(72, 500, 37, -233.637, 902.903, 166.907, -1, 0),
	(72, 500, 38, -206.518, 807.562, 146.915, -1, 0),
	(72, 500, 39, -131.954, 702.175, 148.108, -1, 0),
	(72, 500, 40, -172.465, 598.617, 76.7773, -1, 0),
	(72, 500, 41, -174.989, 517.297, 59.0093, -1, 0),
	(72, 500, 42, -190.704, 403.165, 10.4933, -1, 0),
	(72, 500, 43, -205.297, 304.738, -1.34456, -1, 0),
	(72, 500, 44, -212.144, 276.581, 5.52065, -1, 0),
	(72, 500, 45, -266.921, 103.629, 28.0294, -1, 45),
	(72, 500, 46, -188.478, 106.706, -5.38885, -1, 0),
	(72, 500, 47, -90.8548, 105.648, -5.5408, -1, 0),
	(72, 500, 48, 10.4727, 100.67, 16.5099, -1, 0),
	(72, 500, 49, 107.262, 98.8922, 58.0273, -1, 45),
	(72, 500, 50, 67.3998, 158.544, 6.95443, -1, 0),
	(72, 500, 51, 38.3761, 201.979, 27.056, -1, 0),
	(72, 500, 52, 26.794, 219.313, 45.7615, -1, 0),
	(72, 500, 53, -27.5069, 300.574, 30.5426, -1, 0),
	(72, 500, 54, -53.1067, 338.886, 36.3977, -1, 0),
	(72, 500, 55, -84.4575, 412.024, 18.7134, -1, 0),
	(72, 500, 56, -112.328, 477.039, 30.2264, -1, 0),
	(72, 500, 57, -123.306, 502.66, 42.2261, -1, 0),
	(72, 500, 58, -129.283, 520.767, 55.6074, -1, 0),
	(73, 500, 1, 796.597, 37.4705, 61.4621, -1, 45),
	(73, 500, 2, 756.974, 4.15093, 72.5418, -1, 0),
	(73, 500, 3, 634.948, -98.4492, 45.0074, -1, 0),
	(73, 500, 4, 599.739, -128.041, 19.4218, -1, 0),
	(73, 500, 5, 592.565, -134.071, 28.0186, -1, 0),
	(73, 500, 6, 573.486, -143.961, 40.2734, -1, 45),
	(73, 500, 7, 595.388, -163.366, 5.83647, -1, 0),
	(73, 500, 8, 614.266, -182.249, 0.358517, -1, 0),
	(73, 500, 9, 670.754, -238.747, 25.4546, -1, 0),
	(73, 500, 10, 718.189, -286.192, 8.36467, -1, 0),
	(73, 500, 11, 728.967, -296.972, 1.53664, -1, 0),
	(73, 500, 12, 768.891, -336.907, 39.9074, -1, 0),
	(73, 500, 13, 812.322, -380.345, 19.2298, -1, 0),
	(73, 500, 14, 917.668, -485.707, 5.31022, -1, 0),
	(73, 500, 15, 970.612, -538.652, 131.329, -1, 0),
	(73, 500, 16, 1023.34, -591.376, -0.686023, -1, 45),
	(73, 500, 17, 1010.96, -615.922, -1.18856, -1, 0),
	(73, 500, 18, 963.429, -710.203, -3.73281, -1, 0),
	(73, 500, 19, 926.96, -782.513, 5.05155, -1, 45),
	(73, 500, 20, 858.352, -756.062, 5.24314, -1, 0),
	(73, 500, 21, 787.255, -724.527, 22.2792, -1, 0),
	(73, 500, 22, 716.461, -693.131, 77.4213, -1, 0),
	(73, 500, 23, 644.049, -661.004, 16.3121, -1, 0),
	(73, 500, 24, 505.782, -599.663, 24.6433, -1, 0),
	(73, 500, 25, 438.175, -569.648, 59.0905, -1, 0),
	(73, 500, 26, 408.968, -556.675, 28.963, -1, 0),
	(73, 500, 27, 369.658, -539.227, 21.0646, -1, 0),
	(73, 500, 28, 277.733, -498.423, 79.985, -1, 0),
	(73, 500, 29, 231.521, -477.936, 97.6323, -1, 0),
	(73, 500, 30, 213.013, -469.732, 96.811, -1, 0),
	(73, 500, 31, 161.591, -446.93, 51.7507, -1, 45),
	(73, 500, 32, 154.273, -397.607, 67.5681, -1, 0),
	(73, 500, 33, 139.785, -300, 27.3945, -1, 0),
	(73, 500, 34, 124.347, -195.979, 77.3725, -1, 0),
	(73, 500, 35, 124.347, -195.979, 77.3725, -1, 0),
	(73, 500, 36, 122.655, -184.565, 76.2707, -1, 0),
	(73, 500, 37, 110.021, -99.3954, 6.74676, -1, 0),
	(73, 500, 38, 96.8338, -10.512, 0.390457, -1, 0),
	(73, 500, 39, -8.98444, -42.6077, 22.731, -1, 0),
	(73, 500, 40, -39.1612, -51.76, 27.9268, -1, 0),
	(73, 500, 41, -98.0747, -69.6277, 31.8829, -1, 0),
	(73, 500, 42, -188.175, -96.9535, 61.4544, -1, 45),
	(73, 500, 43, -151.518, -199.613, 126.085, -1, 0),
	(73, 500, 44, -134.696, -250.519, 98.6926, -1, 45),
	(73, 500, 45, -87.0345, -243.54, 123.616, -1, 0),
	(73, 500, 46, -36.3899, -247.268, 113.682, -1, 0),
	(73, 500, 47, 9.89673, -250.676, 112.774, -1, 0),
	(73, 500, 48, 61.3914, -254.466, 95.5725, -1, 0),
	(73, 500, 49, 225.073, -266.492, 4.32703, -1, 0),
	(73, 500, 50, 404.651, -129.132, 11.6927, -1, 0),
	(73, 500, 51, 556.192, -76.8327, 7.43293, -1, 0),
	(73, 500, 52, 700.974, -19.2498, 47.5519, -1, 0),
	(73, 500, 53, 799.628, 39.3421, 61.3867, -1, 0),
	(74, 500, 1, 971.635, 661.584, 60.1102, -1, 20),
	(74, 500, 2, 1008.25, 659.32, 59.7586, -1, 0),
	(74, 500, 3, 1062.49, 655.942, 44.9858, -1, 0),
	(74, 500, 4, 1158.17, 650.002, 43.2778, -1, 45),
	(74, 500, 5, 1204.86, 702.241, 51.806, -1, 0),
	(74, 500, 6, 1237.63, 729.154, 54.6609, -1, 0),
	(74, 500, 7, 1258.3, 743.818, 51.6229, -1, 0),
	(74, 500, 8, 1276.78, 758.992, 49.489, -1, 0),
	(74, 500, 9, 1305.5, 782.576, 47.7932, -1, 0),
	(74, 500, 10, 1365.88, 832.133, 76.5819, -1, 45),
	(74, 500, 11, 1362.58, 853.155, 84.5949, -1, 0),
	(74, 500, 12, 1358.58, 904.932, 116.968, -1, 0),
	(74, 500, 13, 1386.3, 1078.41, 128.015, -1, 0),
	(74, 500, 14, 1390.08, 1181.24, 117.996, -1, 0),
	(74, 500, 15, 1399.59, 1240.86, 115.493, -1, 45),
	(74, 500, 16, 1304.84, 1247.76, 58.3982, -1, 0),
	(74, 500, 17, 1111.67, 1261.7, 78.5268, -1, 0),
	(74, 500, 18, 908.255, 1269.68, 181.592, -1, 45),
	(74, 500, 19, 901.504, 1191.41, 184.997, -1, 0),
	(74, 500, 20, 892.945, 1085.32, 184.393, -1, 0),
	(74, 500, 21, 903.847, 996.776, 156.523, -1, 0),
	(74, 500, 22, 920.328, 897.053, 107.404, -1, 0),
	(74, 500, 23, 934.589, 800.67, 93.8876, -1, 0),
	(74, 500, 24, 944.123, 736.233, 100.326, -1, 0),
	(74, 500, 25, 936.072, 702.399, 100.277, -1, 0),
	(74, 500, 26, 914.806, 590.253, 42.1982, -1, 0),
	(74, 500, 27, 848.487, 502.503, -0.13826, -1, 45),
	(74, 500, 28, 814.232, 462.813, 1.98111, -1, 0),
	(74, 500, 29, 761.695, 401.947, 38.7169, -1, 0),
	(74, 500, 30, 702.796, 333.703, 6.1661, -1, 0),
	(74, 500, 31, 675.615, 302.206, 1.02504, -1, 0),
	(74, 500, 32, 592.923, 226.785, 38.2239, -1, 0),
	(74, 500, 33, 514.07, 172.71, -1.54029, -1, 0),
	(74, 500, 34, 442.723, 134.261, 19.7519, -1, 45),
	(74, 500, 35, 440.232, 201.425, 0.333781, -1, 0),
	(74, 500, 36, 439.066, 232.863, 11.6943, -1, 0),
	(74, 500, 37, 436.882, 291.807, 15.5287, -1, 0),
	(74, 500, 38, 431.918, 425.544, 26.886, -1, 0),
	(74, 500, 39, 393.64, 599.705, 83.577, -1, 0),
	(74, 500, 40, 360.788, 707.881, 169.755, -1, 45),
	(74, 500, 41, 248.397, 638.229, 111.373, -1, 0),
	(74, 500, 42, 179.925, 603.716, 84.0025, -1, 0),
	(74, 500, 43, 108.082, 555.162, 103.446, -1, 0),
	(74, 500, 44, 12.6918, 490.932, 89.138, -1, 0),
	(74, 500, 45, -87.5393, 460.535, 28.2496, -1, 0),
	(74, 500, 46, -252.456, 412.671, 20.2301, -1, 45),
	(74, 500, 47, -220.253, 315.13, 0.046052, -1, 0),
	(74, 500, 48, -194.345, 242.734, -2.12877, -1, 0),
	(74, 500, 49, -133.744, 73.3795, -4.85862, -1, 45),
	(74, 500, 50, 27.8797, 20.1644, 9.64777, -1, 0),
	(74, 500, 51, 69.7655, 3.41352, -3.62609, -1, 0),
	(74, 500, 52, 96.8943, -7.43575, -1.22627, -1, 0),
	(74, 500, 53, 242.414, -65.6319, 11.0926, -1, 0),
	(74, 500, 54, 328.884, -80.4001, 26.8725, -1, 45),
	(74, 500, 55, 426.371, -101.576, 12.2228, -1, 0),
	(74, 500, 56, 507.753, -127.362, -0.090374, -1, 0),
	(74, 500, 57, 557.36, -157.215, 8.64454, -1, 0),
	(74, 500, 58, 599.245, -174.567, 1.46933, -1, 0),
	(74, 500, 59, 610.957, -159.546, 7.15211, -1, 0),
	(74, 500, 60, 661.661, -94.528, 59.5593, -1, 0),
	(74, 500, 61, 710.379, 23.5703, 32.3089, -1, 0),
	(74, 500, 62, 728.428, 102.854, -6.78766, -1, 0),
	(74, 500, 63, 770.278, 200.594, 8.12062, -1, 0),
	(74, 500, 64, 787.4, 281.594, 62.7247, -1, 45),
	(74, 500, 65, 809.964, 333.608, 59.5025, -1, 0),
	(74, 500, 66, 855.163, 401.287, 16.2879, -1, 0),
	(74, 500, 67, 881.962, 473.502, 22.9308, -1, 0),
	(74, 500, 68, 892.085, 500.789, 16.3355, -1, 0),
	(74, 500, 69, 971.05, 661.582, 60.1062, -1, 25),
	(75, 500, 1, 1118.21, 476.739, 70.725, -1, 45),
	(75, 500, 2, 1110.29, 476.543, 77.879, -1, 0),
	(75, 500, 3, 1010.87, 474.065, 20.3404, -1, 0),
	(75, 500, 4, 880.065, 470.798, 22.942, -1, 0),
	(75, 500, 5, 811.282, 457.814, 2.77326, -1, 0),
	(75, 500, 6, 707.081, 441.03, 45.8096, -1, 0),
	(75, 500, 7, 610.486, 425.486, 56.3639, -1, 0),
	(75, 500, 8, 545.405, 415.015, 47.4925, -1, 45),
	(75, 500, 9, 529.281, 306.553, 44.184, -1, 0),
	(75, 500, 10, 522.587, 193.224, 5.53968, -1, 0),
	(75, 500, 11, 539.296, 71.4808, -9.14948, -1, 0),
	(75, 500, 12, 542.026, 15.6885, -3.31404, -1, 45),
	(75, 500, 13, 435.376, 24.8651, -2.63136, -1, 0),
	(75, 500, 14, 347.811, 22.2857, 3.71972, -1, 0),
	(75, 500, 15, 325.952, 39.8098, 4.84358, -1, 0),
	(75, 500, 16, 213.177, 40.6744, 10.6721, -1, 0),
	(75, 500, 17, 106.394, 3.94305, -5.5479, -1, 0),
	(75, 500, 18, -27.8243, -42.2272, 22.7971, -1, 0),
	(75, 500, 19, -91.0623, -63.9795, 26.8558, -1, 0),
	(75, 500, 20, -186.963, -96.9645, 61.3471, -1, 45),
	(75, 500, 21, -182.071, -196.208, 123.503, -1, 0),
	(75, 500, 22, -177.801, -290.087, 69.0097, -1, 0),
	(75, 500, 23, -184.23, -394.833, 97.286, -1, 0),
	(75, 500, 24, -186.191, -497.761, 103.646, -1, 0),
	(75, 500, 25, -186.191, -596.783, 43.546, -1, 45),
	(75, 500, 26, -111.962, -621.112, 86.8531, -1, 0),
	(75, 500, 27, 108.199, -696.698, 22.3133, -1, 0),
	(75, 500, 28, 186.302, -723.515, 3.76532, -1, 0),
	(75, 500, 29, 261.716, -749.407, 31.6589, -1, 0),
	(75, 500, 30, 308.802, -765.574, 27.4271, -1, 0),
	(75, 500, 31, 409.34, -800.092, 48.1333, -1, 0),
	(75, 500, 32, 493.823, -829.103, -17.1189, -1, 0),
	(75, 500, 33, 558.865, -851.434, 21.1351, -1, 45),
	(75, 500, 34, 612.935, -799.276, 31.2957, -1, 0),
	(75, 500, 35, 712.2, -697.5, 79.8811, -1, 0),
	(75, 500, 36, 770.947, -598.608, 20.2233, -1, 0),
	(75, 500, 37, 805.774, -543.541, 26.037, -1, 45),
	(75, 500, 38, 791.671, -517.935, 26.5725, -1, 0),
	(75, 500, 39, 780.947, -498.455, 53.1735, -1, 0),
	(75, 500, 40, 722.388, -392.122, 87.686, -1, 0),
	(75, 500, 41, 685.128, -324.507, 15.1969, -1, 0),
	(75, 500, 42, 671.617, -299.984, 2.09867, -1, 0),
	(75, 500, 43, 648.941, -258.799, 17.057, -1, 0),
	(75, 500, 44, 616.988, -200.783, -4.41531, -1, 0),
	(75, 500, 45, 530.344, -120.788, 5.72758, -1, 0),
	(75, 500, 46, 559.571, -96.3038, 15.5412, -1, 0),
	(75, 500, 47, 619.611, -53.994, 19.1, -1, 0),
	(75, 500, 48, 706.212, 7.03709, 38.6435, -1, 45),
	(75, 500, 49, 730.21, 104.099, -6.66395, -1, 0),
	(75, 500, 50, 744.114, 146.274, -1.94473, -1, 0),
	(75, 500, 51, 762.12, 200.891, 9.88701, -1, 0),
	(75, 500, 52, 788.523, 280.972, 64.1592, -1, 0),
	(75, 500, 53, 812.034, 352.267, 50.2285, -1, 0),
	(75, 500, 54, 828.54, 402.297, 20.5152, -1, 0),
	(75, 500, 55, 833.077, 429.004, 21.6104, -1, 45),
	(75, 500, 56, 1020.69, 567.189, 37.2783, -1, 0),
	(75, 500, 57, 1105.16, 611.041, 36.4168, -1, 0),
	(75, 500, 58, 1205.13, 605.496, 24.4888, -1, 0),
	(75, 500, 59, 1269.38, 642.841, 21.8451, -1, 45),
	(75, 500, 60, 1294.73, 580.668, 18.4976, -1, 0),
	(75, 500, 61, 1311.51, 540.038, 36.7732, -1, 0),
	(75, 500, 62, 1281.93, 419.223, 66.1436, -1, 0),
	(75, 500, 63, 1233.83, 424.898, 82.3544, -1, 45),
	(75, 500, 64, 1143.42, 432.647, 35.2855, -1, 0),
	(75, 500, 65, 1116.75, 478.035, 72.6135, -1, 0),
	(76, 500, 1, 1368.63, 304.948, 41.0081, -1, 35),
	(76, 500, 2, 1310.42, 272.947, 55.5133, -1, 0),
	(76, 500, 3, 1244.91, 236.913, 42.9612, -1, 0),
	(76, 500, 4, 1087.92, 180.78, 32.3522, -1, 0),
	(76, 500, 5, 947.339, 137.334, 10.1417, -1, 0),
	(76, 500, 6, 913.003, 127.38, 10.0556, -1, 0),
	(76, 500, 7, 827.789, 102.672, -0.331167, -1, 0),
	(76, 500, 8, 776.303, 87.7456, 2.99036, -1, 45),
	(76, 500, 9, 767.6, 60.3354, 16.565, -1, 0),
	(76, 500, 10, 748.868, 1.30403, 69.62, -1, 0),
	(76, 500, 11, 727.075, -84.0173, 93.3248, -1, 0),
	(76, 500, 12, 712.621, -124.367, 77.4897, -1, 0),
	(76, 500, 13, 686.289, -197.827, 29.4141, -1, 0),
	(76, 500, 14, 672.966, -234.997, 26.5011, -1, 0),
	(76, 500, 15, 650.414, -297.905, 1.45816, -1, 0),
	(76, 500, 16, 614.638, -397.641, 56.5122, -1, 0),
	(76, 500, 17, 578.679, -497.988, 98.7946, -1, 0),
	(76, 500, 18, 543.082, -597.265, 22.3679, -1, 45),
	(76, 500, 19, 410.574, -640.935, 38.8099, -1, 0),
	(76, 500, 20, 238.472, -697.684, 8.98752, -1, 0),
	(76, 500, 21, 210.708, -706.836, 7.80739, -1, 0),
	(76, 500, 22, 109.477, -740.188, 12.6548, -1, 45),
	(76, 500, 23, 129.926, -696.909, 19.1961, -1, 0),
	(76, 500, 24, 177.306, -596.641, 96.9594, -1, 0),
	(76, 500, 25, 223.12, -499.718, 112.476, -1, 0),
	(76, 500, 26, 250.098, -397.424, 26.3634, -1, 0),
	(76, 500, 27, 263.664, -345.91, 14.0058, -1, 0),
	(76, 500, 28, 276.578, -296.866, -5.8775, -1, 0),
	(76, 500, 29, 300.669, -205.381, 6.99464, -1, 0),
	(76, 500, 30, 328.784, -98.6056, 29.0219, -1, 45),
	(76, 500, 31, 311.463, -95.6015, 31.6044, -1, 0),
	(76, 500, 32, 274.115, -89.1217, 42.1005, -1, 0),
	(76, 500, 33, 255.445, -85.8838, 20.1502, -1, 0),
	(76, 500, 34, 111.114, -60.8347, 0.610947, -1, 0),
	(76, 500, 35, 51.3578, -50.466, 24.0558, -1, 45),
	(76, 500, 36, 11.91, -95.0722, 49.7731, -1, 0),
	(76, 500, 37, -82.0382, -201.307, 130.091, -1, 45),
	(76, 500, 38, -89.8852, -210.182, 129.418, -1, 0),
	(76, 500, 39, -157.263, -296.43, 78.7197, -1, 0),
	(76, 500, 40, -229.947, -399.62, 84.8639, -1, 0),
	(76, 500, 41, -253.051, -462.479, 62.0769, -1, 0),
	(76, 500, 42, -255.955, -499.308, 62.1857, -1, 0),
	(76, 500, 43, -290.743, -591.621, 1.66255, -1, 45),
	(76, 500, 44, -337.467, -544.834, 39.3089, -1, 0),
	(76, 500, 45, -384.737, -497.52, 5.23523, -1, 0),
	(76, 500, 46, -438.382, -443.839, 12.4938, -1, 0),
	(76, 500, 47, -483.987, -398.202, 8.6979, -1, 0),
	(76, 500, 48, -520.782, -361.349, 21.8988, -1, 0),
	(76, 500, 49, -519.294, -300.272, 45.515, -1, 45),
	(76, 500, 50, -520.393, -221.016, 21.681, -1, 0),
	(76, 500, 51, -490.603, -149.132, 28.4298, -1, 0),
	(76, 500, 52, -470.842, -101.439, 21.1385, -1, 0),
	(76, 500, 53, -454.265, -61.4319, 29.592, -1, 0),
	(76, 500, 54, -469.819, 119.863, 96.6933, -1, 0),
	(76, 500, 55, -476.798, 201.135, 97.3075, -1, 45),
	(76, 500, 56, -359.876, 231.936, 66.5079, -1, 0),
	(76, 500, 57, -289.757, 250.403, 15.9254, -1, 0),
	(76, 500, 58, -223.152, 267.945, 9.18178, -1, 0),
	(76, 500, 59, -184.629, 278.084, -2.60975, -1, 0),
	(76, 500, 60, -91.169, 299.562, 1.88784, -1, 0),
	(76, 500, 61, 113.418, 358.845, 118.078, -1, 0),
	(76, 500, 62, 208.974, 386.53, 94.8362, -1, 0),
	(76, 500, 63, 315.765, 417.17, 24.7827, -1, 0),
	(76, 500, 64, 454.457, 448.27, 32.7851, -1, 0),
	(76, 500, 65, 510.843, 460.923, 45.6877, -1, 0),
	(76, 500, 66, 599.384, 496.146, 41.9337, -1, 45),
	(76, 500, 67, 682.927, 375.774, 52.7917, -1, 0),
	(76, 500, 68, 735.932, 330.008, -10.5009, -1, 0),
	(76, 500, 69, 791.927, 281.665, 65.5506, -1, 0),
	(76, 500, 70, 845.68, 235.242, 2.35249, -1, 0),
	(76, 500, 71, 952.154, 143.327, 9.71476, -1, 45),
	(76, 500, 72, 1146.6, 237.659, 36.8441, -1, 0),
	(76, 500, 73, 1311.14, 274.952, 55.2929, -1, 0),
	(76, 500, 74, 1371.73, 306.343, 40.0974, -1, 10),
	(77, 500, 1, -214.113, -1028.16, 95.3874, -1, 20),
	(77, 500, 2, -227.615, -936.993, 22.6323, -1, 0),
	(77, 500, 3, -233.424, -897.775, 61.0847, -1, 0),
	(77, 500, 4, -187.122, -822.893, 6.44649, -1, 0),
	(77, 500, 5, -216.353, -744.222, -2.73727, -1, 0),
	(77, 500, 6, -274.974, -686.284, -0.287147, -1, 0),
	(77, 500, 7, -389.051, -619.681, 28.613, -1, 0),
	(77, 500, 8, -427.089, -597.503, 39.7527, -1, 0),
	(77, 500, 9, -569.138, -570.502, 37.4385, -1, 45),
	(77, 500, 10, -607.227, -491.502, 5.39559, -1, 0),
	(77, 500, 11, -659.223, -403.277, 7.56209, -1, 0),
	(77, 500, 12, -687.274, -356.442, 21.7673, -1, 0),
	(77, 500, 13, -722.57, -297.514, 26.9183, -1, 0),
	(77, 500, 14, -782.137, -198.072, 0.809185, -1, 0),
	(77, 500, 15, -819.868, -127.241, 16.7312, -1, 0),
	(77, 500, 16, -814.628, -96.6379, 4.41521, -1, 0),
	(77, 500, 17, -814.628, -53.1966, 9.85812, -1, 45),
	(77, 500, 18, -689.089, 6.16318, 42.1597, -1, 0),
	(77, 500, 19, -509.288, 82.4604, 79.0154, -1, 0),
	(77, 500, 20, -488.8, 87.5852, 92.3485, -1, 0),
	(77, 500, 21, -429.521, 36.0508, 50.9764, -1, 0),
	(77, 500, 22, -409.563, 28.7864, 57.8833, -1, 45),
	(77, 500, 23, -393.529, 15.3045, 25.1749, -1, 0),
	(77, 500, 24, -310.829, -16.4657, -1.62984, -1, 0),
	(77, 500, 25, -289.669, -57.4284, 32.9165, -1, 0),
	(77, 500, 26, -264.109, -103.941, 58.7614, -1, 0),
	(77, 500, 27, -257.299, -156.756, 100.527, -1, 0),
	(77, 500, 28, -220.702, -200.382, 125.665, -1, 45),
	(77, 500, 29, -209.352, -215.686, 125.006, -1, 0),
	(77, 500, 30, -183.375, -250.707, 91.6629, -1, 0),
	(77, 500, 31, -167.418, -272.212, 79.4683, -1, 0),
	(77, 500, 32, -153.729, -296.78, 80.5215, -1, 0),
	(77, 500, 33, -131.708, -341.894, 106.708, -1, 0),
	(77, 500, 34, -114.526, -363.03, 108.156, -1, 45),
	(77, 500, 35, -50.5821, -454.88, 109.696, -1, 0),
	(77, 500, 36, -8.50328, -511.611, 8.4088, -1, 0),
	(77, 500, 37, 26.0628, -584.681, 118.029, -1, 0),
	(77, 500, 38, 32.3264, -597.929, 124.921, -1, 0),
	(77, 500, 39, 68.5555, -656.201, 54.6387, -1, 45),
	(77, 500, 40, 26.8335, -698.945, 5.30213, -1, 0),
	(77, 500, 41, -60.9677, -799.795, 13.1123, -1, 0),
	(77, 500, 42, -127.824, -896.424, 18.2288, -1, 0),
	(77, 500, 43, -189.142, -990.655, 100.12, -1, 0),
	(77, 500, 44, -214.906, -1028.39, 95.491, -1, 25),
	(78, 500, 1, 1324.95, -1184.34, 18.7906, -1, 0),
	(78, 500, 2, 1305, -1118.77, 4.7825, -1, 0),
	(78, 500, 3, 1277.82, -1029.46, -9.28256, -1, 0),
	(78, 500, 4, 1268.09, -997.489, -0.828564, -1, 0),
	(78, 500, 5, 1258.85, -967.126, 13.3645, -1, 45),
	(78, 500, 6, 1137.4, -970.064, 41.4796, -1, 0),
	(78, 500, 7, 1038.02, -972.471, 13.171, -1, 0),
	(78, 500, 8, 934.254, -974.978, 127.096, -1, 0),
	(78, 500, 9, 835.916, -977.363, 91.2839, -1, 45),
	(78, 500, 10, 821.771, -895.955, 132.542, -1, 0),
	(78, 500, 11, 804.552, -796.878, 8.56464, -1, 0),
	(78, 500, 12, 796.326, -730.471, 20.7982, -1, 45),
	(78, 500, 13, 775.729, -735.992, 20.7345, -1, 0),
	(78, 500, 14, 655.732, -754.389, 52.751, -1, 0),
	(78, 500, 15, 514.478, -861.727, -1.32579, -1, 0),
	(78, 500, 16, 435.297, -921.924, 10.1184, -1, 45),
	(78, 500, 17, 558.523, -965.91, 19.6008, -1, 0),
	(78, 500, 18, 608.18, -972.02, 36.5526, -1, 0),
	(78, 500, 19, 721.326, -985.928, 125.182, -1, 45),
	(78, 500, 20, 810.225, -1021.46, 74.5446, -1, 0),
	(78, 500, 21, 865.309, -1043.43, 73.9506, -1, 0),
	(78, 500, 22, 910.607, -1061.51, 132.923, -1, 0),
	(78, 500, 23, 997.58, -1096.22, 20.208, -1, 0),
	(78, 500, 24, 1010.64, -1099.31, 20.972, -1, 45),
	(78, 500, 25, 1021.95, -1101.96, 0.973839, -1, 0),
	(78, 500, 26, 1085.49, -1116.98, 1.63557, -1, 0),
	(78, 500, 27, 1167.16, -1140.66, 45.0748, -1, 0),
	(78, 500, 28, 1211.5, -1157.82, -7.58362, -1, 0),
	(78, 500, 29, 1278.43, -1217.14, 5.6053, -1, 0),
	(78, 500, 30, 1325.99, -1185.42, 17.5875, -1, 45),
	(79, 500, 1, 1175, -267, 89.0823, -1, 23),
	(79, 500, 2, 1113.42, -273.055, 88.7241, -1, 0),
	(79, 500, 3, 1027.47, -281.5, 10.5953, -1, 0),
	(79, 500, 4, 1010.9, -283.122, 17.6086, -1, 0),
	(79, 500, 5, 975.566, -300.901, 2.39847, -1, 0),
	(79, 500, 6, 907.823, -334.99, -4.02609, -1, 0),
	(79, 500, 7, 812.073, -356.545, 14.6155, -1, 0),
	(79, 500, 8, 723.211, -376.483, 76.9563, -1, 45),
	(79, 500, 9, 689.927, -323.945, 16.6747, -1, 0),
	(79, 500, 10, 673.927, -298.681, 1.36301, -1, 0),
	(79, 500, 11, 649.752, -260.507, 16.8354, -1, 0),
	(79, 500, 12, 607.646, -213.989, -6.19676, -1, 0),
	(79, 500, 13, 591.455, -196.133, -6.77066, -1, 0),
	(79, 500, 14, 554.283, -155.134, 9.42696, -1, 0),
	(79, 500, 15, 507.293, -103.31, 2.03291, -1, 0),
	(79, 500, 16, 412.292, 1.48412, 1.29928, -1, 45),
	(79, 500, 17, 331.542, -96.8958, 28.5762, -1, 0),
	(79, 500, 18, 215.671, -296.818, -1.94504, -1, 0),
	(79, 500, 19, 148.148, -400.58, 70.139, -1, 45),
	(79, 500, 20, 122.132, -380.273, 76.3175, -1, 0),
	(79, 500, 21, 72.2223, -341.318, 68.6487, -1, 0),
	(79, 500, 22, 8.68125, -291.722, 112.553, -1, 0),
	(79, 500, 23, -40.3046, -253.488, 113.722, -1, 0),
	(79, 500, 24, -89.9461, -214.743, 128.593, -1, 0),
	(79, 500, 25, -113.884, -196.061, 128.712, -1, 0),
	(79, 500, 26, -180.513, -144.055, 90.0685, -1, 45),
	(79, 500, 27, -226.699, -32.1833, 16.2032, -1, 0),
	(79, 500, 28, -241.92, 3.33894, 2.48612, -1, 0),
	(79, 500, 29, -260.964, 29.2307, 3.54773, -1, 45),
	(79, 500, 30, -90.7935, 128.83, -4.181, -1, 0),
	(79, 500, 31, 15.8932, 202.016, 35.7929, -1, 0),
	(79, 500, 32, 184.663, 276.428, 38.4871, -1, 0),
	(79, 500, 33, 211.188, 287.032, 48.6348, -1, 0),
	(79, 500, 34, 305.207, 324.614, 13.4264, -1, 0),
	(79, 500, 35, 408.091, 365.739, 15.8409, -1, 45),
	(79, 500, 36, 498.074, 286.597, 35.9984, -1, 0),
	(79, 500, 37, 551.364, 242.846, 20.7818, -1, 0),
	(79, 500, 38, 606.717, 197.399, 42.5709, -1, 0),
	(79, 500, 39, 673.028, 135.852, 1.92153, -1, 0),
	(79, 500, 40, 685.514, 80.7733, -7.27181, -1, 0),
	(79, 500, 41, 731.313, 23.8344, 33.4004, -1, 0),
	(79, 500, 42, 788.871, -29.6462, 104.734, -1, 0),
	(79, 500, 43, 836.19, -67.5239, 99.1347, -1, 45),
	(79, 500, 44, 858.625, -85.4877, 51.195, -1, 0),
	(79, 500, 45, 868.238, -93.1822, 55.3291, -1, 0),
	(79, 500, 46, 896.205, -116.837, -9.01522, -1, 0),
	(79, 500, 47, 1013.83, -197.604, 74.6268, -1, 0),
	(79, 500, 48, 1077.64, -223.124, 24.5887, -1, 0),
	(79, 500, 49, 1175.29, -266.873, 88.9984, -1, 22),
	(80, 500, 1, 545, 990, 54, -1, 0),
	(80, 500, 2, 528, 977, 54, -1, 45),
	(80, 500, 3, 574, 1021, 70, -1, 0),
	(80, 500, 4, 604, 1101, 100, -1, 0),
	(80, 500, 5, 597, 1194, 137, -1, 0),
	(80, 500, 6, 573, 1270, 163, -1, 0),
	(80, 500, 7, 493, 1289, 165, -1, 0),
	(80, 500, 8, 581, 1264, 163, -1, 0),
	(80, 500, 9, 609, 1108, 103, -1, 0),
	(80, 500, 10, 577, 1027, 73, -1, 0),
	(80, 500, 11, 561, 1005, 61, -1, 0),
	(80, 500, 12, 522, 973, 54, -1, 45),
	(80, 500, 13, 531, 957, 55, -1, 0),
	(80, 500, 14, 535, 927, 54, -1, 45),
	(80, 500, 15, 529, 982, 54, -1, 0),
	(80, 500, 16, 530, 981, 54, -1, 0),
	(80, 500, 17, 577, 1029, 73, -1, 0),
	(80, 500, 18, 599, 1084, 93, -1, 0),
	(80, 500, 19, 601, 1144, 117, -1, 0),
	(80, 500, 20, 576, 1258, 163, -1, 0),
	(80, 500, 21, 491, 1289, 165, -1, 0),
	(80, 500, 22, 286, 1287, 149, -1, 45),
	(80, 500, 23, 496, 1291, 165, -1, 0),
	(80, 500, 24, 583, 1264, 163, -1, 0),
	(80, 500, 25, 591, 1203, 141, -1, 0),
	(80, 500, 26, 604, 1138, 115, -1, 0),
	(80, 500, 27, 600, 1089, 95, -1, 0),
	(80, 500, 28, 571, 1015, 67, -1, 0),
	(80, 500, 29, 524, 975, 54, -1, 0),
	(81, 500, 1, 287, 1287, 149, -1, 45),
	(81, 500, 2, 284, 1333, 148, -1, 45),
	(81, 500, 3, 285, 1289, 148, -1, 0),
	(81, 500, 4, 495, 1289, 165, -1, 0),
	(81, 500, 5, 582, 1262, 163, -1, 0),
	(81, 500, 6, 607, 1110, 104, -1, 0),
	(81, 500, 7, 578, 1027, 73, -1, 0),
	(81, 500, 8, 524, 975, 54, -1, 45),
	(81, 500, 9, 575, 1027, 72, -1, 0),
	(81, 500, 10, 602, 1099, 99, -1, 0),
	(81, 500, 11, 598, 1170, 128, -1, 0),
	(81, 500, 12, 573, 1262, 163, -1, 45),
	(81, 500, 13, 495, 1290, 165, -1, 0),
	(81, 500, 14, 290, 1288, 149, -1, 45),
	(81, 500, 15, 412, 1292, 159, -1, 45),
	(81, 500, 16, 495, 1292, 165, -1, 0),
	(81, 500, 17, 577, 1261, 163, -1, 0),
	(81, 500, 18, 604, 1149, 119, -1, 45),
	(81, 500, 19, 577, 1262, 163, -1, 0),
	(81, 500, 20, 489, 1290, 165, -1, 0),
	(81, 500, 21, 290, 1288, 149, -1, 0),
	(82, 500, 1, -204, -2090, -16, -1, 0),
	(82, 500, 2, 142, -1858, -16, -1, 0),
	(82, 500, 3, 190, -1475, -7, -1, 0),
	(82, 500, 4, 165, -1166, 6, -1, 0),
	(82, 500, 5, 160, -1092, -2, -1, 0),
	(82, 500, 6, 104, -701, 20, -1, 0),
	(82, 500, 7, 72, -598, 121, -1, 0),
	(82, 500, 8, -2, -510, 1, -1, 0),
	(82, 500, 9, -8, -496, 9, -1, 0),
	(82, 500, 10, -41, -446, 109, -1, 0),
	(82, 500, 11, -95, -414, 110, 500, 300),
	(82, 500, 12, -95, -367, 110, -1, 0),
	(82, 500, 13, -189, -458, 100, -1, 0),
	(82, 500, 14, -225, -495, 81, -1, 0),
	(82, 500, 15, -293, -590, 3, -1, 0),
	(82, 500, 16, -422, -700, 1, -1, 0),
	(82, 500, 17, -698, -926, 0, -1, 0),
	(82, 500, 18, -598, -1001, 5, -1, 0),
	(82, 500, 19, -489, -1096, -5, -1, 0),
	(82, 500, 20, -442, -1155, 20, -1, 0),
	(82, 500, 21, -363, -1201, 1, -1, 0),
	(82, 500, 22, -259, -1270, 7, -1, 0),
	(82, 500, 23, -35, -1336, -6, -1, 0),
	(82, 500, 24, 71, -1298, -6, -1, 0),
	(82, 500, 25, 182, -1490, -7, -1, 0),
	(82, 500, 26, 170, -1596, -2, -1, 0),
	(82, 500, 27, 156, -1855, -16, -1, 0),
	(82, 500, 28, -109, -2021, -16, -1, 0),
	(82, 500, 29, -166, -2056, -16, -1, 0),
	(83, 500, 1, 434, -467, 36.237, -1, 45),
	(83, 500, 2, 512.017, -497.071, 117.898, -1, 0),
	(83, 500, 3, 607.787, -496.813, 90.0359, -1, 0),
	(83, 500, 4, 709.096, -498.037, 109.202, -1, 0),
	(83, 500, 5, 811.797, -499.268, 29.165, -1, 0),
	(83, 500, 6, 903.311, -481.573, 6.19315, -1, 45),
	(83, 500, 7, 811.637, -537.291, 26.7195, -1, 0),
	(83, 500, 8, 716.586, -598.785, 15.9555, -1, 0),
	(83, 500, 9, 695.645, -610.971, 15.1903, -1, 0),
	(83, 500, 10, 550.275, -695.564, 22.691, -1, 0),
	(83, 500, 11, 514.75, -703.17, 23.0588, -1, 0),
	(83, 500, 12, 415.545, -670.071, 39.5515, -1, 0),
	(83, 500, 13, 382.265, -684.852, 34.8823, -1, 0),
	(83, 500, 14, 198.094, -715.91, 6.21136, -1, 0),
	(83, 500, 15, 94.6303, -717.398, 19.8501, -1, 0),
	(83, 500, 16, -0.775673, -717.398, 4.31559, -1, 0),
	(83, 500, 17, -88.0546, -717.398, 9.67151, -1, 0),
	(83, 500, 18, -191.924, -717.398, -6.87658, -1, 45),
	(83, 500, 19, -199.511, -700.81, -7.04571, -1, 0),
	(83, 500, 20, -228.671, -637.098, 22.7848, -1, 0),
	(83, 500, 21, -246.767, -597.548, 16.7317, -1, 0),
	(83, 500, 22, -268.062, -551.004, 31.8251, -1, 0),
	(83, 500, 23, -289.25, -528.16, 29.3073, -1, 0),
	(83, 500, 24, -303.045, -510.908, 41.5022, -1, 45),
	(83, 500, 25, -298.727, -498.367, 39.0139, -1, 0),
	(83, 500, 26, -264.284, -398.281, 75.8283, -1, 0),
	(83, 500, 27, -252.797, -364.899, 67.6078, -1, 0),
	(83, 500, 28, -197.961, -205.52, 124.551, -1, 45),
	(83, 500, 29, -91.6366, -198.454, 131.49, -1, 0),
	(83, 500, 30, 99.5555, -194.881, 86.2166, -1, 0),
	(83, 500, 31, 184.687, -246.541, 23.0649, -1, 0),
	(83, 500, 32, 221.059, -266.556, 5.08396, -1, 0),
	(83, 500, 33, 274.377, -295.897, -5.58623, -1, 0),
	(83, 500, 34, 312.796, -317.041, -5.23095, -1, 0),
	(83, 500, 35, 407.406, -431.99, 17.9524, -1, 0),
	(83, 500, 36, 435.007, -466.275, 37.047, -1, 0),
	(84, 500, 1, -557.055, 1241.21, 69.3059, -1, 15),
	(84, 500, 2, -576.292, 1191.21, 72.3366, -1, 0),
	(84, 500, 3, -625.427, 1098.44, 53.2426, -1, 0),
	(84, 500, 4, -657.848, 1033.9, 57.5208, -1, 0),
	(84, 500, 5, -688.267, 902.597, 66.5474, -1, 0),
	(84, 500, 6, -677.757, 801.64, 35.7592, -1, 0),
	(84, 500, 7, -670.753, 705.707, 35.6989, -1, 0),
	(84, 500, 8, -707.787, 591.505, 6.1501, -1, 45),
	(84, 500, 9, -732.652, 509.4, -1.0084, -1, 0),
	(84, 500, 10, -788.983, 402.988, 23.6642, -1, 0),
	(84, 500, 11, -813.747, 279.627, 28.4267, -1, 0),
	(84, 500, 12, -824.899, 204.164, 58.5676, -1, 0),
	(84, 500, 13, -842.509, 103.02, 55.5935, -1, 0),
	(84, 500, 14, -828.649, 61.9757, 54.8736, -1, 0),
	(84, 500, 15, -812.262, 1.35503, 12.2803, -1, 0),
	(84, 500, 16, -806.553, -18.3008, 13.3549, -1, 0),
	(84, 500, 17, -770.015, -179.482, -5.49676, -1, 0),
	(84, 500, 18, -766.223, -197.366, 3.99779, -1, 0),
	(84, 500, 19, -730.466, -296.926, 24.3231, -1, 0),
	(84, 500, 20, -714.91, -316.349, 20.3629, -1, 0),
	(84, 500, 21, -689.051, -348.639, 24.103, -1, 0),
	(84, 500, 22, -652.677, -394.057, 7.15711, -1, 0),
	(84, 500, 23, -585.559, -435.581, -0.525316, -1, 0),
	(84, 500, 24, -546.963, -458.058, 4.2044, -1, 0),
	(84, 500, 25, -478.805, -497.746, -3.19815, -1, 0),
	(84, 500, 26, -437.004, -598.468, 40.4612, -1, 0),
	(84, 500, 27, -585.172, -750.52, 17.5807, -1, 0),
	(84, 500, 28, -657.121, -845.878, 4.16627, -1, 45),
	(84, 500, 29, -494.233, -772.858, 6.55872, -1, 0),
	(84, 500, 30, -395.932, -696.866, 0.160483, -1, 0),
	(84, 500, 31, -291.129, -651.233, -3.81708, -1, 0),
	(84, 500, 32, -265.068, -672.07, 5.61863, -1, 0),
	(84, 500, 33, -200.024, -696.882, -6.94781, -1, 0),
	(84, 500, 34, -84.6667, -746.245, 10.4357, -1, 0),
	(84, 500, 35, 87.8506, -719.568, 19.9093, -1, 0),
	(84, 500, 36, 188.737, -719.55, 3.61225, -1, 0),
	(84, 500, 37, 258.71, -697.72, 12.28, -1, 0),
	(84, 500, 38, 407.711, -656.429, 38.8713, -1, 0),
	(84, 500, 39, 408.389, -599.215, 36.6689, -1, 45),
	(84, 500, 40, 406.949, -506.436, 19.2464, -1, 0),
	(84, 500, 41, 409.2, -396.544, 15.0908, -1, 0),
	(84, 500, 42, 504.858, -290.195, -2.15305, -1, 0),
	(84, 500, 43, 593.145, -195.061, -6.37576, -1, 0),
	(84, 500, 44, 641.845, -98.2385, 49.1901, -1, 0),
	(84, 500, 45, 717.412, 3.24926, 46.7178, -1, 0),
	(84, 500, 46, 800.922, 102.548, -3.14916, -1, 0),
	(84, 500, 47, 889.183, 231.172, 5.43572, -1, 45),
	(84, 500, 48, 951.048, 397.073, 6.92695, -1, 0),
	(84, 500, 49, 951.048, 397.073, 6.92695, -1, 0),
	(84, 500, 50, 1037.41, 621.081, 44.2406, -1, 0),
	(84, 500, 51, 981.005, 767.109, 89.1578, -1, 0),
	(84, 500, 52, 945.129, 789.799, 93.4745, -1, 45),
	(84, 500, 53, 913.844, 768.332, 101.401, -1, 0),
	(84, 500, 54, 816, 701.185, 100.184, -1, 0),
	(84, 500, 55, 610.371, 601.441, 114.507, -1, 0),
	(84, 500, 56, 510.753, 592.443, 84.8548, -1, 0),
	(84, 500, 57, 310.153, 589.863, 78.9105, -1, 0),
	(84, 500, 58, 295.046, 589.67, 84.2682, -1, 0),
	(84, 500, 59, 113.028, 586.006, 89.3588, -1, 0),
	(84, 500, 60, 34.7372, 579.249, 78.867, -1, 45),
	(84, 500, 61, 12.4324, 563.532, 79.3535, -1, 0),
	(84, 500, 62, -86.2677, 493.988, 36.5307, -1, 0),
	(84, 500, 63, -304.843, 335.31, 7.81402, -1, 0),
	(84, 500, 64, -430.422, 360.963, 27.6937, -1, 0),
	(84, 500, 65, -493.494, 360.167, 14.5279, -1, 0),
	(84, 500, 66, -587.207, 375.018, 15.6978, -1, 0),
	(84, 500, 67, -621.313, 487.523, 2.6457, -1, 0),
	(84, 500, 68, -639.769, 600.886, 10.7154, -1, 0),
	(84, 500, 69, -646.001, 646.845, 34.6221, -1, 0),
	(84, 500, 70, -653.748, 704.135, 42.7359, -1, 0),
	(84, 500, 71, -666.22, 796.338, 38.591, -1, 0),
	(84, 500, 72, -680.313, 900.577, 68.3453, -1, 0),
	(84, 500, 73, -608.33, 1100.98, 59.7664, -1, 0),
	(84, 500, 74, -557.063, 1240.19, 69.416, -1, 0),
	(85, 500, 1, -817, -1370, -4, -1, 45),
	(85, 500, 2, -760, -1095, -5, -1, 0),
	(85, 500, 3, -308, -639, -3, -1, 45),
	(85, 500, 4, -784, -190, -2, -1, 45);


# id is just auto incremented
INSERT INTO `ground_spawns` (`id`, `zoneid`, `version`, `max_x`, `max_y`, `max_z`, `min_x`, `min_y`, `heading`, `name`, `item`, `max_allowed`, `comment`, `respawn_timer`)
VALUES
	(1738, 500, 0, -3, 326, -90, -3, 326, 0, 'IT', 54431, 1, 'Default comment', 300000),
	(1739, 500, 0, -478, 1459, -89, -478, 1459, 0, 'IT', 54432, 1, 'Default comment', 300000),
	(1740, 500, 0, 902, 1522, -68, 902, 1522, 0, 'IT', 54433, 1, 'Default comment', 300000),
	(1741, 500, 0, -677, 2510, -86, -677, 2510, 0, 'IT', 54434, 1, 'Default comment', 300000);

#need to uniqify loottable_id links
INSERT INTO `npc_types` (`id`, `name`, `lastname`, `level`, `race`, `class`, `bodytype`, `hp`, `mana`, `gender`, `texture`, `helmtexture`, `herosforgemodel`, `size`, `hp_regen_rate`, `mana_regen_rate`, `loottable_id`, `merchant_id`, `alt_currency_id`, `npc_spells_id`, `npc_spells_effects_id`, `npc_faction_id`, `adventure_template_id`, `trap_template`, `mindmg`, `maxdmg`, `attack_count`, `npcspecialattks`, `special_abilities`, `assistradius`, `face`, `luclin_hairstyle`, `luclin_haircolor`, `luclin_eyecolor`, `luclin_eyecolor2`, `luclin_beardcolor`, `luclin_beard`, `drakkin_heritage`, `drakkin_tattoo`, `drakkin_details`, `armortint_id`, `armortint_red`, `armortint_green`, `armortint_blue`, `d_melee_texture1`, `d_melee_texture2`, `ammo_idfile`, `prim_melee_type`, `sec_melee_type`, `ranged_type`, `runspeed`, `MR`, `CR`, `DR`, `FR`, `PR`, `Corrup`, `PhR`, `see_invis`, `see_invis_undead`, `qglobal`, `AC`, `npc_aggro`, `spawn_limit`, `attack_speed`, `attack_delay`, `findable`, `STR`, `STA`, `DEX`, `AGI`, `_INT`, `WIS`, `CHA`, `see_hide`, `see_improved_hide`, `trackable`, `isbot`, `exclude`, `ATK`, `Accuracy`, `Avoidance`, `slow_mitigation`, `version`, `maxlevel`, `scalerate`, `private_corpse`, `unique_spawn_by_name`, `underwater`, `isquest`, `emoteid`, `spellscale`, `healscale`, `no_target_hotkey`, `raid_target`, `armtexture`, `bracertexture`, `handtexture`, `legtexture`, `feettexture`, `light`, `walkspeed`, `peqid`, `unique_`, `fixed`, `ignore_despawn`, `show_name`, `untargetable`)
VALUES
	(500000, 'a_fire_imp', '', 11, 46, 1, 24, 280, 0, 2, 0, 0, 0, 3, 8, 0, 110287, 0, 0, 1082, 0, 362, 0, 0, 1, 24, -1, '', '10,1^23,1^10,1', 0, 0, 255, 255, 255, 255, 255, 255, 0, 0, 0, 0, 0, 0, 0, 0, 0, 'IT10', 28, 28, 7, 1.325, 25, 25, 25, 25, 25, 5, 0, 0, 1, 0, 37, 0, 0, 0, 30, 0, 38, 38, 38, 38, 38, 38, 38, 0, 0, 1, 0, 1, 0, 0, 0, 0, 0, 13, 0, 0, 0, 0, 0, 0, 100, 100, 0, 0, 0, 0, 0, 0, 0, 0, 1, 0, 0, 0, 0, 1, 0),
	(500001, 'a_warbone_monk', '', 18, 60, 7, 3, 497, 0, 2, 4, 0, 0, 6, 15, 0, 110288, 0, 0, 0, 0, 79, 0, 0, 2, 37, -1, '', '10,1^21,1', 0, 0, 255, 255, 255, 255, 255, 255, 0, 0, 0, 0, 0, 0, 0, 0, 0, 'IT10', 28, 28, 7, 1.325, 25, 25, 25, 25, 25, 7, 9, 1, 0, 0, 78, 0, 0, 0, 30, 0, 60, 60, 60, 60, 60, 60, 60, 0, 0, 1, 0, 1, 0, 0, 0, 0, 0, 20, 0, 0, 0, 0, 0, 0, 100, 100, 0, 0, 0, 0, 0, 0, 0, 0, 1, 0, 0, 0, 0, 1, 0),
	(500002, 'goblin_warrior', '', 9, 40, 1, 1, 220, 0, 2, 1, 0, 0, 6, 7, 0, 110289, 0, 0, 0, 0, 244, 0, 0, 1, 20, -1, '', '10,1', 0, 0, 255, 255, 255, 255, 255, 255, 0, 0, 0, 0, 0, 0, 0, 0, 0, 'IT10', 28, 28, 7, 1.325, 15, 15, 15, 15, 15, 0, 10, 0, 1, 0, 31, 0, 0, 0, 30, 0, 32, 32, 32, 32, 32, 32, 32, 0, 0, 1, 0, 1, 0, 0, 0, 0, 0, 11, 0, 0, 0, 0, 0, 0, 100, 100, 0, 0, 0, 0, 0, 0, 0, 0, 1, 0, 1, 0, 0, 1, 0),
	(500003, 'goblin_scout', '', 9, 40, 1, 1, 220, 0, 2, 1, 0, 0, 6, 7, 0, 110289, 0, 0, 0, 0, 244, 0, 0, 1, 20, -1, '', '10,1', 0, 0, 255, 255, 255, 255, 255, 255, 0, 0, 0, 0, 0, 0, 0, 0, 0, 'IT10', 28, 28, 7, 1.325, 15, 15, 15, 15, 15, 0, 10, 0, 1, 0, 31, 0, 0, 0, 30, 0, 32, 32, 32, 32, 32, 32, 32, 0, 0, 1, 0, 1, 0, 0, 0, 0, 0, 11, 0, 0, 0, 0, 1, 0, 100, 100, 0, 0, 0, 0, 0, 0, 0, 0, 1, 0, 1, 0, 0, 1, 0),
	(500004, 'a_rock_dervish', '', 12, 100, 1, 7, 310, 0, 2, 0, 2, 0, 6, 9, 0, 110290, 0, 0, 0, 0, 914, 0, 0, 1, 26, -1, '', '10,1^23,1^10,1', 0, 0, 255, 255, 255, 255, 255, 255, 0, 0, 0, 0, 0, 0, 0, 0, 0, 'IT10', 28, 28, 7, 1.325, 25, 25, 25, 25, 25, 0, 10, 0, 1, 0, 40, 0, 0, 0, 30, 0, 41, 41, 41, 41, 41, 41, 41, 0, 0, 1, 0, 1, 0, 0, 0, 0, 0, 14, 0, 0, 0, 0, 0, 255, 100, 100, 0, 0, 0, 0, 0, 0, 0, 0, 1, 27004, 0, 0, 0, 1, 0),
	(500005, 'a_warbone_spearman', '', 18, 60, 1, 3, 497, 0, 2, 4, 0, 0, 6, 15, 0, 110291, 0, 0, 0, 0, 79, 0, 0, 2, 37, -1, '', '10,1^21,1', 0, 0, 255, 255, 255, 255, 255, 255, 0, 0, 0, 0, 0, 0, 0, 0, 0, 'IT10', 28, 28, 7, 1.325, 25, 25, 25, 25, 25, 7, 9, 1, 0, 0, 78, 0, 0, 0, 30, 0, 60, 60, 60, 60, 60, 60, 60, 0, 0, 1, 0, 1, 0, 0, 0, 0, 0, 20, 0, 0, 0, 0, 0, 0, 100, 100, 0, 0, 0, 0, 0, 0, 0, 0, 1, 0, 0, 0, 0, 1, 0),
	(500006, 'Tisella', '', 12, 71, 1, 1, 266, 0, 1, 1, 0, 0, 6, 8, 0, 93431, 0, 0, 0, 0, 244, 0, 0, 1, 26, -1, '', '10,1', 0, 0, 255, 255, 255, 255, 255, 255, 0, 0, 0, 0, 0, 0, 0, 0, 0, 'IT10', 28, 28, 7, 1.325, 25, 25, 25, 25, 25, 6, 10, 0, 1, 0, 40, 0, 0, 0, 30, 0, 41, 41, 41, 41, 41, 41, 41, 0, 0, 1, 0, 1, 0, 0, 0, 0, 0, 14, 0, 0, 0, 0, 0, 113, 100, 100, 0, 0, 0, 0, 0, 0, 0, 0, 1, 0, 0, 0, 0, 1, 0),
	(500008, 'a_fire_drake', '', 9, 89, 1, 26, 220, 0, 2, 2, 0, 0, 8, 7, 0, 3516, 0, 0, 1081, 0, 0, 0, 0, 1, 20, -1, '', '10,1', 0, 0, 255, 255, 255, 255, 255, 255, 0, 0, 0, 0, 0, 0, 0, 0, 0, 'IT10', 28, 28, 7, 1.325, 15, 15, 15, 15, 15, 0, 10, 0, 1, 0, 31, 0, 0, 0, 30, 0, 32, 32, 32, 32, 32, 32, 32, 0, 0, 1, 0, 1, 0, 0, 0, 0, 0, 11, 0, 0, 0, 0, 0, 245, 100, 100, 0, 0, 0, 0, 0, 0, 0, 0, 1, 27008, 0, 0, 0, 1, 0),
	(500016, 'Jengo_Smirt', '', 35, 71, 41, 1, 1675, 0, 0, 2, 0, 0, 6, 50, 0, 0, 27016, 0, 0, 0, 0, 0, 0, 14, 78, -1, '', '10,1', 0, 0, 255, 255, 255, 255, 255, 255, 0, 0, 0, 0, 0, 0, 0, 0, 0, 'IT10', 28, 28, 7, 1.325, 25, 25, 25, 25, 25, 0, 10, 0, 1, 0, 148, 0, 0, 0, 30, 0, 112, 112, 112, 112, 112, 112, 112, 0, 0, 1, 0, 1, 0, 0, 0, 0, 0, 0, 0, 0, 0, 0, 0, 0, 100, 100, 0, 0, 0, 0, 0, 0, 0, 0, 1, 27016, 1, 0, 0, 1, 0),
	(500017, 'Cyspeth_Romtai', '', 35, 71, 41, 1, 1675, 0, 1, 0, 0, 0, 6, 50, 0, 0, 27017, 0, 0, 0, 0, 0, 0, 14, 78, -1, '', '10,1', 0, 0, 255, 255, 255, 255, 255, 255, 0, 0, 0, 0, 0, 0, 0, 0, 0, 'IT10', 28, 28, 7, 1.325, 25, 25, 25, 25, 25, 0, 10, 0, 1, 0, 148, 0, 0, 0, 30, 0, 112, 112, 112, 112, 112, 112, 112, 0, 0, 1, 0, 1, 0, 0, 0, 0, 0, 0, 0, 0, 0, 0, 0, 0, 100, 100, 0, 0, 0, 0, 0, 0, 0, 0, 1, 27017, 1, 0, 0, 1, 0),
	(500018, 'Tizina', '', 30, 71, 14, 1, 627, 1260, 1, 0, 0, 0, 6, 19, 38, 91811, 0, 0, 517, 0, 614, 0, 0, 12, 68, -1, '', '10,1', 0, 0, 255, 255, 255, 255, 255, 255, 0, 0, 0, 0, 0, 0, 0, 0, 0, 'IT10', 28, 28, 7, 1.325, 25, 25, 25, 25, 25, 0, 10, 1, 1, 0, 127, 0, 0, 0, 30, 0, 97, 97, 97, 97, 97, 97, 97, 0, 0, 1, 0, 1, 0, 0, 0, 0, 0, 0, 0, 0, 0, 0, 1, 0, 100, 100, 0, 0, 0, 0, 0, 0, 0, 0, 1, 27018, 1, 0, 0, 1, 0),
	(500019, 'Jenah_Wheelspinner', '', 35, 71, 41, 1, 1675, 0, 1, 0, 0, 0, 6, 50, 0, 0, 27019, 0, 0, 0, 0, 0, 0, 14, 78, -1, '', '10,1', 0, 0, 255, 255, 255, 255, 255, 255, 0, 0, 0, 0, 0, 0, 0, 0, 0, 'IT10', 28, 28, 7, 1.325, 25, 25, 25, 25, 25, 0, 10, 0, 1, 0, 148, 0, 0, 0, 30, 0, 112, 112, 112, 112, 112, 112, 112, 0, 0, 1, 0, 1, 0, 0, 0, 0, 0, 0, 0, 0, 0, 0, 0, 0, 100, 100, 0, 0, 0, 0, 0, 0, 0, 0, 1, 27019, 1, 0, 0, 1, 0),
	(500027, 'a_fire_goblin_scout', '', 9, 40, 1, 1, 220, 0, 2, 1, 0, 0, 6, 7, 0, 110289, 0, 0, 0, 0, 244, 0, 0, 1, 20, -1, '', '10,1', 0, 0, 255, 255, 255, 255, 255, 255, 0, 0, 0, 0, 0, 0, 0, 0, 0, 'IT10', 28, 28, 7, 1.325, 15, 15, 15, 15, 15, 0, 10, 0, 1, 0, 31, 0, 0, 0, 30, 0, 32, 32, 32, 32, 32, 32, 32, 0, 0, 1, 0, 1, 0, 0, 0, 0, 0, 11, 0, 0, 0, 0, 0, 242, 100, 100, 0, 0, 0, 0, 0, 0, 0, 0, 1, 27027, 0, 0, 0, 1, 0),
	(500034, 'a_lava_basilisk', '', 11, 91, 1, 21, 280, 0, 2, 1, 1, 0, 10, 8, 0, 5366, 0, 0, 1080, 0, 0, 0, 0, 1, 24, -1, '', '10,1^23,1^10,1', 0, 0, 255, 255, 255, 255, 255, 255, 0, 0, 0, 0, 0, 0, 0, 0, 0, 'IT10', 28, 28, 7, 1.325, 25, 25, 25, 25, 25, 0, 10, 0, 1, 0, 37, 0, 0, 0, 30, 0, 38, 38, 38, 38, 38, 38, 38, 0, 0, 1, 0, 1, 0, 0, 0, 0, 0, 16, 0, 0, 0, 0, 0, 249, 100, 100, 0, 0, 0, 0, 0, 0, 0, 0, 1, 27034, 0, 1, 0, 1, 0),
	(500038, 'a_shadowed_man', '', 24, 127, 1, 28, 790, 0, 0, 0, 0, 0, 6, 24, 0, 93438, 0, 0, 0, 0, 73, 0, 0, 3, 50, -1, '', '10,1^21,1^23,1', 70, 0, 255, 255, 255, 255, 255, 255, 0, 0, 0, 0, 0, 0, 0, 0, 0, 'IT10', 28, 28, 7, 3.175, 25, 25, 25, 25, 25, 0, 10, 0, 1, 0, 103, 0, 0, 0, 30, 0, 78, 78, 78, 78, 78, 78, 78, 0, 0, 1, 0, 1, 0, 0, 0, 0, 0, 26, 0, 0, 0, 0, 0, 0, 100, 100, 0, 0, 0, 0, 0, 0, 0, 0, 2, 0, 0, 0, 0, 1, 0),
	(500041, 'a_lava_crawler', '', 13, 37, 1, 21, 370, 0, 2, 3, 0, 0, 6, 11, 0, 3630, 0, 0, 1083, 0, 914, 0, 0, 1, 28, -1, '', '10,1^23,1^10,1', 0, 0, 255, 255, 255, 255, 255, 255, 0, 0, 0, 0, 0, 0, 0, 0, 0, 'IT10', 28, 28, 7, 1.325, 25, 25, 25, 25, 25, 0, 10, 0, 1, 0, 43, 0, 0, 0, 30, 0, 44, 44, 44, 44, 44, 44, 44, 0, 0, 1, 0, 1, 0, 0, 0, 0, 0, 17, 0, 0, 0, 0, 0, 250, 100, 100, 0, 0, 0, 0, 0, 0, 0, 0, 1, 27041, 0, 0, 0, 1, 0),
	(500043, '_', '', 50, 127, 1, 1, 1, 0, 0, 0, 0, 0, 6, 0, 0, 91813, 0, 0, 0, 0, 0, 0, 0, 0, 4, -1, '', '10,1', 0, 0, 255, 255, 255, 255, 255, 255, 0, 0, 0, 0, 0, 0, 0, 0, 0, 'IT10', 28, 28, 7, 0, 25, 25, 25, 25, 25, 0, 10, 0, 0, 0, 209, 0, 0, 0, 30, 0, 158, 158, 158, 158, 158, 158, 158, 0, 0, 0, 0, 1, 0, 0, 0, 0, 0, 0, 0, 0, 0, 0, 0, 0, 100, 100, 0, 0, 0, 0, 0, 0, 0, 0, 0, 0, 1, 0, 0, 1, 0),
	(500050, 'a_firescale_crocodile', '', 26, 91, 1, 21, 920, 0, 2, 0, 0, 0, 16, 28, 0, 93405, 0, 0, 0, 0, 0, 0, 0, 11, 64, -1, '', '10,1', 0, 0, 255, 255, 255, 255, 255, 255, 0, 0, 0, 0, 0, 0, 0, 0, 0, 'IT10', 28, 28, 7, 1.325, 25, 25, 25, 25, 25, 0, 10, 0, 1, 0, 111, 0, 0, 0, 30, 0, 84, 84, 84, 84, 84, 84, 84, 0, 0, 1, 0, 1, 0, 0, 0, 0, 0, 30, 0, 0, 0, 0, 0, 247, 100, 100, 0, 0, 0, 0, 0, 0, 0, 0, 1, 27050, 1, 0, 0, 1, 0),
	(500055, 'a_fire_elemental', '', 10, 75, 1, 24, 240, 0, 2, 1, 0, 0, 6, 7, 0, 2843, 0, 0, 1082, 0, 362, 0, 0, 1, 22, -1, '', '10,1^23,1', 0, 0, 255, 255, 255, 255, 255, 255, 0, 0, 0, 0, 0, 0, 0, 0, 0, 'IT10', 28, 28, 7, 1.325, 15, 15, 15, 15, 15, 0, 10, 0, 1, 0, 34, 0, 0, 0, 30, 0, 35, 35, 35, 35, 35, 35, 35, 0, 0, 1, 0, 1, 0, 0, 0, 0, 0, 16, 0, 0, 0, 0, 0, 246, 100, 100, 0, 0, 0, 0, 0, 0, 0, 0, 1, 27055, 0, 1, 0, 1, 0),
	(500062, 'Tisiana', '', 45, 71, 41, 1, 5875, 0, 1, 0, 0, 0, 6, 176, 0, 0, 27062, 0, 0, 0, 614, 0, 0, 40, 224, -1, '', '10,1', 0, 255, 255, 255, 255, 255, 255, 255, 0, 0, 0, 0, 0, 0, 0, 0, 0, 'IT10', 28, 28, 7, 1.325, 25, 25, 25, 25, 25, 0, 10, 0, 1, 0, 189, 0, 0, 0, 29, 0, 143, 143, 143, 143, 143, 143, 143, 0, 0, 1, 0, 1, 0, 0, 0, 0, 0, 0, 0, 0, 0, 0, 0, 0, 100, 100, 0, 0, 0, 0, 0, 0, 0, 0, 1, 27062, 1, 0, 0, 1, 0),
	(500063, '#Ruathey', '', 32, 2, 1, 1, 1344, 0, 1, 1, 0, 0, 7, 40, 0, 91814, 0, 0, 0, 0, 0, 0, 0, 13, 72, -1, '', '10,1', 0, 3, 0, 0, 255, 255, 255, 255, 0, 0, 0, 0, 0, 0, 0, 0, 0, 'IT10', 28, 28, 7, 1.325, 25, 25, 25, 25, 25, 0, 10, 0, 1, 1, 136, 0, 0, 0, 30, 0, 103, 103, 103, 103, 103, 103, 103, 0, 0, 1, 0, 1, 0, 0, 0, 0, 0, 0, 0, 0, 0, 0, 1, 0, 100, 100, 0, 0, 1, 1, 1, 1, 1, 0, 1, 27063, 1, 0, 0, 1, 0),
	(500103, 'Ruathcom', '', 1, 127, 1, 66, 1, 0, 0, 0, 0, 0, 6, 0, 0, 0, 0, 0, 0, 0, 0, 0, 0, 1, 4, -1, '', '', 0, 0, 255, 255, 255, 255, 255, 255, 0, 0, 0, 0, 0, 0, 0, 0, 0, 'IT10', 28, 28, 7, 1.325, 15, 15, 15, 15, 15, 0, 10, 0, 0, 0, 8, 0, 0, 0, 30, 0, 8, 8, 8, 8, 8, 8, 8, 0, 0, 0, 0, 1, 0, 0, 0, 0, 0, 0, 0, 0, 0, 0, 0, 0, 100, 100, 0, 0, 0, 0, 0, 0, 0, 0, 1, 0, 1, 0, 0, 0, 1),
	(500113, 'a_fire_sprite', '', 15, 46, 1, 24, 375, 0, 2, 0, 0, 0, 6, 11, 0, 12061, 0, 0, 1082, 0, 914, 0, 0, 2, 32, -1, '', '10,1^23,1^10,1', 0, 0, 255, 255, 255, 255, 255, 255, 0, 0, 0, 0, 0, 0, 0, 0, 0, 'IT10', 28, 28, 7, 1.325, 25, 25, 25, 25, 25, 0, 10, 0, 1, 0, 66, 0, 0, 0, 30, 0, 51, 51, 51, 51, 51, 51, 51, 0, 0, 1, 0, 1, 0, 0, 0, 0, 0, 0, 0, 0, 0, 0, 1, 0, 100, 100, 0, 0, 0, 0, 0, 0, 0, 0, 1, 27113, 1, 0, 0, 1, 0),
	(500119, 'Eejag', '', 55, 128, 7, 1, 22750, 0, 0, 0, 0, 0, 6, 683, 0, 13543, 0, 0, 454, 0, 0, 0, 0, 68, 211, -1, '', '1,1^10,1^21,1^26,1', 0, 0, 0, 0, 0, 0, 0, 0, 0, 0, 0, 0, 0, 0, 0, 0, 0, 'IT10', 28, 28, 7, 0, 300, 300, 300, 300, 300, 150, 15, 0, 1, 0, 230, 0, 0, 0, 30, 0, 174, 174, 174, 174, 174, 174, 174, 0, 0, 1, 0, 1, 0, 0, 0, 0, 0, 0, 0, 0, 0, 0, 1, 0, 100, 100, 0, 0, 0, 0, 0, 0, 0, 0, 0, 0, 0, 0, 0, 1, 0),
	(500120, 'a_shadowed_man', '', 24, 127, 11, 28, 604, 1008, 0, 0, 0, 0, 6, 18, 30, 93438, 0, 0, 515, 0, 73, 0, 0, 3, 50, -1, '', '10,1^21,1^23,1', 70, 0, 255, 255, 255, 255, 255, 255, 0, 0, 0, 0, 0, 0, 0, 0, 0, 'IT10', 28, 28, 7, 3.175, 25, 25, 25, 25, 25, 0, 10, 0, 1, 0, 103, 0, 0, 0, 30, 0, 78, 78, 78, 78, 78, 78, 78, 0, 0, 1, 0, 1, 0, 0, 0, 0, 0, 26, 0, 0, 0, 0, 0, 0, 0, 0, 0, 0, 0, 0, 0, 0, 0, 0, 2, 0, 0, 0, 0, 1, 0),
	(500122, 'a_shadowed_man', '', 24, 127, 2, 28, 831, 1008, 0, 0, 0, 0, 6, 25, 30, 93438, 0, 0, 1, 0, 73, 0, 0, 3, 50, -1, '', '10,1^21,1^23,1', 70, 0, 255, 255, 255, 255, 255, 255, 0, 0, 0, 0, 0, 0, 0, 0, 0, 'IT10', 28, 28, 7, 3.175, 25, 25, 25, 25, 25, 0, 10, 0, 1, 0, 103, 0, 0, 0, 30, 0, 78, 78, 78, 78, 78, 78, 78, 0, 0, 1, 0, 1, 0, 0, 0, 0, 0, 26, 0, 0, 0, 0, 0, 0, 0, 0, 0, 0, 0, 0, 0, 0, 0, 0, 2, 0, 0, 0, 0, 1, 0),
	(500124, 'Hykallen', '', 14, 3, 11, 1, 390, 588, 1, 255, 0, 0, 6, 12, 18, 89975, 0, 0, 515, 0, 89, 0, 0, 2, 30, -1, '', '10,1', 0, 2, 255, 255, 255, 255, 255, 255, 0, 0, 0, 0, 0, 0, 0, 0, 0, 'IT10', 28, 28, 7, 1.325, 25, 25, 25, 25, 25, 0, 10, 0, 1, 0, 46, 0, 0, 0, 30, 0, 48, 48, 48, 48, 48, 48, 48, 0, 0, 1, 0, 1, 0, 0, 0, 0, 0, 16, 0, 0, 0, 0, 0, 240, 100, 100, 0, 0, 0, 0, 0, 1, 0, 0, 1, 27124, 1, 0, 0, 1, 0),
	(500125, '#Sir_Lindeal', '', 10, 1, 3, 1, 190, 420, 0, 3, 0, 0, 6, 6, 13, 6472, 0, 0, 8, 0, 189, 0, 0, 1, 22, -1, '', '10,1', 0, 0, 0, 0, 0, 0, 255, 255, 0, 0, 0, 0, 0, 0, 0, 0, 0, 'IT10', 28, 28, 7, 1.325, 15, 15, 15, 15, 15, 4, 10, 0, 1, 0, 34, 0, 0, 0, 30, 0, 35, 35, 35, 35, 35, 35, 35, 0, 0, 1, 0, 1, 0, 0, 0, 0, 0, 14, 0, 0, 0, 0, 0, 46, 100, 100, 0, 0, 0, 0, 0, 0, 0, 0, 1, 0, 0, 0, 0, 1, 0),
	(500126, 'a_lava_basilisk', '', 11, 91, 1, 21, 280, 0, 2, 1, 1, 0, 11, 8, 0, 5366, 0, 0, 1080, 0, 0, 0, 0, 1, 24, -1, '', '10,1^23,1^10,1', 0, 0, 255, 255, 255, 255, 255, 255, 0, 0, 0, 0, 0, 0, 0, 0, 0, 'IT10', 28, 28, 7, 1.325, 25, 25, 25, 25, 25, 0, 10, 0, 1, 0, 37, 0, 0, 0, 30, 0, 38, 38, 38, 38, 38, 38, 38, 0, 0, 1, 0, 1, 0, 0, 0, 0, 0, 16, 0, 0, 0, 0, 0, 249, 100, 100, 0, 0, 0, 0, 0, 0, 0, 0, 1, 0, 0, 1, 0, 1, 0),
	(500128, 'a_fire_elemental', '', 10, 75, 1, 24, 240, 0, 2, 1, 0, 0, 7, 7, 0, 2843, 0, 0, 1082, 0, 362, 0, 0, 1, 22, -1, '', '10,1^23,1', 0, 0, 255, 255, 255, 255, 255, 255, 0, 0, 0, 0, 0, 0, 0, 0, 0, 'IT10', 28, 28, 7, 1.325, 15, 15, 15, 15, 15, 0, 10, 0, 1, 0, 34, 0, 0, 0, 30, 0, 35, 35, 35, 35, 35, 35, 35, 0, 0, 1, 0, 1, 0, 0, 0, 0, 0, 16, 0, 0, 0, 0, 0, 246, 100, 100, 0, 0, 0, 0, 0, 0, 0, 0, 1, 0, 0, 1, 0, 1, 0),
	(500129, 'goblin_runner', '', 4, 40, 1, 1, 80, 0, 2, 1, 0, 0, 6, 2, 0, 92430, 0, 0, 0, 0, 244, 0, 0, 1, 10, -1, '', '', 0, 0, 255, 255, 255, 255, 255, 255, 0, 0, 0, 0, 0, 0, 0, 0, 0, 'IT10', 28, 28, 7, 1.325, 15, 15, 15, 15, 15, 2, 10, 0, 1, 0, 16, 0, 0, 0, 30, 0, 17, 17, 17, 17, 17, 17, 17, 0, 0, 1, 0, 1, 0, 0, 0, 0, 0, 6, 0, 0, 0, 0, 1, 0, 100, 100, 0, 0, 0, 0, 0, 0, 0, 0, 1, 0, 0, 0, 0, 1, 0);

# need to fix bottom lookup list
# 92554 110287
# 93428 110288
# 302 110289
# 3530 110290
# 93429 110291
# i stopped here
# 93431 110292
# 3516 110293
# 91811 110294
# 5366 110295
# 93438 110296
# 3630 110297
# 91813 110298
# 93405 110299
# 2843 110300
# 91814 110301
# 12061 110302
# 13543 110303
# 89975 110304
# 6472 110305
# 92430 110306

# id is auto incremented, pivots other fields however.
INSERT INTO `loottable` (`id`, `name`, `mincash`, `maxcash`, `avgcoin`, `done`)
VALUES
	(110287, '110287_a_fire_imp_MAGELO-GEN', 11, 1100, 0, 0),
	(110288, 'a_warbone_monk', 10, 500, 0, 0),
	(110289, 'A_Fire_Goblin_Scout', 198, 1329, 0, 1),
	(110290, 'A_Rock_Dervish', 242, 1619, 0, 1),
	(110291, 'a_warbone_spearman', 10, 500, 0, 0),
	(93431, 'Tisella', 10, 100, 0, 0),
	(3516, 'A_Fire_Drake', 198, 1329, 0, 1),
	(91811, '91811_Tizina_MAGELO-GEN', 30, 3000, 0, 0),
	(5366, 'A_Lava_Basilisk', 0, 0, 0, 1),
	(93438, 'a_shadowed_man', 0, 0, 0, 0),
	(3630, 'A_Lava_Crawler', 0, 0, 0, 1),
	(91813, '91813___MAGELO-GEN', 50, 5000, 0, 0),
	(93405, '93405_a_firescale_crocodile_MAGELO-GEN', 0, 0, 0, 0),
	(2843, 'A_Fire_Elemental', 0, 0, 0, 1),
	(91814, '91814_#Ruathey_MAGELO-GEN', 32, 3200, 0, 0),
	(12061, 'A_Fire_Sprite', 0, 0, 0, 1),
	(13543, 'Eejag', 0, 0, 0, 0),
	(89975, 'Hykallen', 0, 0, 0, 1),
	(6472, 'Sir_Lindeal', 0, 0, 0, 0),
	(92430, '92430_goblin_runner_MAGELO-GEN', 4, 400, 0, 0);

INSERT INTO `loottable_entries` (`loottable_id`, `lootdrop_id`, `multiplier`, `probability`, `droplimit`, `mindrop`)
VALUES
	(0, 598, 1, 100, 0, 0),
	(0, 7685, 1, 35, 1, 0),
	(0, 7954, 1, 25, 1, 0),
	(0, 8239, 1, 35, 1, 0),
	(0, 11334, 1, 100, 0, 0),
	(0, 18288, 1, 100, 0, 0),
	(0, 19188, 1, 100, 2, 0),
	(0, 20691, 1, 100, 0, 0),
	(0, 23496, 1, 16, 1, 0),
	(0, 39791, 1, 100, 0, 0),
	(0, 89965, 1, 100, 1, 0),
	(0, 93688, 1, 100, 1, 1),
	(0, 97890, 1, 100, 1, 0),
	(0, 98499, 1, 100, 0, 0),
	(0, 99443, 1, 100, 0, 0),
	(0, 99630, 1, 100, 1, 0),
	(0, 99814, 1, 100, 1, 0),
	(0, 100186, 1, 100, 1, 0),
	(0, 102458, 1, 100, 1, 0),
	(0, 102481, 1, 100, 1, 0),
	(0, 102616, 1, 100, 0, 0),
	(0, 102799, 1, 100, 0, 0),
	(0, 103072, 1, 100, 1, 0),
	(0, 103220, 1, 100, 1, 0),
	(0, 103655, 1, 100, 1, 0),
	(0, 103903, 1, 100, 1, 0),
	(0, 103987, 1, 100, 0, 0),
	(0, 104506, 1, 100, 3, 0),
	(0, 105217, 1, 100, 1, 0),
	(0, 105240, 1, 100, 1, 0),
	(0, 105256, 1, 100, 1, 0),
	(0, 105495, 1, 100, 1, 0),
	(0, 105792, 1, 100, 2, 0),
	(0, 105797, 1, 100, 2, 0),
	(0, 105798, 1, 100, 2, 0),
	(0, 105800, 1, 100, 2, 0),
	(0, 105801, 1, 100, 2, 0),
	(0, 105808, 1, 100, 2, 1),
	(0, 105828, 1, 100, 0, 0),
	(0, 105831, 1, 100, 1, 0),
	(0, 105838, 1, 100, 1, 0),
	(0, 105858, 1, 100, 0, 0),
	(0, 105866, 1, 100, 1, 0),
	(0, 105870, 1, 100, 1, 0),
	(0, 105875, 1, 100, 1, 0),
	(0, 105883, 1, 100, 0, 0),
	(0, 105893, 1, 100, 1, 0),
	(0, 105909, 1, 100, 1, 0),
	(0, 105913, 1, 100, 0, 0),
	(0, 105915, 1, 100, 1, 0),
	(0, 105934, 1, 100, 1, 0),
	(0, 105949, 1, 100, 0, 0),
	(0, 105994, 1, 100, 2, 0),
	(0, 106004, 1, 100, 1, 0),
	(0, 106006, 1, 100, 2, 0),
	(0, 106028, 1, 100, 0, 0),
	(0, 106034, 1, 100, 0, 0),
	(0, 106062, 1, 100, 0, 0),
	(0, 106142, 1, 100, 1, 1),
	(0, 106143, 1, 100, 0, 0),
	(0, 106484, 1, 100, 1, 0),
	(0, 106600, 1, 100, 0, 0),
	(0, 106842, 1, 100, 1, 0),
	(110289, 102570, 1, 100, 1, 0),
	(110289, 105052, 1, 100, 1, 0),
	(110289, 105821, 1, 100, 1, 0),
	(110289, 105827, 1, 100, 1, 0),
	(110289, 105870, 1, 100, 1, 0),
	(2843, 5466, 1, 100, 0, 0),
	(2843, 97605, 1, 100, 0, 0),
	(2843, 105052, 1, 100, 1, 0),
	(3516, 97586, 1, 100, 0, 0),
	(3516, 105052, 1, 100, 1, 0),
	(3516, 105821, 1, 100, 1, 0),
	(110290, 6667, 1, 100, 0, 0),
	(110290, 97596, 1, 100, 1, 0),
	(110290, 105821, 1, 100, 1, 0),
	(110290, 105827, 1, 100, 1, 0),
	(3630, 97596, 1, 100, 1, 0),
	(3630, 105797, 1, 100, 1, 0),
	(3630, 105827, 1, 100, 1, 0),
	(5366, 10227, 1, 100, 0, 0),
	(5366, 98900, 1, 100, 0, 0),
	(6472, 11889, 1, 100, 1, 1),
	(12061, 105797, 1, 100, 1, 0),
	(13543, 22344, 1, 100, 1, 1),
	(89975, 89965, 1, 100, 1, 0),
	(89975, 105797, 1, 100, 1, 0),
	(89975, 105827, 1, 100, 1, 0),
	(89975, 105893, 1, 100, 1, 0),
	(91811, 105828, 1, 100, 1, 0),
	(91813, 97599, 1, 100, 0, 0),
	(91813, 97600, 1, 100, 0, 0),
	(92430, 102042, 1, 100, 1, 0),
	(92430, 105052, 1, 100, 1, 0),
	(110287, 102745, 1, 100, 0, 0),
	(110287, 105821, 1, 100, 1, 0),
	(110287, 105827, 1, 100, 1, 0),
	(0, 107280, 1, 100, 1, 1),
	(93405, 105052, 1, 100, 1, 0),
	(93405, 105053, 1, 100, 0, 0),
	(93405, 105799, 1, 100, 1, 0),
	(93405, 105953, 1, 100, 0, 0),
	(110288, 104506, 1, 100, 0, 0),
	(110288, 105109, 1, 100, 1, 1),
	(110288, 105821, 1, 100, 1, 0),
	(110288, 105827, 1, 100, 1, 0),
	(110291, 104506, 1, 100, 2, 0),
	(110291, 105111, 1, 100, 1, 1),
	(110291, 105113, 1, 100, 1, 1),
	(93431, 105116, 1, 100, 1, 1),
	(93438, 97596, 1, 100, 1, 0),
	(93438, 105130, 1, 100, 1, 0),
	(93438, 105131, 1, 100, 1, 0),
	(0, 30996, 1, 100, 2, 2),
	(0, 107636, 1, 100, 2, 2);

# need to uniquify loot drops

INSERT INTO `lootdrop` (`id`, `name`)
VALUES
	(598, 'Kunark Frogloks'),
	(5466, 'Fire Elemental Default'),
	(6667, 'a rock dervish'),
	(7685, '4020_A_Nihil_Arcanist`s_Spirit_Trade'),
	(7954, '4140_A_Weathered_Gargoyle_Misc'),
	(8239, '4299_A_Werewolf_Wear'),
	(10227, 'Basilisk Quest'),
	(11334, 'Dwarf Drops'),
	(11889, 'Testimony of Truth'),
	(18288, 'Giant Snake Drops'),
	(19188, 'Paw Gnoll Poison'),
	(20691, '20290_A_Vigilum_Seniori_Secondary'),
	(22344, 'Remains of the Fist of Fire'),
	(23496, 'crude_iron_ore'),
	(39791, 'basic_rusty_weapons_global'),
	(89965, 'Small Raw-hide Armor'),
	(93688, 'Raw Silk Robe'),
	(97586, 'a fire drake'),
	(97596, 'Saltpeter'),
	(97599, '97599___MAGELO-GEN'),
	(97600, '97600___MAGELO-GEN'),
	(97605, 'Fire Elemental Lavastorm'),
	(97890, 'Medium Cloth Armor'),
	(98499, 'Goblin Trash'),
	(98900, 'Basilisk Drops'),
	(99443, 'Wasp Drops'),
	(99630, 'Mist Wolf Drops'),
	(99814, 'Highkeep pickclaw trash drops'),
	(100186, '100186_a_bat_MAGELO-GEN'),
	(102042, 'Heretic Runner Pouch'),
	(102458, 'Caster Bronze Weapons'),
	(102481, 'Paw Gnoll Loot'),
	(102570, 'Medium Raw-Hide Armor'),
	(102616, 'a large widow'),
	(102745, 'Fire Imp Specific'),
	(102799, 'Steamfont Kobolds'),
	(103072, 'Large Rattlesnake Drops'),
	(103220, '103220_a_bat_MAGELO-GEN'),
	(103655, 'unrest weapon drops'),
	(103903, 'Goblin Generic Loot'),
	(103987, 'froglok trash'),
	(104506, 'Bone Chips'),
	(105052, 'Saltpeter'),
	(105053, 'Rune of Scale Lavastorm'),
	(105109, 'a warbone monk'),
	(105111, 'a warbone spearman'),
	(105113, 'spearman shields'),
	(105116, 'Glowing Torch'),
	(105130, 'Shadowed Man Weapons'),
	(105131, 'Shadowed Man Misc'),
	(105217, 'Ruined Gnoll Chain'),
	(105240, 'Dark Muslin Armor'),
	(105256, 'Ores Table'),
	(105495, 'Fine Steel Weapons'),
	(105792, 'Make Poison Drops Sol B'),
	(105797, 'Tier 1 Research Drops'),
	(105798, 'Tier 2 Research Drops'),
	(105799, 'Tier 3 Research Drops'),
	(105800, 'Tier 4 Research Drops'),
	(105801, 'Tier 5 Research Drops'),
	(105808, '_#Coercer_T`vala_'),
	(105821, 'Tier 1 Gems'),
	(105827, 'Tier 2 Gems'),
	(105828, 'Tier 3 Gems'),
	(105831, 'Tier 6 Gems Common'),
	(105838, 'Priest Fine Steel Weapons No Shields'),
	(105858, 'Small cloth armor'),
	(105866, 'Guard Dual Wield Sword'),
	(105870, 'Rusty & Bronze Weapons'),
	(105875, 'Priest Rusty & Bronze Weapons'),
	(105883, 'Large Raw-hide armor'),
	(105893, 'Caster Rusty Weapons'),
	(105909, 'Small leather armor'),
	(105913, 'Large Raw-hide & Ringmail Armor'),
	(105915, 'Caster Rusty & Bronze & Fine Steel Weapons'),
	(105934, 'Small & Medium Raw-hide Armor'),
	(105949, 'Newbie Trash'),
	(105953, 'Alligator Drops'),
	(105994, 'Small Cloth & Raw-Hide Armor'),
	(106004, 'Small Cloth, Cloth & Raw-hide Armor'),
	(106006, 'Small & Medium Cloth Armor'),
	(106028, '_a_shadow_wolf_'),
	(106034, 'Orc Scalps'),
	(106062, 'Blackburrow High Gnolls'),
	(106142, 'Silent Fist Clan Guild Tunic '),
	(106143, 'Catman Drops'),
	(106484, 'Hole Random Drops'),
	(106600, '_Lord_Gossimerwind_'),
	(106842, 'Waken_lands_Geos_Cash_gems'),
	(107280, '_an_angered_spirit_'),
	(107636, '_#Avatar_of_Wind_');

INSERT INTO `lootdrop_entries` (`lootdrop_id`, `item_id`, `item_charges`, `equip_item`, `chance`, `disabled_chance`, `minlevel`, `maxlevel`, `multiplier`)
VALUES
	(102745, 7885, 1, 0, 20, 0, 0, 127, 1),
	(102745, 9180, 1, 0, 15, 0, 0, 127, 1),
	(102745, 14927, 1, 0, 10, 0, 0, 127, 1),
	(102745, 16991, 1, 0, 30, 0, 0, 127, 1),
	(105821, 10004, 1, 1, 1, 0, 0, 127, 1),
	(105821, 10005, 1, 1, 1, 0, 0, 127, 1),
	(105821, 10006, 1, 1, 1, 0, 0, 127, 1),
	(105821, 10009, 1, 1, 1, 0, 0, 127, 1),
	(105821, 10010, 1, 1, 1, 0, 0, 127, 1),
	(105821, 10015, 1, 0, 1, 0, 0, 127, 1),
	(105821, 10016, 1, 0, 1, 0, 0, 127, 1),
	(105821, 10017, 1, 0, 1, 0, 0, 127, 1),
	(105821, 10018, 1, 0, 1, 0, 0, 127, 1),
	(105821, 10026, 1, 0, 1, 0, 0, 127, 1),
	(105821, 10354, 1, 1, 1, 0, 0, 127, 1),
	(105821, 16976, 1, 0, 5, 0, 0, 127, 1),
	(105827, 10002, 1, 1, 1, 0, 0, 127, 1),
	(105827, 10007, 1, 1, 1, 0, 0, 127, 1),
	(105827, 10008, 1, 1, 1, 0, 0, 127, 1),
	(105827, 10011, 1, 0, 1, 0, 0, 127, 1),
	(105827, 10019, 1, 0, 1, 0, 0, 127, 1),
	(105827, 10020, 1, 0, 1, 0, 0, 127, 1),
	(105827, 10021, 1, 0, 1, 0, 0, 127, 1),
	(105827, 10027, 1, 0, 1, 0, 0, 127, 1),
	(105827, 10038, 1, 1, 1, 0, 0, 127, 1),
	(105827, 10039, 1, 1, 1, 0, 0, 127, 1),
	(105827, 16976, 1, 0, 5, 0, 0, 127, 1),
	(104506, 13073, 1, 0, 40, 0, 0, 127, 1),
	(105109, 1318, 1, 1, 100, 0, 0, 127, 1),
	(102570, 2137, 1, 1, 3, 0, 0, 127, 1),
	(102570, 2138, 1, 1, 3, 0, 0, 127, 1),
	(102570, 2139, 1, 1, 3, 0, 0, 127, 1),
	(102570, 2140, 1, 1, 3, 0, 0, 127, 1),
	(102570, 2141, 1, 1, 3, 0, 0, 127, 1),
	(102570, 2142, 1, 1, 3, 0, 0, 127, 1),
	(102570, 2143, 1, 1, 3, 0, 0, 127, 1),
	(102570, 2144, 1, 1, 3, 0, 0, 127, 1),
	(102570, 2145, 1, 1, 3, 0, 0, 127, 1),
	(102570, 2146, 1, 1, 3, 0, 0, 127, 1),
	(102570, 2147, 1, 1, 3, 0, 0, 127, 1),
	(102570, 2148, 1, 1, 3, 0, 0, 127, 1),
	(105052, 9180, 1, 0, 15, 0, 0, 127, 1),
	(105870, 5013, 1, 1, 1, 0, 0, 127, 1),
	(105870, 5014, 1, 1, 1, 0, 0, 127, 1),
	(105870, 5016, 1, 1, 1, 0, 0, 127, 1),
	(105870, 5019, 1, 1, 1, 0, 0, 127, 1),
	(105870, 5020, 1, 1, 1, 0, 0, 127, 1),
	(105870, 5021, 1, 1, 1, 0, 0, 127, 1),
	(105870, 5022, 1, 1, 1, 0, 0, 127, 1),
	(105870, 5023, 1, 1, 1, 0, 0, 127, 1),
	(105870, 5024, 1, 1, 1, 0, 0, 127, 1),
	(105870, 5026, 1, 1, 1, 0, 0, 127, 1),
	(105870, 5027, 1, 1, 1, 0, 0, 127, 1),
	(105870, 5028, 1, 1, 1, 0, 0, 127, 1),
	(105870, 5029, 1, 1, 1, 0, 0, 127, 1),
	(105870, 5030, 1, 1, 1, 0, 0, 127, 1),
	(105870, 5031, 1, 1, 1, 0, 0, 127, 1),
	(105870, 5032, 1, 1, 1, 0, 0, 127, 1),
	(105870, 5033, 1, 1, 1, 0, 0, 127, 1),
	(105870, 5034, 1, 1, 1, 0, 0, 127, 1),
	(105870, 5037, 1, 1, 1, 0, 0, 127, 1),
	(105870, 6011, 1, 1, 1, 0, 0, 127, 1),
	(105870, 6012, 1, 1, 1, 0, 0, 127, 1),
	(105870, 6014, 1, 1, 1, 0, 0, 127, 1),
	(105870, 6017, 1, 1, 1, 0, 0, 127, 1),
	(105870, 6018, 1, 1, 1, 0, 0, 127, 1),
	(105870, 6019, 1, 1, 1, 0, 0, 127, 1),
	(105870, 6021, 1, 1, 1, 0, 0, 127, 1),
	(105870, 6022, 1, 1, 1, 0, 0, 127, 1),
	(105870, 6023, 1, 1, 1, 0, 0, 127, 1),
	(105870, 6024, 1, 1, 1, 0, 0, 127, 1),
	(105870, 6025, 1, 1, 1, 0, 0, 127, 1),
	(105870, 7007, 1, 1, 1, 0, 0, 127, 1),
	(105870, 7008, 1, 1, 1, 0, 0, 127, 1),
	(105870, 7009, 1, 1, 1, 0, 0, 127, 1),
	(105870, 7010, 1, 1, 1, 0, 0, 127, 1),
	(105870, 7012, 1, 1, 1, 0, 0, 127, 1),
	(105870, 7013, 1, 1, 1, 0, 0, 127, 1),
	(105870, 7014, 1, 1, 1, 0, 0, 127, 1),
	(105870, 7015, 1, 1, 1, 0, 0, 127, 1),
	(105870, 7016, 1, 1, 1, 0, 0, 127, 1),
	(105870, 26800, 1, 1, 1, 0, 0, 127, 1),
	(105870, 30980, 1, 1, 1, 0, 0, 127, 1),
	(105870, 30983, 1, 1, 1, 0, 0, 127, 1),
	(6667, 10501, 1, 0, 20, 0, 0, 127, 1),
	(6667, 10502, 1, 0, 20, 0, 0, 127, 1),
	(6667, 10503, 1, 0, 20, 0, 0, 127, 1),
	(97596, 9180, 1, 0, 15, 0, 0, 127, 1),
	(105111, 7018, 1, 1, 100, 0, 0, 127, 1),
	(105113, 9304, 1, 1, 30, 0, 0, 127, 1),
	(105113, 9305, 1, 1, 30, 0, 0, 127, 1),
	(105113, 9306, 1, 1, 30, 0, 0, 127, 1),
	(105116, 10071, 1, 1, 100, 0, 0, 127, 1),
	(97586, 7882, 1, 0, 30, 0, 0, 127, 1),
	(97586, 16534, 1, 0, 20, 0, 0, 127, 1),
	(97586, 16988, 1, 0, 30, 0, 0, 127, 1),
	(97586, 18653, 1, 0, 15, 0, 0, 127, 1),
	(598, 13409, 1, 0, 10, 0, 0, 127, 1),
	(598, 22134, 1, 0, 10, 0, 0, 127, 1),
	(598, 22524, 1, 0, 10, 0, 0, 127, 1),
	(7685, 10034, 1, 0, 50, 0, 0, 127, 1),
	(7685, 22503, 1, 0, 50, 0, 0, 127, 1),
	(7954, 26675, 1, 0, 25, 0, 0, 127, 1),
	(7954, 26676, 1, 0, 25, 0, 0, 127, 1),
	(7954, 26677, 1, 0, 25, 0, 0, 127, 1),
	(8239, 10315, 1, 1, 50, 0, 0, 127, 1),
	(8239, 10316, 1, 1, 50, 0, 0, 127, 1),
	(11334, 13414, 1, 0, 10, 0, 0, 127, 1),
	(11334, 22516, 1, 0, 10, 0, 0, 127, 1),
	(18288, 7005, 1, 1, 25, 0, 0, 127, 1),
	(18288, 13058, 1, 0, 40, 0, 0, 127, 1),
	(18288, 13070, 1, 0, 15, 0, 0, 127, 1),
	(18288, 13088, 1, 0, 25, 0, 0, 127, 1),
	(18288, 13412, 1, 0, 15, 0, 0, 127, 1),
	(18288, 14017, 1, 0, 15, 0, 0, 127, 1),
	(19188, 16551, 1, 0, 25, 0, 0, 127, 1),
	(19188, 16552, 1, 0, 25, 0, 0, 127, 1),
	(20691, 29886, 1, 0, 5, 0, 0, 127, 1),
	(23496, 19630, 1, 0, 25, 0, 0, 127, 1),
	(39791, 5013, 1, 0, 3, 0, 0, 127, 1),
	(39791, 5014, 1, 0, 3, 0, 0, 127, 1),
	(39791, 5016, 1, 0, 3, 0, 0, 127, 1),
	(39791, 5019, 1, 0, 3, 0, 0, 127, 1),
	(39791, 5020, 1, 0, 3, 0, 0, 127, 1),
	(39791, 5021, 1, 0, 3, 0, 0, 127, 1),
	(39791, 5022, 1, 0, 3, 0, 0, 127, 1),
	(39791, 5024, 1, 0, 3, 0, 0, 127, 1),
	(39791, 6012, 1, 0, 4, 0, 0, 127, 1),
	(39791, 6018, 1, 0, 4, 0, 0, 127, 1),
	(39791, 7007, 1, 0, 4, 0, 0, 127, 1),
	(39791, 26800, 1, 0, 4, 0, 0, 127, 1),
	(89965, 2149, 1, 1, 3, 0, 0, 127, 1),
	(89965, 2150, 1, 1, 3, 0, 0, 127, 1),
	(89965, 2151, 1, 1, 3, 0, 0, 127, 1),
	(89965, 2152, 1, 1, 3, 0, 0, 127, 1),
	(89965, 2153, 1, 1, 3, 0, 0, 127, 1),
	(89965, 2154, 1, 1, 3, 0, 0, 127, 1),
	(89965, 2155, 1, 1, 3, 0, 0, 127, 1),
	(89965, 2156, 1, 1, 3, 0, 0, 127, 1),
	(89965, 2157, 1, 1, 3, 0, 0, 127, 1),
	(89965, 2158, 1, 1, 3, 0, 0, 127, 1),
	(89965, 2159, 1, 1, 3, 0, 0, 127, 1),
	(89965, 2160, 1, 1, 3, 0, 0, 127, 1),
	(93688, 1163, 1, 1, 100, 0, 0, 127, 1),
	(97890, 1001, 1, 1, 3, 0, 0, 127, 1),
	(97890, 1002, 1, 1, 3, 0, 0, 127, 1),
	(97890, 1003, 1, 1, 3, 0, 0, 127, 1),
	(97890, 1004, 1, 1, 3, 0, 0, 127, 1),
	(97890, 1005, 1, 1, 3, 0, 0, 127, 1),
	(97890, 1006, 1, 1, 3, 0, 0, 127, 1),
	(97890, 1007, 1, 1, 3, 0, 0, 127, 1),
	(97890, 1008, 1, 1, 3, 0, 0, 127, 1),
	(97890, 1009, 1, 1, 3, 0, 0, 127, 1),
	(97890, 1010, 1, 1, 3, 0, 0, 127, 1),
	(97890, 1011, 1, 1, 3, 0, 0, 127, 1),
	(97890, 1012, 1, 1, 3, 0, 0, 127, 1),
	(98499, 10009, 1, 1, 1, 0, 0, 127, 1),
	(98499, 13002, 1, 1, 1, 0, 0, 127, 1),
	(98499, 13005, 1, 0, 1, 0, 0, 127, 1),
	(98499, 13006, 1, 0, 1, 0, 0, 127, 1),
	(98499, 13007, 1, 0, 1, 0, 0, 127, 1),
	(98499, 13008, 1, 0, 1, 0, 0, 127, 1),
	(98499, 13009, 1, 0, 1, 0, 0, 127, 1),
	(98499, 13016, 1, 0, 1, 0, 0, 127, 1),
	(98499, 13019, 1, 0, 1, 0, 0, 127, 1),
	(98499, 13032, 1, 0, 1, 0, 0, 127, 1),
	(98499, 13039, 1, 0, 1, 0, 0, 127, 1),
	(98499, 13041, 1, 0, 1, 0, 0, 127, 1),
	(98499, 13068, 1, 0, 1, 0, 0, 127, 1),
	(98499, 13069, 1, 0, 1, 0, 0, 127, 1),
	(98499, 13070, 1, 0, 1, 0, 0, 127, 1),
	(98499, 13071, 1, 0, 1, 0, 0, 127, 1),
	(98499, 13072, 1, 0, 1, 0, 0, 127, 1),
	(98499, 13073, 1, 0, 1, 0, 0, 127, 1),
	(98499, 13074, 1, 0, 1, 0, 0, 127, 1),
	(98499, 13076, 1, 0, 1, 0, 0, 127, 1),
	(98499, 17002, 1, 0, 1, 0, 0, 127, 1),
	(98499, 17003, 1, 0, 1, 0, 0, 127, 1),
	(98499, 17004, 1, 0, 1, 0, 0, 127, 1),
	(98499, 17005, 1, 0, 1, 0, 0, 127, 1),
	(98499, 17006, 1, 0, 1, 0, 0, 127, 1),
	(99443, 13141, 1, 0, 75, 0, 0, 127, 1),
	(99443, 13145, 1, 0, 40, 0, 0, 127, 1),
	(99630, 13085, 1, 0, 15, 0, 0, 127, 1),
	(99630, 13403, 1, 0, 10, 0, 0, 127, 1),
	(99630, 13753, 1, 0, 2.5, 0, 0, 127, 1),
	(99630, 13754, 1, 0, 2.5, 0, 0, 127, 1),
	(99630, 13755, 1, 0, 2.5, 0, 0, 127, 1),
	(99630, 13780, 1, 0, 20, 0, 0, 127, 1),
	(99630, 13782, 1, 0, 10, 0, 0, 127, 1),
	(99814, 13005, 1, 0, 1, 0, 0, 127, 1),
	(99814, 13006, 1, 0, 1, 0, 0, 127, 1),
	(99814, 13007, 1, 0, 1, 0, 0, 127, 1),
	(99814, 13008, 1, 0, 1, 0, 0, 127, 1),
	(99814, 13009, 1, 0, 1, 0, 0, 127, 1),
	(99814, 13016, 1, 0, 1, 0, 0, 127, 1),
	(99814, 13032, 1, 0, 1, 0, 0, 127, 1),
	(99814, 13039, 1, 0, 1, 0, 0, 127, 1),
	(99814, 13790, 1, 0, 25, 0, 0, 127, 1),
	(99814, 17002, 1, 0, 1, 0, 0, 127, 1),
	(99814, 17003, 1, 0, 1, 0, 0, 127, 1),
	(99814, 17004, 1, 0, 1, 0, 0, 127, 1),
	(99814, 17005, 1, 0, 1, 0, 0, 127, 1),
	(99814, 17006, 1, 0, 1, 0, 0, 127, 1),
	(102458, 7012, 1, 1, 5, 0, 0, 127, 1),
	(102458, 7013, 1, 1, 5, 0, 0, 127, 1),
	(102458, 7014, 1, 1, 5, 0, 0, 127, 1),
	(102458, 7015, 1, 1, 5, 0, 0, 127, 1),
	(102458, 7016, 1, 1, 5, 0, 0, 127, 1),
	(102481, 2280, 1, 1, 2.5, 0, 0, 127, 1),
	(102481, 2281, 1, 1, 2.5, 0, 0, 127, 1),
	(102481, 2282, 1, 1, 2.5, 0, 0, 127, 1),
	(102481, 2283, 1, 1, 5, 0, 0, 127, 1),
	(102481, 5317, 1, 1, 2.5, 0, 0, 127, 1),
	(102481, 7323, 1, 1, 5, 0, 0, 127, 1),
	(102481, 14708, 1, 1, 2.5, 0, 0, 127, 1),
	(102481, 16848, 5, 1, 10, 0, 0, 127, 1),
	(102481, 16849, 5, 0, 15, 0, 0, 127, 1),
	(102481, 28022, 1, 0, 25, 0, 0, 127, 1),
	(102616, 9914, 1, 0, 30, 0, 0, 127, 1),
	(102616, 13417, 1, 0, 90, 0, 0, 127, 1),
	(102616, 27534, 1, 0, 25, 0, 0, 127, 1),
	(102799, 9101, 1, 0, 20, 0, 0, 127, 1),
	(102799, 9124, 1, 0, 25, 0, 0, 127, 1),
	(102799, 9132, 1, 0, 25, 0, 0, 127, 1),
	(102799, 10981, 1, 0, 70, 0, 0, 127, 1),
	(103072, 13057, 1, 0, 30, 0, 0, 127, 1),
	(103072, 13066, 1, 0, 4, 0, 0, 127, 1),
	(103072, 19851, 1, 0, 15, 0, 0, 127, 1),
	(103655, 5013, 1, 1, 3, 0, 0, 127, 1),
	(103655, 5016, 1, 1, 2, 0, 0, 127, 1),
	(103655, 5019, 1, 1, 4, 0, 0, 127, 1),
	(103655, 5027, 1, 1, 2, 0, 0, 127, 1),
	(103655, 5028, 1, 1, 2, 0, 0, 127, 1),
	(103655, 5030, 1, 1, 2, 0, 0, 127, 1),
	(103655, 5350, 1, 1, 1, 0, 0, 127, 1),
	(103655, 5351, 1, 1, 1, 0, 0, 127, 1),
	(103655, 5352, 1, 1, 1, 0, 0, 127, 1),
	(103655, 5353, 1, 1, 1, 0, 0, 127, 1),
	(103655, 6019, 1, 1, 1, 0, 0, 127, 1),
	(103655, 6350, 1, 1, 1, 0, 0, 127, 1),
	(103655, 6351, 1, 1, 1, 0, 0, 127, 1),
	(103655, 6352, 1, 1, 1, 0, 0, 127, 1),
	(103655, 7350, 1, 1, 1, 0, 0, 127, 1),
	(103655, 7351, 1, 1, 1, 0, 0, 127, 1),
	(103655, 7352, 1, 1, 1, 0, 0, 127, 1),
	(103655, 30979, 1, 1, 1, 0, 0, 127, 1),
	(103655, 30981, 1, 1, 1, 0, 0, 127, 1),
	(103655, 30982, 1, 1, 1, 0, 0, 127, 1),
	(103903, 10009, 1, 1, 1, 0, 0, 127, 1),
	(103903, 13005, 1, 0, 1, 0, 0, 127, 1),
	(103903, 13006, 1, 0, 1, 0, 0, 127, 1),
	(103903, 13007, 1, 0, 1, 0, 0, 127, 1),
	(103903, 13008, 1, 0, 1, 0, 0, 127, 1),
	(103903, 13009, 1, 0, 1, 0, 0, 127, 1),
	(103903, 13016, 1, 0, 1, 0, 0, 127, 1),
	(103903, 13032, 1, 0, 1, 0, 0, 127, 1),
	(103903, 13039, 1, 0, 1, 0, 0, 127, 1),
	(103903, 17002, 1, 0, 1, 0, 0, 127, 1),
	(103903, 17003, 1, 0, 1, 0, 0, 127, 1),
	(103903, 17004, 1, 0, 1, 0, 0, 127, 1),
	(103903, 17005, 1, 0, 1, 0, 0, 127, 1),
	(103903, 17006, 1, 0, 1, 0, 0, 127, 1),
	(103987, 13372, 1, 0, 25, 0, 0, 127, 1),
	(103987, 13373, 1, 0, 15, 0, 0, 127, 1),
	(103987, 13374, 1, 0, 20, 0, 0, 127, 1),
	(103987, 13409, 1, 0, 20, 0, 0, 127, 1),
	(103987, 22134, 1, 0, 5, 0, 0, 127, 1),
	(103987, 22524, 1, 0, 15, 0, 0, 127, 1),
	(105217, 20109, 1, 1, 3, 0, 0, 127, 1),
	(105217, 20110, 1, 1, 3, 0, 0, 127, 1),
	(105217, 20112, 1, 1, 3, 0, 0, 127, 1),
	(105217, 20113, 1, 1, 3, 0, 0, 127, 1),
	(105217, 20114, 1, 1, 3, 0, 0, 127, 1),
	(105217, 20117, 1, 1, 3, 0, 0, 127, 1),
	(105217, 20118, 1, 1, 3, 0, 0, 127, 1),
	(105240, 3620, 1, 1, 5, 0, 0, 127, 1),
	(105240, 3621, 1, 1, 5, 0, 0, 127, 1),
	(105240, 3622, 1, 1, 5, 0, 0, 127, 1),
	(105240, 3623, 1, 1, 5, 0, 0, 127, 1),
	(105240, 3624, 1, 1, 5, 0, 0, 127, 1),
	(105240, 3626, 1, 1, 5, 0, 0, 127, 1),
	(105240, 3627, 1, 1, 5, 0, 0, 127, 1),
	(105240, 3628, 1, 1, 5, 0, 0, 127, 1),
	(105240, 3629, 1, 1, 5, 0, 0, 127, 1),
	(105240, 3630, 1, 1, 5, 0, 0, 127, 1),
	(105256, 10396, 1, 0, 3, 0, 0, 127, 1),
	(105256, 10397, 1, 0, 2, 0, 0, 127, 1),
	(105256, 10468, 1, 0, 1, 0, 0, 127, 1),
	(105256, 10469, 1, 0, 1, 0, 0, 127, 1),
	(105495, 5350, 1, 1, 4, 0, 0, 127, 1),
	(105495, 5351, 1, 1, 4, 0, 0, 127, 1),
	(105495, 5352, 1, 1, 4, 0, 0, 127, 1),
	(105495, 5353, 1, 1, 4, 0, 0, 127, 1),
	(105495, 6350, 1, 1, 4, 0, 0, 127, 1),
	(105495, 6351, 1, 1, 4, 0, 0, 127, 1),
	(105495, 6352, 1, 1, 4, 0, 0, 127, 1),
	(105495, 7350, 1, 1, 4, 0, 0, 127, 1),
	(105495, 7351, 1, 1, 4, 0, 0, 127, 1),
	(105495, 7352, 1, 1, 4, 0, 0, 127, 1),
	(105495, 30979, 1, 1, 4, 0, 0, 127, 1),
	(105495, 30982, 1, 1, 4, 0, 0, 127, 1),
	(105792, 16556, 1, 0, 25, 0, 0, 127, 1),
	(105792, 16559, 1, 0, 25, 0, 0, 127, 1),
	(105797, 11738, 1, 0, 2, 0, 0, 127, 1),
	(105797, 11739, 1, 0, 2, 0, 0, 127, 1),
	(105797, 11740, 1, 0, 2, 0, 0, 127, 1),
	(105797, 11741, 1, 0, 2, 0, 0, 127, 1),
	(105797, 11742, 1, 0, 2, 0, 0, 127, 1),
	(105797, 11786, 1, 0, 2, 0, 0, 127, 1),
	(105797, 11787, 1, 0, 2, 0, 0, 127, 1),
	(105797, 11788, 1, 0, 2, 0, 0, 127, 1),
	(105797, 11810, 1, 0, 2, 0, 0, 127, 1),
	(105797, 11813, 1, 0, 2, 0, 0, 127, 1),
	(105797, 11814, 1, 0, 2, 0, 0, 127, 1),
	(105797, 11815, 1, 0, 2, 0, 0, 127, 1),
	(105797, 11816, 1, 0, 2, 0, 0, 127, 1),
	(105797, 11817, 1, 0, 2, 0, 0, 127, 1),
	(105797, 11818, 1, 0, 2, 0, 0, 127, 1),
	(105797, 16024, 1, 0, 2, 0, 0, 127, 1),
	(105797, 16054, 1, 0, 2, 0, 0, 127, 1),
	(105797, 16068, 1, 0, 2, 0, 0, 127, 1),
	(105797, 16069, 1, 0, 2, 0, 0, 127, 1),
	(105797, 16070, 1, 0, 2, 0, 0, 127, 1),
	(105797, 16071, 1, 0, 2, 0, 0, 127, 1),
	(105797, 16072, 1, 0, 2, 0, 0, 127, 1),
	(105797, 16073, 1, 0, 2, 0, 0, 127, 1),
	(105798, 11743, 1, 0, 2, 0, 0, 127, 1),
	(105798, 11744, 1, 0, 2, 0, 0, 127, 1),
	(105798, 11745, 1, 0, 2, 0, 0, 127, 1),
	(105798, 11746, 1, 0, 2, 0, 0, 127, 1),
	(105798, 11788, 1, 0, 2, 0, 0, 127, 1),
	(105798, 11789, 1, 0, 2, 0, 0, 127, 1),
	(105798, 11790, 1, 0, 2, 0, 0, 127, 1),
	(105798, 11791, 1, 0, 2, 0, 0, 127, 1),
	(105798, 11811, 1, 0, 2, 0, 0, 127, 1),
	(105798, 11812, 1, 0, 2, 0, 0, 127, 1),
	(105798, 11819, 1, 0, 2, 0, 0, 127, 1),
	(105798, 11820, 1, 0, 2, 0, 0, 127, 1),
	(105798, 11821, 1, 0, 2, 0, 0, 127, 1),
	(105798, 11822, 1, 0, 2, 0, 0, 127, 1),
	(105798, 11824, 1, 0, 2, 0, 0, 127, 1),
	(105798, 11825, 1, 0, 2, 0, 0, 127, 1),
	(105798, 11826, 1, 0, 2, 0, 0, 127, 1),
	(105798, 16039, 1, 0, 2, 0, 0, 127, 1),
	(105798, 16074, 1, 0, 2, 0, 0, 127, 1),
	(105798, 16075, 1, 0, 2, 0, 0, 127, 1),
	(105798, 16076, 1, 0, 2, 0, 0, 127, 1),
	(105798, 16077, 1, 0, 2, 0, 0, 127, 1),
	(105798, 16078, 1, 0, 2, 0, 0, 127, 1),
	(105798, 16079, 1, 0, 2, 0, 0, 127, 1),
	(105800, 11701, 1, 0, 2, 0, 0, 127, 1),
	(105800, 11702, 1, 0, 2, 0, 0, 127, 1),
	(105800, 11741, 1, 0, 2, 0, 0, 127, 1),
	(105800, 11746, 1, 0, 2, 0, 0, 127, 1),
	(105800, 11752, 1, 0, 2, 0, 0, 127, 1),
	(105800, 11753, 1, 0, 2, 0, 0, 127, 1),
	(105800, 11754, 1, 0, 2, 0, 0, 127, 1),
	(105800, 11755, 1, 0, 2, 0, 0, 127, 1),
	(105800, 11756, 1, 0, 2, 0, 0, 127, 1),
	(105800, 11757, 1, 0, 2, 0, 0, 127, 1),
	(105800, 11758, 1, 0, 2, 0, 0, 127, 1),
	(105800, 11760, 1, 0, 2, 0, 0, 127, 1),
	(105800, 11761, 1, 0, 2, 0, 0, 127, 1),
	(105800, 11762, 1, 0, 2, 0, 0, 127, 1),
	(105800, 11793, 1, 0, 2, 0, 0, 127, 1),
	(105800, 11794, 1, 0, 2, 0, 0, 127, 1),
	(105800, 11795, 1, 0, 2, 0, 0, 127, 1),
	(105800, 11796, 1, 0, 2, 0, 0, 127, 1),
	(105800, 11797, 1, 0, 2, 0, 0, 127, 1),
	(105800, 11801, 1, 0, 2, 0, 0, 127, 1),
	(105800, 11802, 1, 0, 2, 0, 0, 127, 1),
	(105800, 11815, 1, 0, 2, 0, 0, 127, 1),
	(105800, 11836, 1, 0, 2, 0, 0, 127, 1),
	(105800, 11837, 1, 0, 2, 0, 0, 127, 1),
	(105800, 11838, 1, 0, 2, 0, 0, 127, 1),
	(105800, 11839, 1, 0, 2, 0, 0, 127, 1),
	(105800, 11840, 1, 0, 2, 0, 0, 127, 1),
	(105800, 11841, 1, 0, 2, 0, 0, 127, 1),
	(105800, 11842, 1, 0, 2, 0, 0, 127, 1),
	(105800, 16087, 1, 0, 2, 0, 0, 127, 1),
	(105800, 16088, 1, 0, 2, 0, 0, 127, 1),
	(105800, 16089, 1, 0, 2, 0, 0, 127, 1),
	(105800, 16091, 1, 0, 2, 0, 0, 127, 1),
	(105800, 16092, 1, 0, 2, 0, 0, 127, 1),
	(105800, 16093, 1, 0, 2, 0, 0, 127, 1),
	(105801, 11704, 1, 0, 2, 0, 0, 127, 1),
	(105801, 11706, 1, 0, 2, 0, 0, 127, 1),
	(105801, 11707, 1, 0, 2, 0, 0, 127, 1),
	(105801, 11708, 1, 0, 2, 0, 0, 127, 1),
	(105801, 11709, 1, 0, 2, 0, 0, 127, 1),
	(105801, 11763, 1, 0, 2, 0, 0, 127, 1),
	(105801, 11764, 1, 0, 2, 0, 0, 127, 1),
	(105801, 11765, 1, 0, 2, 0, 0, 127, 1),
	(105801, 11766, 1, 0, 2, 0, 0, 127, 1),
	(105801, 11767, 1, 0, 2, 0, 0, 127, 1),
	(105801, 11768, 1, 0, 2, 0, 0, 127, 1),
	(105801, 11769, 1, 0, 2, 0, 0, 127, 1),
	(105801, 11774, 1, 0, 2, 0, 0, 127, 1),
	(105801, 11798, 1, 0, 2, 0, 0, 127, 1),
	(105801, 11799, 1, 0, 2, 0, 0, 127, 1),
	(105801, 11800, 1, 0, 2, 0, 0, 127, 1),
	(105801, 11801, 1, 0, 2, 0, 0, 127, 1),
	(105801, 11802, 1, 0, 2, 0, 0, 127, 1),
	(105801, 11836, 1, 0, 2, 0, 0, 127, 1),
	(105801, 11846, 1, 0, 2, 0, 0, 127, 1),
	(105801, 11847, 1, 0, 2, 0, 0, 127, 1),
	(105801, 11848, 1, 0, 2, 0, 0, 127, 1),
	(105801, 11849, 1, 0, 2, 0, 0, 127, 1),
	(105801, 11850, 1, 0, 2, 0, 0, 127, 1),
	(105801, 11851, 1, 0, 2, 0, 0, 127, 1),
	(105801, 11882, 1, 0, 2, 0, 0, 127, 1),
	(105801, 16037, 1, 0, 2, 0, 0, 127, 1),
	(105801, 16039, 1, 0, 2, 0, 0, 127, 1),
	(105828, 10001, 1, 1, 1, 0, 0, 127, 1),
	(105828, 10003, 1, 1, 1, 0, 0, 127, 1),
	(105828, 10022, 1, 0, 1, 0, 0, 127, 1),
	(105828, 10023, 1, 0, 1, 0, 0, 127, 1),
	(105828, 10024, 1, 0, 1, 0, 0, 127, 1),
	(105828, 10025, 1, 0, 1, 0, 0, 127, 1),
	(105828, 10040, 1, 1, 1, 0, 0, 127, 1),
	(105828, 10041, 1, 1, 1, 0, 0, 127, 1),
	(105828, 10042, 1, 1, 1, 0, 0, 127, 1),
	(105828, 10225, 1, 0, 1, 0, 0, 127, 1),
	(105828, 16976, 1, 0, 5, 0, 0, 127, 1),
	(105828, 22504, 1, 0, 1, 0, 0, 127, 1),
	(105831, 10036, 1, 0, 3, 0, 0, 127, 1),
	(105831, 10037, 1, 0, 3, 0, 0, 127, 1),
	(105831, 10053, 1, 0, 6, 0, 0, 127, 1),
	(105831, 22503, 1, 0, 3, 0, 0, 127, 1),
	(105838, 6350, 1, 1, 6, 0, 0, 127, 1),
	(105838, 6351, 1, 1, 6, 0, 0, 127, 1),
	(105838, 6352, 1, 1, 6, 0, 0, 127, 1),
	(105858, 1013, 1, 1, 3, 0, 0, 127, 1),
	(105858, 1014, 1, 1, 3, 0, 0, 127, 1),
	(105858, 1015, 1, 1, 3, 0, 0, 127, 1),
	(105858, 1016, 1, 1, 3, 0, 0, 127, 1),
	(105858, 1017, 1, 1, 3, 0, 0, 127, 1),
	(105858, 1018, 1, 1, 3, 0, 0, 127, 1),
	(105858, 1019, 1, 1, 3, 0, 0, 127, 1),
	(105858, 1020, 1, 1, 3, 0, 0, 127, 1),
	(105858, 1021, 1, 1, 3, 0, 0, 127, 1),
	(105858, 1022, 1, 1, 3, 0, 0, 127, 1),
	(105858, 1023, 1, 1, 3, 0, 0, 127, 1),
	(105858, 1024, 1, 1, 3, 0, 0, 127, 1),
	(105866, 5352, 1, 1, 30, 0, 0, 127, 1),
	(105875, 6011, 1, 1, 4, 0, 0, 127, 1),
	(105875, 6012, 1, 1, 4, 0, 0, 127, 1),
	(105875, 6016, 1, 1, 4, 0, 0, 127, 1),
	(105875, 6017, 1, 1, 4, 0, 0, 127, 1),
	(105875, 6018, 1, 1, 4, 0, 0, 127, 1),
	(105875, 6019, 1, 1, 4, 0, 0, 127, 1),
	(105875, 6021, 1, 1, 4, 0, 0, 127, 1),
	(105875, 6022, 1, 1, 4, 0, 0, 127, 1),
	(105875, 6023, 1, 1, 4, 0, 0, 127, 1),
	(105875, 6024, 1, 1, 4, 0, 0, 127, 1),
	(105875, 6025, 1, 1, 4, 0, 0, 127, 1),
	(105883, 2161, 1, 1, 3, 0, 0, 127, 1),
	(105883, 2162, 1, 1, 3, 0, 0, 127, 1),
	(105883, 2163, 1, 1, 3, 0, 0, 127, 1),
	(105883, 2164, 1, 1, 3, 0, 0, 127, 1),
	(105883, 2165, 1, 1, 3, 0, 0, 127, 1),
	(105883, 2166, 1, 1, 3, 0, 0, 127, 1),
	(105883, 2167, 1, 1, 3, 0, 0, 127, 1),
	(105883, 2168, 1, 1, 3, 0, 0, 127, 1),
	(105883, 2169, 1, 1, 3, 0, 0, 127, 1),
	(105883, 2170, 1, 1, 3, 0, 0, 127, 1),
	(105883, 2171, 1, 1, 3, 0, 0, 127, 1),
	(105883, 2172, 1, 1, 3, 0, 0, 127, 1),
	(105893, 7007, 1, 1, 5, 0, 0, 127, 1),
	(105893, 7008, 1, 1, 5, 0, 0, 127, 1),
	(105893, 7009, 1, 1, 5, 0, 0, 127, 1),
	(105893, 7010, 1, 1, 5, 0, 0, 127, 1),
	(105913, 2127, 1, 1, 2, 0, 0, 127, 1),
	(105913, 2161, 1, 1, 2, 0, 0, 127, 1),
	(105913, 2162, 1, 1, 2, 0, 0, 127, 1),
	(105913, 2163, 1, 1, 2, 0, 0, 127, 1),
	(105913, 2164, 1, 1, 2, 0, 0, 127, 1),
	(105913, 2165, 1, 1, 2, 0, 0, 127, 1),
	(105913, 2166, 1, 1, 2, 0, 0, 127, 1),
	(105913, 2167, 1, 1, 2, 0, 0, 127, 1),
	(105913, 2169, 1, 1, 2, 0, 0, 127, 1),
	(105913, 2170, 1, 1, 2, 0, 0, 127, 1),
	(105913, 2171, 1, 1, 2, 0, 0, 127, 1),
	(105913, 2172, 1, 1, 2, 0, 0, 127, 1),
	(105913, 3125, 1, 1, 2, 0, 0, 127, 1),
	(105913, 3126, 1, 1, 2, 0, 0, 127, 1),
	(105913, 3127, 1, 1, 2, 0, 0, 127, 1),
	(105913, 3128, 1, 1, 2, 0, 0, 127, 1),
	(105913, 3129, 1, 1, 2, 0, 0, 127, 1),
	(105913, 3130, 1, 1, 2, 0, 0, 127, 1),
	(105913, 3131, 1, 1, 2, 0, 0, 127, 1),
	(105913, 3132, 1, 1, 2, 0, 0, 127, 1),
	(105913, 3133, 1, 1, 2, 0, 0, 127, 1),
	(105913, 3134, 1, 1, 2, 0, 0, 127, 1),
	(105913, 3135, 1, 1, 2, 0, 0, 127, 1),
	(105913, 3136, 1, 1, 2, 0, 0, 127, 1),
	(105915, 7007, 1, 1, 4, 0, 0, 127, 1),
	(105915, 7008, 1, 1, 4, 0, 0, 127, 1),
	(105915, 7009, 1, 1, 4, 0, 0, 127, 1),
	(105915, 7010, 1, 1, 4, 0, 0, 127, 1),
	(105915, 7012, 1, 1, 4, 0, 0, 127, 1),
	(105915, 7013, 1, 1, 4, 0, 0, 127, 1),
	(105915, 7014, 1, 1, 4, 0, 0, 127, 1),
	(105915, 7015, 1, 1, 4, 0, 0, 127, 1),
	(105915, 7016, 1, 1, 4, 0, 0, 127, 1),
	(105915, 7350, 1, 1, 4, 0, 0, 127, 1),
	(105915, 7351, 1, 1, 4, 0, 0, 127, 1),
	(105915, 7352, 1, 1, 4, 0, 0, 127, 1),
	(105934, 2137, 1, 1, 2, 0, 0, 127, 1),
	(105934, 2138, 1, 1, 2, 0, 0, 127, 1),
	(105934, 2139, 1, 1, 2, 0, 0, 127, 1),
	(105934, 2140, 1, 1, 2, 0, 0, 127, 1),
	(105934, 2141, 1, 1, 2, 0, 0, 127, 1),
	(105934, 2142, 1, 1, 2, 0, 0, 127, 1),
	(105934, 2143, 1, 1, 2, 0, 0, 127, 1),
	(105934, 2144, 1, 1, 2, 0, 0, 127, 1),
	(105934, 2145, 1, 1, 2, 0, 0, 127, 1),
	(105934, 2146, 1, 1, 2, 0, 0, 127, 1),
	(105934, 2147, 1, 1, 2, 0, 0, 127, 1),
	(105934, 2148, 1, 1, 2, 0, 0, 127, 1),
	(105934, 2149, 1, 1, 2, 0, 0, 127, 1),
	(105934, 2150, 1, 1, 2, 0, 0, 127, 1),
	(105934, 2151, 1, 1, 2, 0, 0, 127, 1),
	(105934, 2152, 1, 1, 2, 0, 0, 127, 1),
	(105934, 2153, 1, 1, 2, 0, 0, 127, 1),
	(105934, 2154, 1, 1, 2, 0, 0, 127, 1),
	(105934, 2155, 1, 1, 2, 0, 0, 127, 1),
	(105934, 2156, 1, 1, 2, 0, 0, 127, 1),
	(105934, 2157, 1, 1, 2, 0, 0, 127, 1),
	(105934, 2158, 1, 1, 2, 0, 0, 127, 1),
	(105934, 2159, 1, 1, 2, 0, 0, 127, 1),
	(105934, 2160, 1, 1, 2, 0, 0, 127, 1),
	(105949, 13005, 1, 0, 1, 0, 0, 127, 1),
	(105949, 13006, 1, 0, 1, 0, 0, 127, 1),
	(105949, 13007, 1, 0, 1, 0, 0, 127, 1),
	(105949, 13008, 1, 0, 1, 0, 0, 127, 1),
	(105949, 13009, 1, 0, 1, 0, 0, 127, 1),
	(105949, 13015, 1, 0, 1, 0, 0, 127, 1),
	(105949, 13016, 1, 0, 1, 0, 0, 127, 1),
	(105949, 13018, 1, 0, 1, 0, 0, 127, 1),
	(105949, 13030, 1, 0, 1, 0, 0, 127, 1),
	(105949, 13031, 1, 0, 1, 0, 0, 127, 1),
	(105949, 13032, 1, 0, 1, 0, 0, 127, 1),
	(105949, 13033, 1, 0, 1, 0, 0, 127, 1),
	(105949, 13034, 1, 0, 1, 0, 0, 127, 1),
	(105949, 13039, 1, 0, 1, 0, 0, 127, 1),
	(105949, 13040, 1, 0, 1, 0, 0, 127, 1),
	(105949, 17001, 1, 0, 1, 0, 0, 127, 1),
	(105949, 17002, 1, 0, 1, 0, 0, 127, 1),
	(105949, 17003, 1, 0, 1, 0, 0, 127, 1),
	(105949, 17004, 1, 0, 1, 0, 0, 127, 1),
	(105949, 17005, 1, 0, 1, 0, 0, 127, 1),
	(105949, 17006, 1, 0, 1, 0, 0, 127, 1),
	(105949, 17007, 1, 0, 1, 0, 0, 127, 1),
	(105994, 1013, 1, 1, 2, 0, 0, 127, 1),
	(105994, 1014, 1, 1, 2, 0, 0, 127, 1),
	(105994, 1015, 1, 1, 2, 0, 0, 127, 1),
	(105994, 1016, 1, 1, 2, 0, 0, 127, 1),
	(105994, 1017, 1, 1, 2, 0, 0, 127, 1),
	(105994, 1018, 1, 1, 2, 0, 0, 127, 1),
	(105994, 1019, 1, 1, 2, 0, 0, 127, 1),
	(105994, 1020, 1, 1, 2, 0, 0, 127, 1),
	(105994, 1021, 1, 1, 2, 0, 0, 127, 1),
	(105994, 1022, 1, 1, 2, 0, 0, 127, 1),
	(105994, 1023, 1, 1, 2, 0, 0, 127, 1),
	(105994, 1024, 1, 1, 2, 0, 0, 127, 1),
	(105994, 2149, 1, 1, 2, 0, 0, 127, 1),
	(105994, 2150, 1, 1, 2, 0, 0, 127, 1),
	(105994, 2151, 1, 1, 2, 0, 0, 127, 1),
	(105994, 2152, 1, 1, 2, 0, 0, 127, 1),
	(105994, 2153, 1, 1, 2, 0, 0, 127, 1),
	(105994, 2154, 1, 1, 2, 0, 0, 127, 1),
	(105994, 2155, 1, 1, 2, 0, 0, 127, 1),
	(105994, 2156, 1, 1, 2, 0, 0, 127, 1),
	(105994, 2157, 1, 1, 2, 0, 0, 127, 1),
	(105994, 2158, 1, 1, 2, 0, 0, 127, 1),
	(105994, 2159, 1, 1, 2, 0, 0, 127, 1),
	(105994, 2160, 1, 1, 2, 0, 0, 127, 1),
	(106004, 1001, 1, 1, 1, 0, 0, 127, 1),
	(106004, 1002, 1, 1, 1, 0, 0, 127, 1),
	(106004, 1003, 1, 1, 1, 0, 0, 127, 1),
	(106004, 1004, 1, 1, 1, 0, 0, 127, 1),
	(106004, 1005, 1, 1, 1, 0, 0, 127, 1),
	(106004, 1006, 1, 1, 1, 0, 0, 127, 1),
	(106004, 1007, 1, 1, 1, 0, 0, 127, 1),
	(106004, 1008, 1, 1, 1, 0, 0, 127, 1),
	(106004, 1009, 1, 1, 1, 0, 0, 127, 1),
	(106004, 1010, 1, 1, 1, 0, 0, 127, 1),
	(106004, 1011, 1, 1, 1, 0, 0, 127, 1),
	(106004, 1012, 1, 1, 1, 0, 0, 127, 1),
	(106004, 1013, 1, 1, 1, 0, 0, 127, 1),
	(106004, 1014, 1, 1, 1, 0, 0, 127, 1),
	(106004, 1015, 1, 1, 1, 0, 0, 127, 1),
	(106004, 1016, 1, 1, 1, 0, 0, 127, 1),
	(106004, 1017, 1, 1, 1, 0, 0, 127, 1),
	(106004, 1018, 1, 1, 1, 0, 0, 127, 1),
	(106004, 1019, 1, 1, 1, 0, 0, 127, 1),
	(106004, 1020, 1, 1, 1, 0, 0, 127, 1),
	(106004, 1021, 1, 1, 1, 0, 0, 127, 1),
	(106004, 1022, 1, 1, 1, 0, 0, 127, 1),
	(106004, 1023, 1, 1, 1, 0, 0, 127, 1),
	(106004, 1024, 1, 1, 1, 0, 0, 127, 1),
	(106004, 2137, 1, 1, 1, 0, 0, 127, 1),
	(106004, 2138, 1, 1, 1, 0, 0, 127, 1),
	(106004, 2139, 1, 1, 1, 0, 0, 127, 1),
	(106004, 2140, 1, 1, 1, 0, 0, 127, 1),
	(106004, 2141, 1, 1, 1, 0, 0, 127, 1),
	(106004, 2142, 1, 1, 1, 0, 0, 127, 1),
	(106004, 2143, 1, 1, 1, 0, 0, 127, 1),
	(106004, 2144, 1, 1, 1, 0, 0, 127, 1),
	(106004, 2145, 1, 1, 1, 0, 0, 127, 1),
	(106004, 2146, 1, 1, 1, 0, 0, 127, 1),
	(106004, 2147, 1, 1, 1, 0, 0, 127, 1),
	(106004, 2148, 1, 1, 1, 0, 0, 127, 1),
	(106006, 1001, 1, 1, 2, 0, 0, 127, 1),
	(106006, 1002, 1, 1, 2, 0, 0, 127, 1),
	(106006, 1003, 1, 1, 2, 0, 0, 127, 1),
	(106006, 1004, 1, 1, 2, 0, 0, 127, 1),
	(106006, 1005, 1, 1, 2, 0, 0, 127, 1),
	(106006, 1006, 1, 1, 2, 0, 0, 127, 1),
	(106006, 1007, 1, 1, 2, 0, 0, 127, 1),
	(106006, 1008, 1, 1, 2, 0, 0, 127, 1),
	(106006, 1009, 1, 1, 2, 0, 0, 127, 1),
	(106006, 1010, 1, 1, 2, 0, 0, 127, 1),
	(106006, 1011, 1, 1, 2, 0, 0, 127, 1),
	(106006, 1012, 1, 1, 2, 0, 0, 127, 1),
	(106006, 1013, 1, 1, 2, 0, 0, 127, 1),
	(106006, 1014, 1, 1, 2, 0, 0, 127, 1),
	(106006, 1015, 1, 1, 2, 0, 0, 127, 1),
	(106006, 1016, 1, 1, 2, 0, 0, 127, 1),
	(106006, 1017, 1, 1, 2, 0, 0, 127, 1),
	(106006, 1018, 1, 1, 2, 0, 0, 127, 1),
	(106006, 1019, 1, 1, 2, 0, 0, 127, 1),
	(106006, 1020, 1, 1, 2, 0, 0, 127, 1),
	(106006, 1021, 1, 1, 2, 0, 0, 127, 1),
	(106006, 1022, 1, 1, 2, 0, 0, 127, 1),
	(106006, 1023, 1, 1, 2, 0, 0, 127, 1),
	(106006, 1024, 1, 1, 2, 0, 0, 127, 1),
	(106034, 13791, 1, 0, 25, 0, 0, 127, 1),
	(106062, 13028, 1, 0, 1, 0, 0, 127, 1),
	(106142, 13507, 1, 1, 100, 0, 0, 127, 1),
	(106143, 13019, 1, 0, 20, 0, 0, 127, 1),
	(106143, 13085, 1, 0, 20, 0, 0, 127, 1),
	(106143, 13087, 1, 0, 20, 0, 0, 127, 1),
	(106143, 13716, 1, 0, 20, 0, 0, 127, 1),
	(106143, 13998, 1, 0, 20, 0, 0, 127, 1),
	(106484, 4394, 1, 1, 0.5, 0, 0, 127, 1),
	(106484, 6692, 1, 1, 1, 0, 0, 127, 1),
	(106842, 10036, 1, 0, 1, 0, 0, 127, 1),
	(106842, 10037, 1, 0, 1, 0, 0, 127, 1),
	(106842, 10053, 1, 0, 3, 0, 0, 127, 1),
	(106842, 22503, 1, 0, 1, 0, 0, 127, 1),
	(10227, 13164, 1, 0, 45, 0, 0, 127, 1),
	(10227, 16985, 1, 0, 30, 0, 0, 127, 1),
	(98900, 12160, 1, 0, 40, 0, 0, 127, 1),
	(98900, 13085, 1, 0, 40, 0, 0, 127, 1),
	(105130, 5100, 1, 1, 10, 0, 0, 127, 1),
	(105130, 5101, 1, 1, 10, 0, 0, 127, 1),
	(105130, 5102, 1, 1, 10, 0, 0, 127, 1),
	(105130, 5103, 1, 1, 10, 0, 0, 127, 1),
	(105130, 5104, 1, 1, 10, 0, 0, 127, 1),
	(105130, 5106, 1, 1, 10, 0, 0, 127, 1),
	(105130, 6100, 1, 1, 10, 0, 0, 127, 1),
	(105130, 6101, 1, 1, 10, 0, 0, 127, 1),
	(105130, 6102, 1, 1, 10, 0, 0, 127, 1),
	(105130, 7100, 1, 1, 10, 0, 0, 127, 1),
	(105130, 7101, 1, 1, 10, 0, 0, 127, 1),
	(105131, 2309, 1, 0, 3, 0, 0, 127, 1),
	(105131, 2353, 1, 1, 3, 0, 0, 127, 1),
	(105131, 2368, 1, 1, 3, 0, 0, 127, 1),
	(105131, 10085, 1, 0, 3, 0, 0, 127, 1),
	(105131, 10528, 1, 1, 3, 0, 0, 127, 1),
	(105131, 10529, 1, 1, 3, 0, 0, 127, 1),
	(105131, 13180, 1, 0, 3, 0, 0, 127, 1),
	(105131, 13234, 1, 0, 3, 0, 0, 127, 1),
	(105131, 22518, 1, 0, 10, 0, 0, 127, 1),
	(105053, 10555, 1, 0, 50, 0, 0, 127, 1),
	(105799, 11747, 1, 0, 2, 0, 0, 127, 1),
	(105799, 11748, 1, 0, 2, 0, 0, 127, 1),
	(105799, 11749, 1, 0, 2, 0, 0, 127, 1),
	(105799, 11750, 1, 0, 2, 0, 0, 127, 1),
	(105799, 11751, 1, 0, 2, 0, 0, 127, 1),
	(105799, 11752, 1, 0, 2, 0, 0, 127, 1),
	(105799, 11753, 1, 0, 2, 0, 0, 127, 1),
	(105799, 11789, 1, 0, 2, 0, 0, 127, 1),
	(105799, 11790, 1, 0, 2, 0, 0, 127, 1),
	(105799, 11791, 1, 0, 2, 0, 0, 127, 1),
	(105799, 11792, 1, 0, 2, 0, 0, 127, 1),
	(105799, 11794, 1, 0, 2, 0, 0, 127, 1),
	(105799, 11796, 1, 0, 2, 0, 0, 127, 1),
	(105799, 11815, 1, 0, 2, 0, 0, 127, 1),
	(105799, 11820, 1, 0, 2, 0, 0, 127, 1),
	(105799, 11823, 1, 0, 2, 0, 0, 127, 1),
	(105799, 11827, 1, 0, 2, 0, 0, 127, 1),
	(105799, 11829, 1, 0, 2, 0, 0, 127, 1),
	(105799, 11831, 1, 0, 2, 0, 0, 127, 1),
	(105799, 11832, 1, 0, 2, 0, 0, 127, 1),
	(105799, 11833, 1, 0, 2, 0, 0, 127, 1),
	(105799, 11834, 1, 0, 2, 0, 0, 127, 1),
	(105799, 11835, 1, 0, 2, 0, 0, 127, 1),
	(105799, 11871, 1, 0, 2, 0, 0, 127, 1),
	(105799, 16039, 1, 0, 2, 0, 0, 127, 1),
	(105799, 16080, 1, 0, 2, 0, 0, 127, 1),
	(105799, 16081, 1, 0, 2, 0, 0, 127, 1),
	(105799, 16082, 1, 0, 2, 0, 0, 127, 1),
	(105799, 16083, 1, 0, 2, 0, 0, 127, 1),
	(105799, 16084, 1, 0, 2, 0, 0, 127, 1),
	(105799, 16086, 1, 0, 2, 0, 0, 127, 1),
	(105953, 13085, 1, 0, 60, 0, 0, 127, 1),
	(105953, 13406, 1, 0, 20, 0, 0, 127, 1),
	(5466, 7886, 1, 0, 5, 0, 0, 127, 1),
	(5466, 10019, 1, 0, 5, 0, 0, 127, 1),
	(5466, 10039, 1, 1, 5, 0, 0, 127, 1),
	(5466, 10072, 1, 1, 5, 0, 0, 127, 1),
	(5466, 22123, 1, 0, 5, 0, 0, 127, 1),
	(97605, 22124, 1, 0, 3, 0, 0, 127, 1),
	(97605, 22125, 1, 0, 3, 0, 0, 127, 1),
	(22344, 1684, 1, 0, 100, 0, 0, 127, 1),
	(11889, 18828, 1, 0, 100, 0, 0, 127, 1),
	(102042, 13886, 1, 0, 90, 0, 0, 127, 1);

INSERT INTO `spawn2` (`id`, `spawngroupID`, `zone`, `version`, `x`, `y`, `z`, `heading`, `respawntime`, `variance`, `pathgrid`, `_condition`, `cond_value`, `enabled`, `animation`)
VALUES
	(340000, 500113, 'legacylavastorm', 0, 434.000000, -467.000000, 36.799999, 171.331467, 1200, 0, 83, 0, 1, 1, 0),
	(340001, 500002, 'legacylavastorm', 0, -89.000000, -426.000000, 110.199997, 499.716797, 1200, 0, 0, 0, 1, 1, 0),
	(340002, 500003, 'legacylavastorm', 0, -198.000000, -2121.000000, -17.000000, 499.716797, 1200, 0, 82, 0, 1, 1, 0),
	(340003, 500055, 'legacylavastorm', 0, 459.000000, -644.000000, 33.700001, 118.300278, 1200, 0, 33, 0, 1, 1, 0),
	(340004, 500004, 'legacylavastorm', 0, 801.000000, 220.000000, 18.799999, 246.798798, 1200, 0, 64, 0, 1, 1, 0),
	(340005, 500008, 'legacylavastorm', 0, 1032.000000, -34.000000, 53.900002, 293.710999, 1200, 0, 1, 0, 1, 1, 0),
	(340006, 500008, 'legacylavastorm', 0, 207.000000, -519.000000, 115.699997, 324.306000, 1200, 0, 2, 0, 1, 1, 0),
	(340007, 500041, 'legacylavastorm', 0, -590.000000, -856.000000, -2.100000, 271.274811, 1200, 0, 52, 0, 1, 1, 0),
	(340008, 500008, 'legacylavastorm', 0, 868.000000, -517.000000, 16.700001, 150.934845, 1200, 0, 3, 0, 1, 1, 0),
	(340009, 500041, 'legacylavastorm', 0, 614.000000, -971.000000, 40.700001, 87.705383, 1200, 0, 53, 0, 1, 1, 0),
	(340010, 500055, 'legacylavastorm', 0, 1224.000000, 749.000000, 30.299999, 75.467422, 1200, 0, 34, 0, 1, 1, 0),
	(340011, 500055, 'legacylavastorm', 0, -311.000000, 152.000000, 41.299999, 393.654388, 1200, 0, 35, 0, 1, 1, 0),
	(340012, 500008, 'legacylavastorm', 0, -49.000000, 204.000000, 17.000000, 0.000000, 1200, 0, 4, 0, 1, 1, 0),
	(340013, 500124, 'legacylavastorm', 0, -77.000000, -410.000000, 110.699997, 318.187012, 1200, 0, 0, 0, 1, 1, 0),
	(340014, 500008, 'legacylavastorm', 0, 758.000000, -1173.000000, 48.900002, 367.138794, 1200, 0, 5, 0, 1, 1, 0),
	(340015, 500034, 'legacylavastorm', 0, -186.000000, -947.000000, 75.699997, 324.306000, 1200, 0, 41, 0, 1, 1, 0),
	(340016, 500041, 'legacylavastorm', 0, 1228.000000, 221.000000, 41.700001, 0.000000, 1200, 0, 54, 0, 1, 1, 0),
	(340017, 500055, 'legacylavastorm', 0, 1148.000000, 822.000000, 55.799999, 6.118980, 1200, 0, 36, 0, 1, 1, 0),
	(340018, 500008, 'legacylavastorm', 0, 1259.000000, 496.000000, 21.700001, 18.356941, 1200, 0, 6, 0, 1, 1, 0),
	(340019, 500055, 'legacylavastorm', 0, -319.000000, 26.000000, 18.900000, 273.314392, 1200, 0, 37, 0, 1, 1, 0),
	(340020, 500004, 'legacylavastorm', 0, 738.000000, -451.000000, 86.000000, 203.966003, 1200, 0, 65, 0, 1, 1, 0),
	(340021, 500018, 'legacylavastorm', 0, 939.000000, -327.000000, -0.400000, 242.719604, 1200, 0, 0, 0, 1, 1, 0),
	(340022, 500019, 'legacylavastorm', 0, 923.000000, -372.000000, 0.500000, 185.609055, 1200, 0, 0, 0, 1, 1, 0),
	(340023, 500017, 'legacylavastorm', 0, 929.000000, -408.000000, 3.300000, 475.240814, 1200, 0, 0, 0, 1, 1, 0),
	(340024, 500016, 'legacylavastorm', 0, 951.000000, -359.000000, 3.700000, 428.328613, 1200, 0, 0, 0, 1, 1, 0),
	(340025, 500008, 'legacylavastorm', 0, 59.000000, -77.000000, 29.900000, 112.181297, 1200, 0, 7, 0, 1, 1, 0),
	(340026, 500008, 'legacylavastorm', 0, -656.000000, -329.000000, 27.500000, 246.798798, 1200, 0, 8, 0, 1, 1, 0),
	(340027, 500041, 'legacylavastorm', 0, 1212.000000, 433.000000, 60.799999, 46.912182, 1200, 0, 55, 0, 1, 1, 0),
	(340028, 500008, 'legacylavastorm', 0, 661.000000, 18.000000, 12.700000, 108.101982, 1200, 0, 9, 0, 1, 1, 0),
	(340029, 500008, 'legacylavastorm', 0, 745.000000, 275.000000, 24.900000, 0.000000, 1200, 0, 10, 0, 1, 1, 0),
	(340030, 500008, 'legacylavastorm', 0, -350.000000, -416.000000, 40.799999, 197.847046, 1200, 0, 11, 0, 1, 1, 0),
	(340031, 500008, 'legacylavastorm', 0, 456.000000, -368.000000, 26.200001, 91.784698, 1200, 0, 12, 0, 1, 1, 0),
	(340032, 500041, 'legacylavastorm', 0, 1092.000000, 550.000000, 50.599998, 246.798798, 1200, 0, 56, 0, 1, 1, 0),
	(340033, 500008, 'legacylavastorm', 0, 494.000000, -380.000000, 79.199997, 287.592010, 1200, 0, 13, 0, 1, 1, 0),
	(340034, 500055, 'legacylavastorm', 0, 917.000000, -1222.000000, 12.500000, 152.974503, 1200, 0, 38, 0, 1, 1, 0),
	(340035, 500041, 'legacylavastorm', 0, -243.000000, -387.000000, 78.599998, 238.640198, 1200, 0, 57, 0, 1, 1, 0),
	(340036, 500062, 'legacylavastorm', 0, 1367.000000, 982.000000, 126.300003, 165.212463, 1200, 0, 0, 0, 1, 1, 0),
	(340037, 500038, 'legacylavastorm', 0, 746.000000, -909.000000, 124.400002, 28.555241, 1200, 0, 0, 0, 1, 1, 0),
	(340038, 500038, 'legacylavastorm', 0, 735.000000, -920.000000, 122.400002, 28.555241, 1200, 0, 0, 0, 1, 1, 0),
	(340039, 500038, 'legacylavastorm', 0, 738.000000, -939.000000, 125.500000, 412.011414, 1200, 0, 0, 0, 1, 1, 0),
	(340040, 500038, 'legacylavastorm', 0, 727.000000, -950.000000, 123.500000, 412.011414, 1200, 0, 0, 0, 1, 1, 0),
	(340041, 500038, 'legacylavastorm', 0, 726.000000, -979.000000, 126.500000, 63.229462, 1200, 0, 0, 0, 1, 1, 0),
	(340042, 500043, 'legacylavastorm', 0, -682.000000, -92.000000, -23.900000, 0.000000, 1200, 0, 0, 0, 1, 1, 0),
	(340043, 500034, 'legacylavastorm', 0, 1092.000000, 564.000000, 46.599998, 89.745041, 1200, 0, 42, 0, 1, 1, 0),
	(340044, 500008, 'legacylavastorm', 0, -701.000000, 298.000000, 30.900000, 303.909393, 1200, 0, 14, 0, 1, 1, 0),
	(340045, 500008, 'legacylavastorm', 0, 887.000000, -1061.000000, 104.699997, 20.396601, 1200, 0, 15, 0, 1, 1, 0),
	(340046, 500008, 'legacylavastorm', 0, -798.000000, 333.000000, 29.400000, 375.297394, 1200, 0, 16, 0, 1, 1, 0),
	(340047, 500008, 'legacylavastorm', 0, -601.000000, -164.000000, 17.100000, 40.793201, 1200, 0, 17, 0, 1, 1, 0),
	(340048, 500004, 'legacylavastorm', 0, -310.000000, -542.000000, 32.099998, 6.118980, 1200, 0, 66, 0, 1, 1, 0),
	(340049, 500034, 'legacylavastorm', 0, -828.000000, 1050.000000, 40.200001, 297.790405, 1200, 0, 43, 0, 1, 1, 0),
	(340050, 500034, 'legacylavastorm', 0, -147.000000, -640.000000, 54.400002, 218.243607, 1200, 0, 44, 0, 1, 1, 0),
	(340051, 500034, 'legacylavastorm', 0, -695.000000, 977.000000, 59.099998, 254.957596, 1200, 0, 45, 0, 1, 1, 0),
	(340052, 500004, 'legacylavastorm', 0, -346.000000, 622.000000, 166.300003, 0.000000, 1200, 0, 67, 0, 1, 1, 0),
	(340053, 500004, 'legacylavastorm', 0, -532.000000, 814.000000, 70.199997, 4.079320, 1200, 0, 68, 0, 1, 1, 0),
	(340054, 500004, 'legacylavastorm', 0, -323.000000, 567.000000, 145.399994, 256.997192, 1200, 0, 69, 0, 1, 1, 0),
	(340055, 500055, 'legacylavastorm', 0, -287.000000, 1349.000000, 212.300003, 373.257812, 1200, 0, 39, 0, 1, 1, 0),
	(340056, 500008, 'legacylavastorm', 0, -505.000000, 289.000000, 30.600000, 277.393799, 1200, 0, 18, 0, 1, 1, 0),
	(340057, 500008, 'legacylavastorm', 0, -207.000000, 883.000000, 167.500000, 471.161407, 1200, 0, 19, 0, 1, 1, 0),
	(340058, 500008, 'legacylavastorm', 0, -690.000000, -398.000000, 12.700000, 295.750793, 1200, 0, 20, 0, 1, 1, 0),
	(340059, 500008, 'legacylavastorm', 0, -820.000000, 283.000000, 30.400000, 8.158640, 1200, 0, 21, 0, 1, 1, 0),
	(340060, 500008, 'legacylavastorm', 0, -351.000000, -541.000000, 35.799999, 516.033997, 1200, 0, 22, 0, 1, 1, 0),
	(340061, 500008, 'legacylavastorm', 0, -393.000000, 1216.000000, 123.699997, 8.158640, 1200, 0, 23, 0, 1, 1, 0),
	(340062, 500004, 'legacylavastorm', 0, 708.000000, 332.000000, 3.700000, 263.116211, 1200, 0, 70, 0, 1, 1, 0),
	(340063, 500008, 'legacylavastorm', 0, 1269.000000, -714.000000, -10.400000, 0.000000, 1200, 0, 24, 0, 1, 1, 0),
	(340064, 500034, 'legacylavastorm', 0, 681.000000, 437.000000, 51.622841, 481.359802, 1200, 0, 46, 0, 1, 1, 0),
	(340065, 500034, 'legacylavastorm', 0, 958.000000, -566.000000, 114.599998, 305.949005, 1200, 0, 47, 0, 1, 1, 0),
	(340066, 500041, 'legacylavastorm', 0, 1142.000000, -684.000000, -18.700001, 6.118980, 1200, 0, 58, 0, 1, 1, 0),
	(340067, 500008, 'legacylavastorm', 0, 835.000000, -509.000000, 24.700001, 305.949005, 1200, 0, 25, 0, 1, 1, 0),
	(340068, 500055, 'legacylavastorm', 0, 991.000000, -1024.000000, 35.900002, 289.631805, 1200, 0, 40, 0, 1, 1, 0),
	(340069, 500004, 'legacylavastorm', 0, 1030.000000, 220.000000, 7.700000, 320.226593, 1200, 0, 71, 0, 1, 1, 0),
	(340070, 500008, 'legacylavastorm', 0, 1103.000000, -240.000000, 57.900002, 520.113403, 1200, 0, 26, 0, 1, 1, 0),
	(340071, 500008, 'legacylavastorm', 0, 1145.000000, 438.000000, 36.400002, 234.561005, 1200, 0, 27, 0, 1, 1, 0),
	(340072, 500008, 'legacylavastorm', 0, 880.000000, -1018.000000, 105.000000, 261.076385, 1200, 0, 28, 0, 1, 1, 0),
	(340073, 500034, 'legacylavastorm', 0, 174.000000, 632.000000, 102.141296, 57.110481, 1200, 0, 48, 0, 1, 1, 0),
	(340074, 500034, 'legacylavastorm', 0, 1198.000000, 489.000000, -7.100000, 67.308777, 1200, 0, 49, 0, 1, 1, 0),
	(340075, 500004, 'legacylavastorm', 0, -129.000000, 520.000000, 55.700001, 395.694000, 1200, 0, 72, 0, 1, 1, 0),
	(340076, 500008, 'legacylavastorm', 0, 1015.000000, -290.000000, 12.200000, 509.915009, 1200, 0, 29, 0, 1, 1, 0),
	(340077, 500034, 'legacylavastorm', 0, 572.000000, -1140.000000, 19.700001, 412.011414, 1200, 0, 50, 0, 1, 1, 0),
	(340078, 500004, 'legacylavastorm', 0, 798.000000, 38.000000, 66.300003, 465.042389, 1200, 0, 73, 0, 1, 1, 0),
	(340079, 500004, 'legacylavastorm', 0, 971.366516, 662.027222, 60.916779, 120.339943, 1200, 0, 74, 0, 1, 1, 0),
	(340080, 500041, 'legacylavastorm', 0, 822.000000, -598.000000, 35.700001, 171.331467, 1200, 0, 59, 0, 1, 1, 0),
	(340081, 500004, 'legacylavastorm', 0, 1118.000000, 478.000000, 72.300003, 99.943336, 1200, 0, 75, 0, 1, 1, 0),
	(340082, 500004, 'legacylavastorm', 0, 1369.000000, 305.000000, 41.799999, 140.736542, 1200, 0, 76, 0, 1, 1, 0),
	(340083, 500041, 'legacylavastorm', 0, 920.000000, -596.000000, 121.800003, 501.756409, 1200, 0, 60, 0, 1, 1, 0),
	(340084, 500041, 'legacylavastorm', 0, -466.000000, 120.000000, 96.300003, 483.399414, 1200, 0, 61, 0, 1, 1, 0),
	(340085, 500041, 'legacylavastorm', 0, 1047.000000, 115.000000, 30.100000, 108.101982, 1200, 0, 62, 0, 1, 1, 0),
	(340086, 500034, 'legacylavastorm', 0, 1066.000000, 190.000000, 27.799999, 134.617554, 1200, 0, 51, 0, 1, 1, 0),
	(340087, 500041, 'legacylavastorm', 0, -601.000000, 86.000000, 93.699997, 391.614807, 1200, 0, 63, 0, 1, 1, 0),
	(340088, 500004, 'legacylavastorm', 0, -214.000000, -1028.000000, 96.000000, 299.829987, 1200, 0, 77, 0, 1, 1, 0),
	(340089, 500004, 'legacylavastorm', 0, 1325.000000, -1185.000000, 17.900000, 157.053818, 1200, 0, 78, 0, 1, 1, 0),
	(340090, 500008, 'legacylavastorm', 0, -211.000000, -1038.000000, 90.800003, 224.362595, 1200, 0, 30, 0, 1, 1, 0),
	(340091, 500008, 'legacylavastorm', 0, -383.000000, 436.000000, 68.300003, 59.150139, 1200, 0, 31, 0, 1, 1, 0),
	(340092, 500008, 'legacylavastorm', 0, 123.945503, 513.855713, 127.115303, 301.869598, 1200, 0, 32, 0, 1, 1, 0),
	(340093, 500004, 'legacylavastorm', 0, 1175.000000, -267.000000, 93.300003, 469.121796, 1200, 0, 79, 0, 1, 1, 0),
	(340094, 500050, 'legacylavastorm', 0, -648.000000, 1276.000000, 56.599998, 273.314392, 1200, 0, 0, 0, 1, 1, 0),
	(340095, 500027, 'legacylavastorm', 0, 288.000000, 1289.000000, 149.858902, 385.495789, 1200, 0, 81, 0, 1, 1, 0),
	(340096, 500027, 'legacylavastorm', 0, 573.604797, 1020.755005, 71.270866, 295.750793, 1200, 0, 80, 0, 1, 1, 0),
	(340097, 500027, 'legacylavastorm', 0, 550.000000, 744.000000, 185.451004, 246.798798, 1200, 0, 0, 0, 1, 1, 0),
	(340098, 500027, 'legacylavastorm', 0, 539.000000, 733.000000, 184.807999, 246.798798, 1200, 0, 0, 0, 1, 1, 0),
	(340099, 500027, 'legacylavastorm', 0, 552.000000, 820.000000, 190.988693, 460.963196, 1200, 0, 0, 0, 1, 1, 0),
	(340100, 500027, 'legacylavastorm', 0, 541.000000, 809.000000, 190.561005, 460.963196, 1200, 0, 0, 0, 1, 1, 0),
	(340101, 500027, 'legacylavastorm', 0, 508.000000, 791.000000, 189.767502, 18.356941, 1200, 0, 0, 0, 1, 1, 0),
	(340102, 500103, 'legacylavastorm', 0, 281.000000, -1520.000000, 11.700000, 0.000000, 1200, 0, 0, 0, 1, 1, 0),
	(340103, 500063, 'legacylavastorm', 0, 280.000000, -1519.000000, 12.100000, 0.000000, 1200, 0, 0, 0, 1, 1, 0),
	(365157, 500002, 'legacylavastorm', 0, -100.000000, -411.000000, 109.000000, 128.000000, 600, 0, 0, 0, 1, 1, 0),
	(365158, 5001040, 'legacylavastorm', 0, -557.000000, 1246.000000, 70.000000, 0.000000, 21600, 2160, 84, 0, 1, 1, 0),
	(368107, 5002506, 'legacylavastorm', 0, -817.000000, -1370.000000, -4.000000, 0.000000, 360, 0, 85, 0, 1, 1, 0);

INSERT INTO `spawnentry` (`spawngroupID`, `npcID`, `chance`)
VALUES
	(500113, 500113, 100),
	(500002, 500002, 100),
	(500003, 500003, 50),
	(500003, 500129, 50),
	(500055, 500000, 10),
	(500055, 500055, 45),
	(500055, 500128, 45),
	(500004, 500004, 100),
	(500008, 500008, 100),
	(500041, 500041, 100),
	(500124, 500124, 100),
	(500034, 500001, 1),
	(500034, 500005, 1),
	(500034, 500034, 49),
	(500034, 500126, 49),
	(500018, 500018, 100),
	(500019, 500019, 100),
	(500017, 500017, 100),
	(500016, 500016, 100),
	(500062, 500062, 100),
	(500038, 500038, 33),
	(500038, 500120, 33),
	(500038, 500122, 34),
	(500043, 500043, 100),
	(500050, 500050, 100),
	(500027, 500027, 100),
	(500103, 500103, 100),
	(500063, 500063, 100),
	(5001040, 500125, 100),
	(5002506, 500004, 32),
	(5002506, 500006, 2),
	(5002506, 500008, 34),
	(5002506, 500041, 32);

INSERT INTO `spawngroup` (`id`, `name`, `spawn_limit`, `dist`, `max_x`, `min_x`, `max_y`, `min_y`, `delay`, `mindelay`, `despawn`, `despawn_timer`)
VALUES
	(500113, 'lavastorm_a_fire_sprite1', 0, 0, 0, 0, 0, 0, 0, 15000, 0, 100),
	(500002, 'lavastorm_goblin_warrior2', 0, 0, 0, 0, 0, 0, 0, 15000, 0, 100),
	(500003, 'lavastorm_goblin_scout3', 0, 0, 0, 0, 0, 0, 0, 15000, 0, 100),
	(500055, 'lavastorm_a_fire_elemental4', 0, 0, 0, 0, 0, 0, 0, 15000, 0, 100),
	(500004, 'lavastorm_a_rock_dervish5', 0, 0, 0, 0, 0, 0, 0, 15000, 0, 100),
	(500008, 'lavastorm_a_fire_drake6', 0, 0, 0, 0, 0, 0, 0, 15000, 0, 100),
	(500041, 'lavastorm_a_lava_crawler8', 0, 0, 0, 0, 0, 0, 0, 15000, 0, 100),
	(500124, 'lavastorm_Hykallen14', 0, 0, 0, 0, 0, 0, 0, 15000, 0, 100),
	(500034, 'lavastorm_a_lava_basilisk16', 0, 0, 0, 0, 0, 0, 0, 15000, 0, 100),
	(500018, 'lavastorm_Tizina22', 0, 0, 0, 0, 0, 0, 0, 15000, 0, 100),
	(500019, 'lavastorm_Jenah_Wheelspinner23', 0, 0, 0, 0, 0, 0, 0, 15000, 0, 100),
	(500017, 'lavastorm_Cyspeth_Romtai24', 0, 0, 0, 0, 0, 0, 0, 15000, 0, 100),
	(500016, 'lavastorm_Jengo_Smirt25', 0, 0, 0, 0, 0, 0, 0, 15000, 0, 100),
	(500062, 'lavastorm_Tisiana37', 0, 0, 0, 0, 0, 0, 0, 15000, 0, 100),
	(500038, 'lavastorm_a_shadowed_man38', 0, 0, 0, 0, 0, 0, 0, 15000, 0, 100),
	(500043, 'lavastorm__43', 0, 0, 0, 0, 0, 0, 0, 15000, 0, 100),
	(500050, 'lavastorm_a_firescale_crocodile95', 0, 0, 0, 0, 0, 0, 0, 15000, 0, 100),
	(500027, 'lavastorm_a_fire_goblin_scout96', 0, 0, 0, 0, 0, 0, 0, 15000, 0, 100),
	(500103, 'lavastorm_Ruathcom103', 0, 0, 0, 0, 0, 0, 0, 15000, 0, 100),
	(500063, 'lavastorm_#Ruathey104', 0, 0, 0, 0, 0, 0, 0, 15000, 0, 100),
	(5001040, 'lavastorm_221040', 0, 0, 0, 0, 0, 0, 0, 15000, 0, 0),
	(5002506, 'lavastorm_222506', 0, 0, 0, 0, 0, 0, 0, 0, 0, 0);
